group,monitor,aqs_site_id,county,row_type,row,health_effects,period,period_start,period_end,value_shown,statistic,mean_ppb,screening_level_ppb,n_samples,n_weeks,coverage,coverage_flag,design_value,naaqs,dv_method,data_cutoff
Cancer Risk,Cesar Chavez [V] POC 1,48-201-6000,Harris,pollutant,"1,3-Butadiene",Cancer,2023,2023-01-01,2023-12-31,4.402,mean ÷ screening level,0.18704,0.04249,6600.0,,0.75342,,,,,2026-09-12
Cancer Risk,Cesar Chavez [V] POC 1,48-201-6000,Harris,pollutant,"1,3-Butadiene",Cancer,2024,2024-01-01,2024-12-31,3.7888,mean ÷ screening level,0.16099,0.04249,7062.0,,0.80396,,,,,2026-09-12
Cancer Risk,Cesar Chavez [V] POC 1,48-201-6000,Harris,pollutant,"1,3-Butadiene",Cancer,2025,2025-01-01,2025-12-31,4.2637,mean ÷ screening level,0.18117,0.04249,7252.0,,0.82785,,,,,2026-09-12
Cancer Risk,Cesar Chavez [V] POC 1,48-201-6000,Harris,pollutant,"1,3-Butadiene",Cancer,2026 YTD,2026-01-01,2026-09-12,1.808,mean ÷ screening level,0.07682,0.04249,5174.0,,0.84542,,,,,2026-09-12
Cancer Risk,Cesar Chavez [V] POC 1,48-201-6000,Harris,pollutant,"1,3-Butadiene",Cancer,Last 365 Days,2025-09-12,2026-09-12,2.9214,mean ÷ screening level,0.12413,0.04249,7407.0,,0.84324,,,,,2026-09-12
Cancer Risk,Cesar Chavez [V] POC 1,48-201-6000,Harris,pollutant,"1,3-Butadiene",Cancer,Sep 2026,2026-09-01,2026-09-30,0.4707,mean of weekly means ÷ screening level,0.02,0.04249,151.0,1.0,0.89881,,,,,2026-09-12
Cancer Risk,Cesar Chavez [V] POC 1,48-201-6000,Harris,pollutant,Benzene,Cancer,2023,2023-01-01,2023-12-31,2.4555,mean ÷ screening level,0.27671,0.11269,6730.0,,0.76826,,,,,2026-09-12
Cancer Risk,Cesar Chavez [V] POC 1,48-201-6000,Harris,pollutant,Benzene,Cancer,2024,2024-01-01,2024-12-31,3.1482,mean ÷ screening level,0.35477,0.11269,7062.0,,0.80396,,,,,2026-09-12
Cancer Risk,Cesar Chavez [V] POC 1,48-201-6000,Harris,pollutant,Benzene,Cancer,2025,2025-01-01,2025-12-31,2.8265,mean ÷ screening level,0.31851,0.11269,7252.0,,0.82785,,,,,2026-09-12
Cancer Risk,Cesar Chavez [V] POC 1,48-201-6000,Harris,pollutant,Benzene,Cancer,2026 YTD,2026-01-01,2026-09-12,1.8776,mean ÷ screening level,0.21159,0.11269,5217.0,,0.85245,,,,,2026-09-12
Cancer Risk,Cesar Chavez [V] POC 1,48-201-6000,Harris,pollutant,Benzene,Cancer,Last 365 Days,2025-09-12,2026-09-12,2.5691,mean ÷ screening level,0.2895,0.11269,7450.0,,0.84813,,,,,2026-09-12
Cancer Risk,Cesar Chavez [V] POC 1,48-201-6000,Harris,pollutant,Benzene,Cancer,Sep 2026,2026-09-01,2026-09-30,2.5059,mean of weekly means ÷ screening level,0.28238,0.11269,151.0,1.0,0.89881,,,,,2026-09-12
Cancer Risk,Cesar Chavez [V] POC 1,48-201-6000,Harris,total,Total (Combined),,2023,2023-01-01,2023-12-31,6.8575,sum of pollutant ratios,,,,,0.75342,,,,,2026-09-12
Cancer Risk,Cesar Chavez [V] POC 1,48-201-6000,Harris,total,Total (Combined),,2024,2024-01-01,2024-12-31,6.9371,sum of pollutant ratios,,,,,0.80396,,,,,2026-09-12
Cancer Risk,Cesar Chavez [V] POC 1,48-201-6000,Harris,total,Total (Combined),,2025,2025-01-01,2025-12-31,7.0901,sum of pollutant ratios,,,,,0.82785,,,,,2026-09-12
Cancer Risk,Cesar Chavez [V] POC 1,48-201-6000,Harris,total,Total (Combined),,2026 YTD,2026-01-01,2026-09-12,3.6856,sum of pollutant ratios,,,,,0.84542,,,,,2026-09-12
Cancer Risk,Cesar Chavez [V] POC 1,48-201-6000,Harris,total,Total (Combined),,Last 365 Days,2025-09-12,2026-09-12,5.4905,sum of pollutant ratios,,,,,0.84324,,,,,2026-09-12
Cancer Risk,Cesar Chavez [V] POC 1,48-201-6000,Harris,total,Total (Combined),,Sep 2026,2026-09-01,2026-09-30,2.9766,sum of pollutant ratios,,,,,0.89881,,,,,2026-09-12
Cancer Risk,Channelview Drive Water Tower [56] POC 2,48-201-0026,Harris,pollutant,"1,3-Butadiene",Cancer,2023,2023-01-01,2023-12-31,3.6027,mean ÷ screening level,0.15308,0.04249,7341.0,,0.83801,,,,,2026-09-12
Cancer Risk,Channelview Drive Water Tower [56] POC 2,48-201-0026,Harris,pollutant,"1,3-Butadiene",Cancer,2024,2024-01-01,2024-12-31,5.5935,mean ÷ screening level,0.23767,0.04249,6896.0,,0.78506,,,,,2026-09-12
Cancer Risk,Channelview Drive Water Tower [56] POC 2,48-201-0026,Harris,pollutant,"1,3-Butadiene",Cancer,2025,2025-01-01,2025-12-31,6.3594,mean ÷ screening level,0.27021,0.04249,6863.0,,0.78345,,,,,2026-09-12
Cancer Risk,Channelview Drive Water Tower [56] POC 2,48-201-0026,Harris,pollutant,"1,3-Butadiene",Cancer,2026 YTD,2026-01-01,2026-09-12,2.5957,mean ÷ screening level,0.11029,0.04249,5272.0,,0.86144,,,,,2026-09-12
Cancer Risk,Channelview Drive Water Tower [56] POC 2,48-201-0026,Harris,pollutant,"1,3-Butadiene",Cancer,Last 365 Days,2025-09-12,2026-09-12,3.1247,mean ÷ screening level,0.13277,0.04249,7452.0,,0.84836,,,,,2026-09-12
Cancer Risk,Channelview Drive Water Tower [56] POC 2,48-201-0026,Harris,pollutant,"1,3-Butadiene",Cancer,Sep 2026,2026-09-01,2026-09-30,1.4611,mean of weekly means ÷ screening level,0.06208,0.04249,149.0,1.0,0.8869,,,,,2026-09-12
Cancer Risk,Channelview Drive Water Tower [56] POC 2,48-201-0026,Harris,pollutant,Benzene,Cancer,2023,2023-01-01,2023-12-31,8.4311,mean ÷ screening level,0.95007,0.11269,7341.0,,0.83801,,,,,2026-09-12
Cancer Risk,Channelview Drive Water Tower [56] POC 2,48-201-0026,Harris,pollutant,Benzene,Cancer,2024,2024-01-01,2024-12-31,8.5947,mean ÷ screening level,0.96851,0.11269,6896.0,,0.78506,,,,,2026-09-12
Cancer Risk,Channelview Drive Water Tower [56] POC 2,48-201-0026,Harris,pollutant,Benzene,Cancer,2025,2025-01-01,2025-12-31,7.1853,mean ÷ screening level,0.80969,0.11269,6863.0,,0.78345,,,,,2026-09-12
Cancer Risk,Channelview Drive Water Tower [56] POC 2,48-201-0026,Harris,pollutant,Benzene,Cancer,2026 YTD,2026-01-01,2026-09-12,5.8852,mean ÷ screening level,0.66318,0.11269,5272.0,,0.86144,,,,,2026-09-12
Cancer Risk,Channelview Drive Water Tower [56] POC 2,48-201-0026,Harris,pollutant,Benzene,Cancer,Last 365 Days,2025-09-12,2026-09-12,6.1029,mean ÷ screening level,0.68772,0.11269,7452.0,,0.84836,,,,,2026-09-12
Cancer Risk,Channelview Drive Water Tower [56] POC 2,48-201-0026,Harris,pollutant,Benzene,Cancer,Sep 2026,2026-09-01,2026-09-30,6.9206,mean of weekly means ÷ screening level,0.77987,0.11269,149.0,1.0,0.8869,,,,,2026-09-12
Cancer Risk,Channelview Drive Water Tower [56] POC 2,48-201-0026,Harris,total,Total (Combined),,2023,2023-01-01,2023-12-31,12.0338,sum of pollutant ratios,,,,,0.83801,,,,,2026-09-12
Cancer Risk,Channelview Drive Water Tower [56] POC 2,48-201-0026,Harris,total,Total (Combined),,2024,2024-01-01,2024-12-31,14.1882,sum of pollutant ratios,,,,,0.78506,,,,,2026-09-12
Cancer Risk,Channelview Drive Water Tower [56] POC 2,48-201-0026,Harris,total,Total (Combined),,2025,2025-01-01,2025-12-31,13.5447,sum of pollutant ratios,,,,,0.78345,,,,,2026-09-12
Cancer Risk,Channelview Drive Water Tower [56] POC 2,48-201-0026,Harris,total,Total (Combined),,2026 YTD,2026-01-01,2026-09-12,8.4809,sum of pollutant ratios,,,,,0.86144,,,,,2026-09-12
Cancer Risk,Channelview Drive Water Tower [56] POC 2,48-201-0026,Harris,total,Total (Combined),,Last 365 Days,2025-09-12,2026-09-12,9.2276,sum of pollutant ratios,,,,,0.84836,,,,,2026-09-12
Cancer Risk,Channelview Drive Water Tower [56] POC 2,48-201-0026,Harris,total,Total (Combined),,Sep 2026,2026-09-01,2026-09-30,8.3817,sum of pollutant ratios,,,,,0.8869,,,,,2026-09-12
Cancer Risk,Channelview [R] POC 2,48-201-0026,Harris,pollutant,"1,3-Butadiene",Cancer,2023,2023-01-01,2023-12-31,3.275,mean ÷ screening level,0.13915,0.04249,6539.0,,0.74646,*,,,,2026-09-12
Cancer Risk,Channelview [R] POC 2,48-201-0026,Harris,pollutant,"1,3-Butadiene",Cancer,2024,2024-01-01,2024-12-31,7.5325,mean ÷ screening level,0.32006,0.04249,6906.0,,0.7862,,,,,2026-09-12
Cancer Risk,Channelview [R] POC 2,48-201-0026,Harris,pollutant,"1,3-Butadiene",Cancer,2025,2025-01-01,2025-12-31,5.9808,mean ÷ screening level,0.25412,0.04249,6999.0,,0.79897,,,,,2026-09-12
Cancer Risk,Channelview [R] POC 2,48-201-0026,Harris,pollutant,"1,3-Butadiene",Cancer,2026 YTD,2026-01-01,2026-09-12,2.7219,mean ÷ screening level,0.11565,0.04249,4852.0,,0.79281,,,,,2026-09-12
Cancer Risk,Channelview [R] POC 2,48-201-0026,Harris,pollutant,"1,3-Butadiene",Cancer,Last 365 Days,2025-09-12,2026-09-12,2.7033,mean ÷ screening level,0.11487,0.04249,7053.0,,0.80294,,,,,2026-09-12
Cancer Risk,Channelview [R] POC 2,48-201-0026,Harris,pollutant,"1,3-Butadiene",Cancer,Sep 2026,2026-09-01,2026-09-30,0.1543,mean of weekly means ÷ screening level,0.00656,0.04249,151.0,1.0,0.89881,,,,,2026-09-12
Cancer Risk,Channelview [R] POC 2,48-201-0026,Harris,pollutant,Benzene,Cancer,2023,2023-01-01,2023-12-31,3.5719,mean ÷ screening level,0.40251,0.11269,6582.0,,0.75137,,,,,2026-09-12
Cancer Risk,Channelview [R] POC 2,48-201-0026,Harris,pollutant,Benzene,Cancer,2024,2024-01-01,2024-12-31,4.112,mean ÷ screening level,0.46337,0.11269,6949.0,,0.7911,,,,,2026-09-12
Cancer Risk,Channelview [R] POC 2,48-201-0026,Harris,pollutant,Benzene,Cancer,2025,2025-01-01,2025-12-31,3.6573,mean ÷ screening level,0.41213,0.11269,7077.0,,0.80788,,,,,2026-09-12
Cancer Risk,Channelview [R] POC 2,48-201-0026,Harris,pollutant,Benzene,Cancer,2026 YTD,2026-01-01,2026-09-12,3.1095,mean ÷ screening level,0.3504,0.11269,4917.0,,0.80343,,,,,2026-09-12
Cancer Risk,Channelview [R] POC 2,48-201-0026,Harris,pollutant,Benzene,Cancer,Last 365 Days,2025-09-12,2026-09-12,3.3404,mean ÷ screening level,0.37642,0.11269,7173.0,,0.8166,,,,,2026-09-12
Cancer Risk,Channelview [R] POC 2,48-201-0026,Harris,pollutant,Benzene,Cancer,Sep 2026,2026-09-01,2026-09-30,5.1799,mean of weekly means ÷ screening level,0.58371,0.11269,151.0,1.0,0.89881,,,,,2026-09-12
Cancer Risk,Channelview [R] POC 2,48-201-0026,Harris,total,Total (Combined),,2023,2023-01-01,2023-12-31,6.8468,sum of pollutant ratios,,,,,0.74646,*,,,,2026-09-12
Cancer Risk,Channelview [R] POC 2,48-201-0026,Harris,total,Total (Combined),,2024,2024-01-01,2024-12-31,11.6445,sum of pollutant ratios,,,,,0.7862,,,,,2026-09-12
Cancer Risk,Channelview [R] POC 2,48-201-0026,Harris,total,Total (Combined),,2025,2025-01-01,2025-12-31,9.6381,sum of pollutant ratios,,,,,0.79897,,,,,2026-09-12
Cancer Risk,Channelview [R] POC 2,48-201-0026,Harris,total,Total (Combined),,2026 YTD,2026-01-01,2026-09-12,5.8314,sum of pollutant ratios,,,,,0.79281,,,,,2026-09-12
Cancer Risk,Channelview [R] POC 2,48-201-0026,Harris,total,Total (Combined),,Last 365 Days,2025-09-12,2026-09-12,6.0438,sum of pollutant ratios,,,,,0.80294,,,,,2026-09-12
Cancer Risk,Channelview [R] POC 2,48-201-0026,Harris,total,Total (Combined),,Sep 2026,2026-09-01,2026-09-30,5.3342,sum of pollutant ratios,,,,,0.89881,,,,,2026-09-12
Cancer Risk,Clinton [A] POC 2,48-201-1035,Harris,pollutant,"1,3-Butadiene",Cancer,2023,2023-01-01,2023-12-31,2.7791,mean ÷ screening level,0.11809,0.04249,7258.0,,0.82854,,,,,2026-09-12
Cancer Risk,Clinton [A] POC 2,48-201-1035,Harris,pollutant,"1,3-Butadiene",Cancer,2024,2024-01-01,2024-12-31,3.1745,mean ÷ screening level,0.13488,0.04249,6800.0,,0.77413,,,,,2026-09-12
Cancer Risk,Clinton [A] POC 2,48-201-1035,Harris,pollutant,"1,3-Butadiene",Cancer,2025,2025-01-01,2025-12-31,3.463,mean ÷ screening level,0.14715,0.04249,6761.0,,0.7718,,,,,2026-09-12
Cancer Risk,Clinton [A] POC 2,48-201-1035,Harris,pollutant,"1,3-Butadiene",Cancer,2026 YTD,2026-01-01,2026-09-12,2.8422,mean ÷ screening level,0.12077,0.04249,4991.0,,0.81552,,,,,2026-09-12
Cancer Risk,Clinton [A] POC 2,48-201-1035,Harris,pollutant,"1,3-Butadiene",Cancer,Last 365 Days,2025-09-12,2026-09-12,3.0581,mean ÷ screening level,0.12994,0.04249,7256.0,,0.82605,,,,,2026-09-12
Cancer Risk,Clinton [A] POC 2,48-201-1035,Harris,pollutant,"1,3-Butadiene",Cancer,Sep 2026,2026-09-01,2026-09-30,3.3681,mean of weekly means ÷ screening level,0.14311,0.04249,151.0,1.0,0.89881,,,,,2026-09-12
Cancer Risk,Clinton [A] POC 2,48-201-1035,Harris,pollutant,Benzene,Cancer,2023,2023-01-01,2023-12-31,1.8604,mean ÷ screening level,0.20964,0.11269,7258.0,,0.82854,,,,,2026-09-12
Cancer Risk,Clinton [A] POC 2,48-201-1035,Harris,pollutant,Benzene,Cancer,2024,2024-01-01,2024-12-31,1.643,mean ÷ screening level,0.18514,0.11269,6743.0,,0.76765,,,,,2026-09-12
Cancer Risk,Clinton [A] POC 2,48-201-1035,Harris,pollutant,Benzene,Cancer,2025,2025-01-01,2025-12-31,1.599,mean ÷ screening level,0.18019,0.11269,6814.0,,0.77785,,,,,2026-09-12
Cancer Risk,Clinton [A] POC 2,48-201-1035,Harris,pollutant,Benzene,Cancer,2026 YTD,2026-01-01,2026-09-12,0.9421,mean ÷ screening level,0.10616,0.11269,4991.0,,0.81552,,,,,2026-09-12
Cancer Risk,Clinton [A] POC 2,48-201-1035,Harris,pollutant,Benzene,Cancer,Last 365 Days,2025-09-12,2026-09-12,1.3922,mean ÷ screening level,0.15688,0.11269,7256.0,,0.82605,,,,,2026-09-12
Cancer Risk,Clinton [A] POC 2,48-201-1035,Harris,pollutant,Benzene,Cancer,Sep 2026,2026-09-01,2026-09-30,1.3305,mean of weekly means ÷ screening level,0.14993,0.11269,151.0,1.0,0.89881,,,,,2026-09-12
Cancer Risk,Clinton [A] POC 2,48-201-1035,Harris,total,Total (Combined),,2023,2023-01-01,2023-12-31,4.6395,sum of pollutant ratios,,,,,0.82854,,,,,2026-09-12
Cancer Risk,Clinton [A] POC 2,48-201-1035,Harris,total,Total (Combined),,2024,2024-01-01,2024-12-31,4.8174,sum of pollutant ratios,,,,,0.76765,,,,,2026-09-12
Cancer Risk,Clinton [A] POC 2,48-201-1035,Harris,total,Total (Combined),,2025,2025-01-01,2025-12-31,5.0621,sum of pollutant ratios,,,,,0.7718,,,,,2026-09-12
Cancer Risk,Clinton [A] POC 2,48-201-1035,Harris,total,Total (Combined),,2026 YTD,2026-01-01,2026-09-12,3.7843,sum of pollutant ratios,,,,,0.81552,,,,,2026-09-12
Cancer Risk,Clinton [A] POC 2,48-201-1035,Harris,total,Total (Combined),,Last 365 Days,2025-09-12,2026-09-12,4.4503,sum of pollutant ratios,,,,,0.82605,,,,,2026-09-12
Cancer Risk,Clinton [A] POC 2,48-201-1035,Harris,total,Total (Combined),,Sep 2026,2026-09-01,2026-09-30,4.6987,sum of pollutant ratios,,,,,0.89881,,,,,2026-09-12
Cancer Risk,Galena Park A1667 [53] [72] POC 6,48-201-0057,Harris,pollutant,"1,3-Butadiene",Cancer,2023,2023-01-01,2023-12-31,5.8417,mean ÷ screening level,0.24821,0.04249,7539.0,,0.86062,,,,,2026-09-12
Cancer Risk,Galena Park A1667 [53] [72] POC 6,48-201-0057,Harris,pollutant,"1,3-Butadiene",Cancer,2024,2024-01-01,2024-12-31,6.1123,mean ÷ screening level,0.25972,0.04249,7410.0,,0.84358,,,,,2026-09-12
Cancer Risk,Galena Park A1667 [53] [72] POC 6,48-201-0057,Harris,pollutant,"1,3-Butadiene",Cancer,2025,2025-01-01,2025-12-31,7.2183,mean ÷ screening level,0.30671,0.04249,7177.0,,0.81929,,,,,2026-09-12
Cancer Risk,Galena Park A1667 [53] [72] POC 6,48-201-0057,Harris,pollutant,"1,3-Butadiene",Cancer,2026 YTD,2026-01-01,2026-09-12,6.7687,mean ÷ screening level,0.2876,0.04249,4944.0,,0.80784,,,,,2026-09-12
Cancer Risk,Galena Park A1667 [53] [72] POC 6,48-201-0057,Harris,pollutant,"1,3-Butadiene",Cancer,Last 365 Days,2025-09-12,2026-09-12,7.1671,mean ÷ screening level,0.30453,0.04249,7139.0,,0.81273,,,,,2026-09-12
Cancer Risk,Galena Park A1667 [53] [72] POC 6,48-201-0057,Harris,pollutant,"1,3-Butadiene",Cancer,Sep 2026,2026-09-01,2026-09-30,12.0246,mean of weekly means ÷ screening level,0.51093,0.04249,151.0,1.0,0.89881,,,,,2026-09-12
Cancer Risk,Galena Park A1667 [53] [72] POC 6,48-201-0057,Harris,pollutant,Benzene,Cancer,2023,2023-01-01,2023-12-31,5.7075,mean ÷ screening level,0.64316,0.11269,7509.0,,0.85719,,,,,2026-09-12
Cancer Risk,Galena Park A1667 [53] [72] POC 6,48-201-0057,Harris,pollutant,Benzene,Cancer,2024,2024-01-01,2024-12-31,7.7486,mean ÷ screening level,0.87316,0.11269,7410.0,,0.84358,,,,,2026-09-12
Cancer Risk,Galena Park A1667 [53] [72] POC 6,48-201-0057,Harris,pollutant,Benzene,Cancer,2025,2025-01-01,2025-12-31,9.8953,mean ÷ screening level,1.11507,0.11269,7166.0,,0.81804,,,,,2026-09-12
Cancer Risk,Galena Park A1667 [53] [72] POC 6,48-201-0057,Harris,pollutant,Benzene,Cancer,2026 YTD,2026-01-01,2026-09-12,9.2789,mean ÷ screening level,1.04561,0.11269,4944.0,,0.80784,,,,,2026-09-12
Cancer Risk,Galena Park A1667 [53] [72] POC 6,48-201-0057,Harris,pollutant,Benzene,Cancer,Last 365 Days,2025-09-12,2026-09-12,10.147,mean ÷ screening level,1.14344,0.11269,7128.0,,0.81148,,,,,2026-09-12
Cancer Risk,Galena Park A1667 [53] [72] POC 6,48-201-0057,Harris,pollutant,Benzene,Cancer,Sep 2026,2026-09-01,2026-09-30,13.6121,mean of weekly means ÷ screening level,1.53391,0.11269,151.0,1.0,0.89881,,,,,2026-09-12
Cancer Risk,Galena Park A1667 [53] [72] POC 6,48-201-0057,Harris,total,Total (Combined),,2023,2023-01-01,2023-12-31,11.5492,sum of pollutant ratios,,,,,0.85719,,,,,2026-09-12
Cancer Risk,Galena Park A1667 [53] [72] POC 6,48-201-0057,Harris,total,Total (Combined),,2024,2024-01-01,2024-12-31,13.8609,sum of pollutant ratios,,,,,0.84358,,,,,2026-09-12
Cancer Risk,Galena Park A1667 [53] [72] POC 6,48-201-0057,Harris,total,Total (Combined),,2025,2025-01-01,2025-12-31,17.1136,sum of pollutant ratios,,,,,0.81804,,,,,2026-09-12
Cancer Risk,Galena Park A1667 [53] [72] POC 6,48-201-0057,Harris,total,Total (Combined),,2026 YTD,2026-01-01,2026-09-12,16.0476,sum of pollutant ratios,,,,,0.80784,,,,,2026-09-12
Cancer Risk,Galena Park A1667 [53] [72] POC 6,48-201-0057,Harris,total,Total (Combined),,Last 365 Days,2025-09-12,2026-09-12,17.3141,sum of pollutant ratios,,,,,0.81148,,,,,2026-09-12
Cancer Risk,Galena Park A1667 [53] [72] POC 6,48-201-0057,Harris,total,Total (Combined),,Sep 2026,2026-09-01,2026-09-30,25.6366,sum of pollutant ratios,,,,,0.89881,,,,,2026-09-12
Cancer Risk,HRM-16 Deer Park [48] POC 1,48-201-1614,Harris,pollutant,"1,3-Butadiene",Cancer,2023,2023-01-01,2023-12-31,4.7169,mean ÷ screening level,0.20042,0.04249,7471.0,,0.85285,,,,,2026-09-12
Cancer Risk,HRM-16 Deer Park [48] POC 1,48-201-1614,Harris,pollutant,"1,3-Butadiene",Cancer,2024,2024-01-01,2024-12-31,5.4789,mean ÷ screening level,0.2328,0.04249,7381.0,,0.84028,,,,,2026-09-12
Cancer Risk,HRM-16 Deer Park [48] POC 1,48-201-1614,Harris,pollutant,"1,3-Butadiene",Cancer,2025,2025-01-01,2025-12-31,11.6928,mean ÷ screening level,0.49683,0.04249,7604.0,,0.86804,,,,,2026-09-12
Cancer Risk,HRM-16 Deer Park [48] POC 1,48-201-1614,Harris,pollutant,"1,3-Butadiene",Cancer,2026 YTD,2026-01-01,2026-09-12,2.1312,mean ÷ screening level,0.09055,0.04249,5237.0,,0.85572,,,,,2026-09-12
Cancer Risk,HRM-16 Deer Park [48] POC 1,48-201-1614,Harris,pollutant,"1,3-Butadiene",Cancer,Last 365 Days,2025-09-12,2026-09-12,4.6031,mean ÷ screening level,0.19559,0.04249,7554.0,,0.85997,,,,,2026-09-12
Cancer Risk,HRM-16 Deer Park [48] POC 1,48-201-1614,Harris,pollutant,"1,3-Butadiene",Cancer,Sep 2026,2026-09-01,2026-09-30,1.2952,mean of weekly means ÷ screening level,0.05503,0.04249,151.0,1.0,0.89881,,,,,2026-09-12
Cancer Risk,HRM-16 Deer Park [48] POC 1,48-201-1614,Harris,pollutant,Benzene,Cancer,2023,2023-01-01,2023-12-31,5.4268,mean ÷ screening level,0.61153,0.11269,7459.0,,0.85148,,,,,2026-09-12
Cancer Risk,HRM-16 Deer Park [48] POC 1,48-201-1614,Harris,pollutant,Benzene,Cancer,2024,2024-01-01,2024-12-31,5.1044,mean ÷ screening level,0.5752,0.11269,7472.0,,0.85064,,,,,2026-09-12
Cancer Risk,HRM-16 Deer Park [48] POC 1,48-201-1614,Harris,pollutant,Benzene,Cancer,2025,2025-01-01,2025-12-31,3.9703,mean ÷ screening level,0.4474,0.11269,7585.0,,0.86587,,,,,2026-09-12
Cancer Risk,HRM-16 Deer Park [48] POC 1,48-201-1614,Harris,pollutant,Benzene,Cancer,2026 YTD,2026-01-01,2026-09-12,1.9859,mean ÷ screening level,0.22379,0.11269,5224.0,,0.85359,,,,,2026-09-12
Cancer Risk,HRM-16 Deer Park [48] POC 1,48-201-1614,Harris,pollutant,Benzene,Cancer,Last 365 Days,2025-09-12,2026-09-12,2.8513,mean ÷ screening level,0.3213,0.11269,7541.0,,0.85849,,,,,2026-09-12
Cancer Risk,HRM-16 Deer Park [48] POC 1,48-201-1614,Harris,pollutant,Benzene,Cancer,Sep 2026,2026-09-01,2026-09-30,1.7472,mean of weekly means ÷ screening level,0.19689,0.11269,151.0,1.0,0.89881,,,,,2026-09-12
Cancer Risk,HRM-16 Deer Park [48] POC 1,48-201-1614,Harris,total,Total (Combined),,2023,2023-01-01,2023-12-31,10.1437,sum of pollutant ratios,,,,,0.85148,,,,,2026-09-12
Cancer Risk,HRM-16 Deer Park [48] POC 1,48-201-1614,Harris,total,Total (Combined),,2024,2024-01-01,2024-12-31,10.5833,sum of pollutant ratios,,,,,0.84028,,,,,2026-09-12
Cancer Risk,HRM-16 Deer Park [48] POC 1,48-201-1614,Harris,total,Total (Combined),,2025,2025-01-01,2025-12-31,15.6631,sum of pollutant ratios,,,,,0.86587,,,,,2026-09-12
Cancer Risk,HRM-16 Deer Park [48] POC 1,48-201-1614,Harris,total,Total (Combined),,2026 YTD,2026-01-01,2026-09-12,4.1171,sum of pollutant ratios,,,,,0.85359,,,,,2026-09-12
Cancer Risk,HRM-16 Deer Park [48] POC 1,48-201-1614,Harris,total,Total (Combined),,Last 365 Days,2025-09-12,2026-09-12,7.4544,sum of pollutant ratios,,,,,0.85849,,,,,2026-09-12
Cancer Risk,HRM-16 Deer Park [48] POC 1,48-201-1614,Harris,total,Total (Combined),,Sep 2026,2026-09-01,2026-09-30,3.0424,sum of pollutant ratios,,,,,0.89881,,,,,2026-09-12
Cancer Risk,HRM-3 Haden Road [B] [22] POC 3,48-201-0803,Harris,pollutant,"1,3-Butadiene",Cancer,2023,2023-01-01,2023-12-31,2.7067,mean ÷ screening level,0.11501,0.04249,7422.0,,0.84726,,,,,2026-09-12
Cancer Risk,HRM-3 Haden Road [B] [22] POC 3,48-201-0803,Harris,pollutant,"1,3-Butadiene",Cancer,2024,2024-01-01,2024-12-31,3.752,mean ÷ screening level,0.15942,0.04249,6991.0,,0.79588,,,,,2026-09-12
Cancer Risk,HRM-3 Haden Road [B] [22] POC 3,48-201-0803,Harris,pollutant,"1,3-Butadiene",Cancer,2025,2025-01-01,2025-12-31,3.1728,mean ÷ screening level,0.13481,0.04249,7505.0,,0.85674,,,,,2026-09-12
Cancer Risk,HRM-3 Haden Road [B] [22] POC 3,48-201-0803,Harris,pollutant,"1,3-Butadiene",Cancer,2026 YTD,2026-01-01,2026-09-12,1.8902,mean ÷ screening level,0.08032,0.04249,5203.0,,0.85016,,,,,2026-09-12
Cancer Risk,HRM-3 Haden Road [B] [22] POC 3,48-201-0803,Harris,pollutant,"1,3-Butadiene",Cancer,Last 365 Days,2025-09-12,2026-09-12,2.1351,mean ÷ screening level,0.09072,0.04249,7491.0,,0.8528,,,,,2026-09-12
Cancer Risk,HRM-3 Haden Road [B] [22] POC 3,48-201-0803,Harris,pollutant,"1,3-Butadiene",Cancer,Sep 2026,2026-09-01,2026-09-30,2.5821,mean of weekly means ÷ screening level,0.10971,0.04249,139.0,1.0,0.82738,,,,,2026-09-12
Cancer Risk,HRM-3 Haden Road [B] [22] POC 3,48-201-0803,Harris,pollutant,Benzene,Cancer,2023,2023-01-01,2023-12-31,5.2412,mean ÷ screening level,0.59061,0.11269,7505.0,,0.85674,,,,,2026-09-12
Cancer Risk,HRM-3 Haden Road [B] [22] POC 3,48-201-0803,Harris,pollutant,Benzene,Cancer,2024,2024-01-01,2024-12-31,4.9605,mean ÷ screening level,0.55899,0.11269,6819.0,,0.7763,,,,,2026-09-12
Cancer Risk,HRM-3 Haden Road [B] [22] POC 3,48-201-0803,Harris,pollutant,Benzene,Cancer,2025,2025-01-01,2025-12-31,3.5343,mean ÷ screening level,0.39827,0.11269,7505.0,,0.85674,,,,,2026-09-12
Cancer Risk,HRM-3 Haden Road [B] [22] POC 3,48-201-0803,Harris,pollutant,Benzene,Cancer,2026 YTD,2026-01-01,2026-09-12,2.4578,mean ÷ screening level,0.27697,0.11269,5203.0,,0.85016,,,,,2026-09-12
Cancer Risk,HRM-3 Haden Road [B] [22] POC 3,48-201-0803,Harris,pollutant,Benzene,Cancer,Last 365 Days,2025-09-12,2026-09-12,2.9598,mean ÷ screening level,0.33353,0.11269,7491.0,,0.8528,,,,,2026-09-12
Cancer Risk,HRM-3 Haden Road [B] [22] POC 3,48-201-0803,Harris,pollutant,Benzene,Cancer,Sep 2026,2026-09-01,2026-09-30,2.9891,mean of weekly means ÷ screening level,0.33683,0.11269,139.0,1.0,0.82738,,,,,2026-09-12
Cancer Risk,HRM-3 Haden Road [B] [22] POC 3,48-201-0803,Harris,total,Total (Combined),,2023,2023-01-01,2023-12-31,7.9479,sum of pollutant ratios,,,,,0.84726,,,,,2026-09-12
Cancer Risk,HRM-3 Haden Road [B] [22] POC 3,48-201-0803,Harris,total,Total (Combined),,2024,2024-01-01,2024-12-31,8.7125,sum of pollutant ratios,,,,,0.7763,,,,,2026-09-12
Cancer Risk,HRM-3 Haden Road [B] [22] POC 3,48-201-0803,Harris,total,Total (Combined),,2025,2025-01-01,2025-12-31,6.7071,sum of pollutant ratios,,,,,0.85674,,,,,2026-09-12
Cancer Risk,HRM-3 Haden Road [B] [22] POC 3,48-201-0803,Harris,total,Total (Combined),,2026 YTD,2026-01-01,2026-09-12,4.3481,sum of pollutant ratios,,,,,0.85016,,,,,2026-09-12
Cancer Risk,HRM-3 Haden Road [B] [22] POC 3,48-201-0803,Harris,total,Total (Combined),,Last 365 Days,2025-09-12,2026-09-12,5.0949,sum of pollutant ratios,,,,,0.8528,,,,,2026-09-12
Cancer Risk,HRM-3 Haden Road [B] [22] POC 3,48-201-0803,Harris,total,Total (Combined),,Sep 2026,2026-09-01,2026-09-30,5.5712,sum of pollutant ratios,,,,,0.82738,,,,,2026-09-12
Cancer Risk,HRM-7 W Baytown [S] [47] POC 2,48-201-0807,Harris,pollutant,"1,3-Butadiene",Cancer,2023,2023-01-01,2023-12-31,7.8658,mean ÷ screening level,0.33422,0.04249,6997.0,,0.79874,,,,,2026-09-12
Cancer Risk,HRM-7 W Baytown [S] [47] POC 2,48-201-0807,Harris,pollutant,"1,3-Butadiene",Cancer,2024,2024-01-01,2024-12-31,10.4029,mean ÷ screening level,0.44202,0.04249,6972.0,,0.79372,,,,,2026-09-12
Cancer Risk,HRM-7 W Baytown [S] [47] POC 2,48-201-0807,Harris,pollutant,"1,3-Butadiene",Cancer,2025,2025-01-01,2025-12-31,9.7765,mean ÷ screening level,0.41541,0.04249,7370.0,,0.84132,,,,,2026-09-12
Cancer Risk,HRM-7 W Baytown [S] [47] POC 2,48-201-0807,Harris,pollutant,"1,3-Butadiene",Cancer,2026 YTD,2026-01-01,2026-09-12,3.2193,mean ÷ screening level,0.13679,0.04249,4261.0,,0.69624,*,,,,2026-09-12
Cancer Risk,HRM-7 W Baytown [S] [47] POC 2,48-201-0807,Harris,pollutant,"1,3-Butadiene",Cancer,Last 365 Days,2025-09-12,2026-09-12,3.7492,mean ÷ screening level,0.1593,0.04249,6552.0,,0.7459,*,,,,2026-09-12
Cancer Risk,HRM-7 W Baytown [S] [47] POC 2,48-201-0807,Harris,pollutant,"1,3-Butadiene",,Sep 2026,2026-09-01,2026-09-30,,mean ÷ screening level,,,,,,,,,,2026-09-12
Cancer Risk,HRM-7 W Baytown [S] [47] POC 2,48-201-0807,Harris,pollutant,Benzene,Cancer,2023,2023-01-01,2023-12-31,4.1472,mean ÷ screening level,0.46734,0.11269,6988.0,,0.79772,,,,,2026-09-12
Cancer Risk,HRM-7 W Baytown [S] [47] POC 2,48-201-0807,Harris,pollutant,Benzene,Cancer,2024,2024-01-01,2024-12-31,4.6765,mean ÷ screening level,0.52698,0.11269,6960.0,,0.79235,,,,,2026-09-12
Cancer Risk,HRM-7 W Baytown [S] [47] POC 2,48-201-0807,Harris,pollutant,Benzene,Cancer,2025,2025-01-01,2025-12-31,3.9804,mean ÷ screening level,0.44854,0.11269,7398.0,,0.84452,,,,,2026-09-12
Cancer Risk,HRM-7 W Baytown [S] [47] POC 2,48-201-0807,Harris,pollutant,Benzene,Cancer,2026 YTD,2026-01-01,2026-09-12,4.1271,mean ÷ screening level,0.46507,0.11269,4261.0,,0.69624,*,,,,2026-09-12
Cancer Risk,HRM-7 W Baytown [S] [47] POC 2,48-201-0807,Harris,pollutant,Benzene,Cancer,Last 365 Days,2025-09-12,2026-09-12,4.5501,mean ÷ screening level,0.51274,0.11269,6586.0,,0.74977,*,,,,2026-09-12
Cancer Risk,HRM-7 W Baytown [S] [47] POC 2,48-201-0807,Harris,pollutant,Benzene,,Sep 2026,2026-09-01,2026-09-30,,mean ÷ screening level,,,,,,,,,,2026-09-12
Cancer Risk,HRM-7 W Baytown [S] [47] POC 2,48-201-0807,Harris,total,Total (Combined),,2023,2023-01-01,2023-12-31,12.013,sum of pollutant ratios,,,,,0.79772,,,,,2026-09-12
Cancer Risk,HRM-7 W Baytown [S] [47] POC 2,48-201-0807,Harris,total,Total (Combined),,2024,2024-01-01,2024-12-31,15.0793,sum of pollutant ratios,,,,,0.79235,,,,,2026-09-12
Cancer Risk,HRM-7 W Baytown [S] [47] POC 2,48-201-0807,Harris,total,Total (Combined),,2025,2025-01-01,2025-12-31,13.757,sum of pollutant ratios,,,,,0.84132,,,,,2026-09-12
Cancer Risk,HRM-7 W Baytown [S] [47] POC 2,48-201-0807,Harris,total,Total (Combined),,2026 YTD,2026-01-01,2026-09-12,7.3463,sum of pollutant ratios,,,,,0.69624,*,,,,2026-09-12
Cancer Risk,HRM-7 W Baytown [S] [47] POC 2,48-201-0807,Harris,total,Total (Combined),,Last 365 Days,2025-09-12,2026-09-12,8.2992,sum of pollutant ratios,,,,,0.7459,*,,,,2026-09-12
Cancer Risk,HRM-7 W Baytown [S] [47] POC 2,48-201-0807,Harris,total,Total (Combined),,Sep 2026,2026-09-01,2026-09-30,,sum of pollutant ratios,,,,,,,,,,2026-09-12
Cancer Risk,Hou.DeerPrk2 POC 1,48-201-1039,Harris,pollutant,"1,3-Butadiene",Cancer,2023,2023-01-01,2023-12-31,9.7408,mean ÷ screening level,0.41389,0.04249,7465.0,,0.85217,,,,,2026-09-12
Cancer Risk,Hou.DeerPrk2 POC 1,48-201-1039,Harris,pollutant,"1,3-Butadiene",Cancer,2024,2024-01-01,2024-12-31,2.1183,mean ÷ screening level,0.09001,0.04249,7229.0,,0.82297,,,,,2026-09-12
Cancer Risk,Hou.DeerPrk2 POC 1,48-201-1039,Harris,pollutant,"1,3-Butadiene",Cancer,2025,2025-01-01,2025-12-31,2.7885,mean ÷ screening level,0.11848,0.04249,7178.0,,0.81941,,,,,2026-09-12
Cancer Risk,Hou.DeerPrk2 POC 1,48-201-1039,Harris,pollutant,"1,3-Butadiene",Cancer,2026 YTD,2026-01-01,2026-09-12,0.9601,mean ÷ screening level,0.04079,0.04249,5215.0,,0.85212,,,,,2026-09-12
Cancer Risk,Hou.DeerPrk2 POC 1,48-201-1039,Harris,pollutant,"1,3-Butadiene",Cancer,Last 365 Days,2025-09-12,2026-09-12,1.7363,mean ÷ screening level,0.07378,0.04249,7603.0,,0.86555,,,,,2026-09-12
Cancer Risk,Hou.DeerPrk2 POC 1,48-201-1039,Harris,pollutant,"1,3-Butadiene",Cancer,Sep 2026,2026-09-01,2026-09-30,0.5248,mean of weekly means ÷ screening level,0.0223,0.04249,148.0,1.0,0.88095,,,,,2026-09-12
Cancer Risk,Hou.DeerPrk2 POC 1,48-201-1039,Harris,pollutant,Benzene,Cancer,2023,2023-01-01,2023-12-31,2.6418,mean ÷ screening level,0.29769,0.11269,7421.0,,0.84715,,,,,2026-09-12
Cancer Risk,Hou.DeerPrk2 POC 1,48-201-1039,Harris,pollutant,Benzene,Cancer,2024,2024-01-01,2024-12-31,2.9298,mean ÷ screening level,0.33016,0.11269,7108.0,,0.8092,,,,,2026-09-12
Cancer Risk,Hou.DeerPrk2 POC 1,48-201-1039,Harris,pollutant,Benzene,Cancer,2025,2025-01-01,2025-12-31,2.3238,mean ÷ screening level,0.26186,0.11269,7179.0,,0.81952,,,,,2026-09-12
Cancer Risk,Hou.DeerPrk2 POC 1,48-201-1039,Harris,pollutant,Benzene,Cancer,2026 YTD,2026-01-01,2026-09-12,1.1254,mean ÷ screening level,0.12682,0.11269,5215.0,,0.85212,,,,,2026-09-12
Cancer Risk,Hou.DeerPrk2 POC 1,48-201-1039,Harris,pollutant,Benzene,Cancer,Last 365 Days,2025-09-12,2026-09-12,1.8055,mean ÷ screening level,0.20346,0.11269,7603.0,,0.86555,,,,,2026-09-12
Cancer Risk,Hou.DeerPrk2 POC 1,48-201-1039,Harris,pollutant,Benzene,Cancer,Sep 2026,2026-09-01,2026-09-30,0.6302,mean of weekly means ÷ screening level,0.07101,0.11269,148.0,1.0,0.88095,,,,,2026-09-12
Cancer Risk,Hou.DeerPrk2 POC 1,48-201-1039,Harris,total,Total (Combined),,2023,2023-01-01,2023-12-31,12.3826,sum of pollutant ratios,,,,,0.84715,,,,,2026-09-12
Cancer Risk,Hou.DeerPrk2 POC 1,48-201-1039,Harris,total,Total (Combined),,2024,2024-01-01,2024-12-31,5.0482,sum of pollutant ratios,,,,,0.8092,,,,,2026-09-12
Cancer Risk,Hou.DeerPrk2 POC 1,48-201-1039,Harris,total,Total (Combined),,2025,2025-01-01,2025-12-31,5.1123,sum of pollutant ratios,,,,,0.81941,,,,,2026-09-12
Cancer Risk,Hou.DeerPrk2 POC 1,48-201-1039,Harris,total,Total (Combined),,2026 YTD,2026-01-01,2026-09-12,2.0855,sum of pollutant ratios,,,,,0.85212,,,,,2026-09-12
Cancer Risk,Hou.DeerPrk2 POC 1,48-201-1039,Harris,total,Total (Combined),,Last 365 Days,2025-09-12,2026-09-12,3.5418,sum of pollutant ratios,,,,,0.86555,,,,,2026-09-12
Cancer Risk,Hou.DeerPrk2 POC 1,48-201-1039,Harris,total,Total (Combined),,Sep 2026,2026-09-01,2026-09-30,1.1549,sum of pollutant ratios,,,,,0.88095,,,,,2026-09-12
Cancer Risk,Houston Milby Park A169 [K] POC 2,48-201-0069,Harris,pollutant,"1,3-Butadiene",Cancer,2023,2023-01-01,2023-12-31,29.1761,mean ÷ screening level,1.2397,0.04249,6459.0,,0.73733,*,,,,2026-09-12
Cancer Risk,Houston Milby Park A169 [K] POC 2,48-201-0069,Harris,pollutant,"1,3-Butadiene",Cancer,2024,2024-01-01,2024-12-31,39.5387,mean ÷ screening level,1.68001,0.04249,6476.0,,0.73725,*,,,,2026-09-12
Cancer Risk,Houston Milby Park A169 [K] POC 2,48-201-0069,Harris,pollutant,"1,3-Butadiene",Cancer,2025,2025-01-01,2025-12-31,22.9863,mean ÷ screening level,0.97669,0.04249,6371.0,,0.72728,*,,,,2026-09-12
Cancer Risk,Houston Milby Park A169 [K] POC 2,48-201-0069,Harris,pollutant,"1,3-Butadiene",Cancer,2026 YTD,2026-01-01,2026-09-12,19.6537,mean ÷ screening level,0.83509,0.04249,5171.0,,0.84493,,,,,2026-09-12
Cancer Risk,Houston Milby Park A169 [K] POC 2,48-201-0069,Harris,pollutant,"1,3-Butadiene",Cancer,Last 365 Days,2025-09-12,2026-09-12,21.0901,mean ÷ screening level,0.89612,0.04249,6354.0,,0.72336,*,,,,2026-09-12
Cancer Risk,Houston Milby Park A169 [K] POC 2,48-201-0069,Harris,pollutant,"1,3-Butadiene",Cancer,Sep 2026,2026-09-01,2026-09-30,25.5383,mean of weekly means ÷ screening level,1.08513,0.04249,152.0,1.0,0.90476,,,,,2026-09-12
Cancer Risk,Houston Milby Park A169 [K] POC 2,48-201-0069,Harris,pollutant,Benzene,Cancer,2023,2023-01-01,2023-12-31,1.9986,mean ÷ screening level,0.22521,0.11269,6459.0,,0.73733,*,,,,2026-09-12
Cancer Risk,Houston Milby Park A169 [K] POC 2,48-201-0069,Harris,pollutant,Benzene,Cancer,2024,2024-01-01,2024-12-31,2.5432,mean ÷ screening level,0.28658,0.11269,6476.0,,0.73725,*,,,,2026-09-12
Cancer Risk,Houston Milby Park A169 [K] POC 2,48-201-0069,Harris,pollutant,Benzene,Cancer,2025,2025-01-01,2025-12-31,2.2047,mean ÷ screening level,0.24844,0.11269,6371.0,,0.72728,*,,,,2026-09-12
Cancer Risk,Houston Milby Park A169 [K] POC 2,48-201-0069,Harris,pollutant,Benzene,Cancer,2026 YTD,2026-01-01,2026-09-12,1.5452,mean ÷ screening level,0.17412,0.11269,5171.0,,0.84493,,,,,2026-09-12
Cancer Risk,Houston Milby Park A169 [K] POC 2,48-201-0069,Harris,pollutant,Benzene,Cancer,Last 365 Days,2025-09-12,2026-09-12,1.9274,mean ÷ screening level,0.2172,0.11269,6354.0,,0.72336,*,,,,2026-09-12
Cancer Risk,Houston Milby Park A169 [K] POC 2,48-201-0069,Harris,pollutant,Benzene,Cancer,Sep 2026,2026-09-01,2026-09-30,1.8536,mean of weekly means ÷ screening level,0.20888,0.11269,152.0,1.0,0.90476,,,,,2026-09-12
Cancer Risk,Houston Milby Park A169 [K] POC 2,48-201-0069,Harris,total,Total (Combined),,2023,2023-01-01,2023-12-31,31.1747,sum of pollutant ratios,,,,,0.73733,*,,,,2026-09-12
Cancer Risk,Houston Milby Park A169 [K] POC 2,48-201-0069,Harris,total,Total (Combined),,2024,2024-01-01,2024-12-31,42.0819,sum of pollutant ratios,,,,,0.73725,*,,,,2026-09-12
Cancer Risk,Houston Milby Park A169 [K] POC 2,48-201-0069,Harris,total,Total (Combined),,2025,2025-01-01,2025-12-31,25.1909,sum of pollutant ratios,,,,,0.72728,*,,,,2026-09-12
Cancer Risk,Houston Milby Park A169 [K] POC 2,48-201-0069,Harris,total,Total (Combined),,2026 YTD,2026-01-01,2026-09-12,21.1989,sum of pollutant ratios,,,,,0.84493,,,,,2026-09-12
Cancer Risk,Houston Milby Park A169 [K] POC 2,48-201-0069,Harris,total,Total (Combined),,Last 365 Days,2025-09-12,2026-09-12,23.0175,sum of pollutant ratios,,,,,0.72336,*,,,,2026-09-12
Cancer Risk,Houston Milby Park A169 [K] POC 2,48-201-0069,Harris,total,Total (Combined),,Sep 2026,2026-09-01,2026-09-30,27.392,sum of pollutant ratios,,,,,0.90476,,,,,2026-09-12
Cancer Risk,Lynchburg Ferry [23] POC 2,48-201-1015,Harris,pollutant,"1,3-Butadiene",Cancer,2023,2023-01-01,2023-12-31,3.3619,mean ÷ screening level,0.14285,0.04249,6954.0,,0.79384,,,,,2026-09-12
Cancer Risk,Lynchburg Ferry [23] POC 2,48-201-1015,Harris,pollutant,"1,3-Butadiene",Cancer,2024,2024-01-01,2024-12-31,2.7449,mean ÷ screening level,0.11663,0.04249,5575.0,,0.63468,*,,,,2026-09-12
Cancer Risk,Lynchburg Ferry [23] POC 2,48-201-1015,Harris,pollutant,"1,3-Butadiene",Cancer,2025,2025-01-01,2025-12-31,6.0414,mean ÷ screening level,0.2567,0.04249,6835.0,,0.78025,,,,,2026-09-12
Cancer Risk,Lynchburg Ferry [23] POC 2,48-201-1015,Harris,pollutant,"1,3-Butadiene",Cancer,2026 YTD,2026-01-01,2026-09-12,4.3303,mean ÷ screening level,0.18399,0.04249,4825.0,,0.7884,,,,,2026-09-12
Cancer Risk,Lynchburg Ferry [23] POC 2,48-201-1015,Harris,pollutant,"1,3-Butadiene",Cancer,Last 365 Days,2025-09-12,2026-09-12,5.2486,mean ÷ screening level,0.22301,0.04249,6967.0,,0.79315,,,,,2026-09-12
Cancer Risk,Lynchburg Ferry [23] POC 2,48-201-1015,Harris,pollutant,"1,3-Butadiene",Cancer,Sep 2026,2026-09-01,2026-09-30,8.6951,mean of weekly means ÷ screening level,0.36946,0.04249,147.0,1.0,0.875,,,,,2026-09-12
Cancer Risk,Lynchburg Ferry [23] POC 2,48-201-1015,Harris,pollutant,Benzene,Cancer,2023,2023-01-01,2023-12-31,7.5808,mean ÷ screening level,0.85426,0.11269,6958.0,,0.79429,,,,,2026-09-12
Cancer Risk,Lynchburg Ferry [23] POC 2,48-201-1015,Harris,pollutant,Benzene,Cancer,2024,2024-01-01,2024-12-31,6.2433,mean ÷ screening level,0.70354,0.11269,5576.0,,0.63479,*,,,,2026-09-12
Cancer Risk,Lynchburg Ferry [23] POC 2,48-201-1015,Harris,pollutant,Benzene,Cancer,2025,2025-01-01,2025-12-31,5.5174,mean ÷ screening level,0.62174,0.11269,6678.0,,0.76233,,,,,2026-09-12
Cancer Risk,Lynchburg Ferry [23] POC 2,48-201-1015,Harris,pollutant,Benzene,Cancer,2026 YTD,2026-01-01,2026-09-12,6.5248,mean ÷ screening level,0.73526,0.11269,4825.0,,0.7884,,,,,2026-09-12
Cancer Risk,Lynchburg Ferry [23] POC 2,48-201-1015,Harris,pollutant,Benzene,Cancer,Last 365 Days,2025-09-12,2026-09-12,6.0009,mean ÷ screening level,0.67623,0.11269,6809.0,,0.77516,,,,,2026-09-12
Cancer Risk,Lynchburg Ferry [23] POC 2,48-201-1015,Harris,pollutant,Benzene,Cancer,Sep 2026,2026-09-01,2026-09-30,13.4657,mean of weekly means ÷ screening level,1.51741,0.11269,147.0,1.0,0.875,,,,,2026-09-12
Cancer Risk,Lynchburg Ferry [23] POC 2,48-201-1015,Harris,total,Total (Combined),,2023,2023-01-01,2023-12-31,10.9427,sum of pollutant ratios,,,,,0.79384,,,,,2026-09-12
Cancer Risk,Lynchburg Ferry [23] POC 2,48-201-1015,Harris,total,Total (Combined),,2024,2024-01-01,2024-12-31,8.9882,sum of pollutant ratios,,,,,0.63468,*,,,,2026-09-12
Cancer Risk,Lynchburg Ferry [23] POC 2,48-201-1015,Harris,total,Total (Combined),,2025,2025-01-01,2025-12-31,11.5587,sum of pollutant ratios,,,,,0.76233,,,,,2026-09-12
Cancer Risk,Lynchburg Ferry [23] POC 2,48-201-1015,Harris,total,Total (Combined),,2026 YTD,2026-01-01,2026-09-12,10.855,sum of pollutant ratios,,,,,0.7884,,,,,2026-09-12
Cancer Risk,Lynchburg Ferry [23] POC 2,48-201-1015,Harris,total,Total (Combined),,Last 365 Days,2025-09-12,2026-09-12,11.2495,sum of pollutant ratios,,,,,0.77516,,,,,2026-09-12
Cancer Risk,Lynchburg Ferry [23] POC 2,48-201-1015,Harris,total,Total (Combined),,Sep 2026,2026-09-01,2026-09-30,22.1608,sum of pollutant ratios,,,,,0.875,,,,,2026-09-12
Cancer Risk,Manchester East Avenue N [55] POC 3,48-201-0307,Harris,pollutant,"1,3-Butadiene",Cancer,2023,2023-01-01,2023-12-31,9.0369,mean ÷ screening level,0.38398,0.04249,7291.0,,0.83231,,,,,2026-09-12
Cancer Risk,Manchester East Avenue N [55] POC 3,48-201-0307,Harris,pollutant,"1,3-Butadiene",Cancer,2024,2024-01-01,2024-12-31,7.7679,mean ÷ screening level,0.33006,0.04249,6921.0,,0.78791,,,,,2026-09-12
Cancer Risk,Manchester East Avenue N [55] POC 3,48-201-0307,Harris,pollutant,"1,3-Butadiene",Cancer,2025,2025-01-01,2025-12-31,7.2124,mean ÷ screening level,0.30646,0.04249,7581.0,,0.86541,,,,,2026-09-12
Cancer Risk,Manchester East Avenue N [55] POC 3,48-201-0307,Harris,pollutant,"1,3-Butadiene",Cancer,2026 YTD,2026-01-01,2026-09-12,7.0084,mean ÷ screening level,0.29779,0.04249,5398.0,,0.88203,,,,,2026-09-12
Cancer Risk,Manchester East Avenue N [55] POC 3,48-201-0307,Harris,pollutant,"1,3-Butadiene",Cancer,Last 365 Days,2025-09-12,2026-09-12,7.0321,mean ÷ screening level,0.2988,0.04249,7649.0,,0.87079,,,,,2026-09-12
Cancer Risk,Manchester East Avenue N [55] POC 3,48-201-0307,Harris,pollutant,"1,3-Butadiene",Cancer,Sep 2026,2026-09-01,2026-09-30,5.4099,mean of weekly means ÷ screening level,0.22987,0.04249,151.0,1.0,0.89881,,,,,2026-09-12
Cancer Risk,Manchester East Avenue N [55] POC 3,48-201-0307,Harris,pollutant,Benzene,Cancer,2023,2023-01-01,2023-12-31,2.9807,mean ÷ screening level,0.33589,0.11269,7291.0,,0.83231,,,,,2026-09-12
Cancer Risk,Manchester East Avenue N [55] POC 3,48-201-0307,Harris,pollutant,Benzene,Cancer,2024,2024-01-01,2024-12-31,2.8854,mean ÷ screening level,0.32515,0.11269,6921.0,,0.78791,,,,,2026-09-12
Cancer Risk,Manchester East Avenue N [55] POC 3,48-201-0307,Harris,pollutant,Benzene,Cancer,2025,2025-01-01,2025-12-31,3.4345,mean ÷ screening level,0.38702,0.11269,7581.0,,0.86541,,,,,2026-09-12
Cancer Risk,Manchester East Avenue N [55] POC 3,48-201-0307,Harris,pollutant,Benzene,Cancer,2026 YTD,2026-01-01,2026-09-12,2.5308,mean ÷ screening level,0.28519,0.11269,5398.0,,0.88203,,,,,2026-09-12
Cancer Risk,Manchester East Avenue N [55] POC 3,48-201-0307,Harris,pollutant,Benzene,Cancer,Last 365 Days,2025-09-12,2026-09-12,3.219,mean ÷ screening level,0.36274,0.11269,7649.0,,0.87079,,,,,2026-09-12
Cancer Risk,Manchester East Avenue N [55] POC 3,48-201-0307,Harris,pollutant,Benzene,Cancer,Sep 2026,2026-09-01,2026-09-30,3.1148,mean of weekly means ÷ screening level,0.35099,0.11269,151.0,1.0,0.89881,,,,,2026-09-12
Cancer Risk,Manchester East Avenue N [55] POC 3,48-201-0307,Harris,total,Total (Combined),,2023,2023-01-01,2023-12-31,12.0176,sum of pollutant ratios,,,,,0.83231,,,,,2026-09-12
Cancer Risk,Manchester East Avenue N [55] POC 3,48-201-0307,Harris,total,Total (Combined),,2024,2024-01-01,2024-12-31,10.6533,sum of pollutant ratios,,,,,0.78791,,,,,2026-09-12
Cancer Risk,Manchester East Avenue N [55] POC 3,48-201-0307,Harris,total,Total (Combined),,2025,2025-01-01,2025-12-31,10.6469,sum of pollutant ratios,,,,,0.86541,,,,,2026-09-12
Cancer Risk,Manchester East Avenue N [55] POC 3,48-201-0307,Harris,total,Total (Combined),,2026 YTD,2026-01-01,2026-09-12,9.5392,sum of pollutant ratios,,,,,0.88203,,,,,2026-09-12
Cancer Risk,Manchester East Avenue N [55] POC 3,48-201-0307,Harris,total,Total (Combined),,Last 365 Days,2025-09-12,2026-09-12,10.2511,sum of pollutant ratios,,,,,0.87079,,,,,2026-09-12
Cancer Risk,Manchester East Avenue N [55] POC 3,48-201-0307,Harris,total,Total (Combined),,Sep 2026,2026-09-01,2026-09-30,8.5246,sum of pollutant ratios,,,,,0.89881,,,,,2026-09-12
Cancer Risk,Pasadena Richey Elementary School POC 4,48-201-1049,Harris,pollutant,"1,3-Butadiene",Cancer,2023,2023-01-01,2023-12-31,2.4191,mean ÷ screening level,0.10279,0.04249,7151.0,,0.81632,,,,,2026-09-12
Cancer Risk,Pasadena Richey Elementary School POC 4,48-201-1049,Harris,pollutant,"1,3-Butadiene",Cancer,2024,2024-01-01,2024-12-31,2.8879,mean ÷ screening level,0.12271,0.04249,7543.0,,0.85872,,,,,2026-09-12
Cancer Risk,Pasadena Richey Elementary School POC 4,48-201-1049,Harris,pollutant,"1,3-Butadiene",Cancer,2025,2025-01-01,2025-12-31,2.5946,mean ÷ screening level,0.11025,0.04249,7426.0,,0.84772,,,,,2026-09-12
Cancer Risk,Pasadena Richey Elementary School POC 4,48-201-1049,Harris,pollutant,"1,3-Butadiene",Cancer,2026 YTD,2026-01-01,2026-09-12,0.6922,mean ÷ screening level,0.02941,0.04249,5241.0,,0.85637,,,,,2026-09-12
Cancer Risk,Pasadena Richey Elementary School POC 4,48-201-1049,Harris,pollutant,"1,3-Butadiene",Cancer,Last 365 Days,2025-09-12,2026-09-12,1.2384,mean ÷ screening level,0.05262,0.04249,7460.0,,0.84927,,,,,2026-09-12
Cancer Risk,Pasadena Richey Elementary School POC 4,48-201-1049,Harris,pollutant,"1,3-Butadiene",Cancer,Sep 2026,2026-09-01,2026-09-30,1.4121,mean of weekly means ÷ screening level,0.06,0.04249,151.0,1.0,0.89881,,,,,2026-09-12
Cancer Risk,Pasadena Richey Elementary School POC 4,48-201-1049,Harris,pollutant,Benzene,Cancer,2023,2023-01-01,2023-12-31,2.7449,mean ÷ screening level,0.30931,0.11269,7106.0,,0.81119,,,,,2026-09-12
Cancer Risk,Pasadena Richey Elementary School POC 4,48-201-1049,Harris,pollutant,Benzene,Cancer,2024,2024-01-01,2024-12-31,3.3918,mean ÷ screening level,0.38221,0.11269,7543.0,,0.85872,,,,,2026-09-12
Cancer Risk,Pasadena Richey Elementary School POC 4,48-201-1049,Harris,pollutant,Benzene,Cancer,2025,2025-01-01,2025-12-31,2.9923,mean ÷ screening level,0.3372,0.11269,7426.0,,0.84772,,,,,2026-09-12
Cancer Risk,Pasadena Richey Elementary School POC 4,48-201-1049,Harris,pollutant,Benzene,Cancer,2026 YTD,2026-01-01,2026-09-12,1.3342,mean ÷ screening level,0.15035,0.11269,5241.0,,0.85637,,,,,2026-09-12
Cancer Risk,Pasadena Richey Elementary School POC 4,48-201-1049,Harris,pollutant,Benzene,Cancer,Last 365 Days,2025-09-12,2026-09-12,2.2474,mean ÷ screening level,0.25326,0.11269,7460.0,,0.84927,,,,,2026-09-12
Cancer Risk,Pasadena Richey Elementary School POC 4,48-201-1049,Harris,pollutant,Benzene,Cancer,Sep 2026,2026-09-01,2026-09-30,1.5339,mean of weekly means ÷ screening level,0.17285,0.11269,151.0,1.0,0.89881,,,,,2026-09-12
Cancer Risk,Pasadena Richey Elementary School POC 4,48-201-1049,Harris,total,Total (Combined),,2023,2023-01-01,2023-12-31,5.164,sum of pollutant ratios,,,,,0.81119,,,,,2026-09-12
Cancer Risk,Pasadena Richey Elementary School POC 4,48-201-1049,Harris,total,Total (Combined),,2024,2024-01-01,2024-12-31,6.2797,sum of pollutant ratios,,,,,0.85872,,,,,2026-09-12
Cancer Risk,Pasadena Richey Elementary School POC 4,48-201-1049,Harris,total,Total (Combined),,2025,2025-01-01,2025-12-31,5.5869,sum of pollutant ratios,,,,,0.84772,,,,,2026-09-12
Cancer Risk,Pasadena Richey Elementary School POC 4,48-201-1049,Harris,total,Total (Combined),,2026 YTD,2026-01-01,2026-09-12,2.0264,sum of pollutant ratios,,,,,0.85637,,,,,2026-09-12
Cancer Risk,Pasadena Richey Elementary School POC 4,48-201-1049,Harris,total,Total (Combined),,Last 365 Days,2025-09-12,2026-09-12,3.4859,sum of pollutant ratios,,,,,0.84927,,,,,2026-09-12
Cancer Risk,Pasadena Richey Elementary School POC 4,48-201-1049,Harris,total,Total (Combined),,Sep 2026,2026-09-01,2026-09-30,2.946,sum of pollutant ratios,,,,,0.89881,,,,,2026-09-12
Cancer Risk,Wallisville Road [24] POC 1,48-201-0617,Harris,pollutant,"1,3-Butadiene",Cancer,2023,2023-01-01,2023-12-31,1.3495,mean ÷ screening level,0.05734,0.04249,7313.0,,0.83482,,,,,2026-09-12
Cancer Risk,Wallisville Road [24] POC 1,48-201-0617,Harris,pollutant,"1,3-Butadiene",Cancer,2024,2024-01-01,2024-12-31,0.9706,mean ÷ screening level,0.04124,0.04249,7352.0,,0.83698,,,,,2026-09-12
Cancer Risk,Wallisville Road [24] POC 1,48-201-0617,Harris,pollutant,"1,3-Butadiene",Cancer,2025,2025-01-01,2025-12-31,1.2523,mean ÷ screening level,0.05321,0.04249,7130.0,,0.81393,,,,,2026-09-12
Cancer Risk,Wallisville Road [24] POC 1,48-201-0617,Harris,pollutant,"1,3-Butadiene",Cancer,2026 YTD,2026-01-01,2026-09-12,1.0715,mean ÷ screening level,0.04553,0.04249,5127.0,,0.83775,,,,,2026-09-12
Cancer Risk,Wallisville Road [24] POC 1,48-201-0617,Harris,pollutant,"1,3-Butadiene",Cancer,Last 365 Days,2025-09-12,2026-09-12,1.1015,mean ÷ screening level,0.0468,0.04249,7396.0,,0.84199,,,,,2026-09-12
Cancer Risk,Wallisville Road [24] POC 1,48-201-0617,Harris,pollutant,"1,3-Butadiene",Cancer,Sep 2026,2026-09-01,2026-09-30,1.1752,mean of weekly means ÷ screening level,0.04993,0.04249,149.0,1.0,0.8869,,,,,2026-09-12
Cancer Risk,Wallisville Road [24] POC 1,48-201-0617,Harris,pollutant,Benzene,Cancer,2023,2023-01-01,2023-12-31,1.5806,mean ÷ screening level,0.17811,0.11269,7320.0,,0.83562,,,,,2026-09-12
Cancer Risk,Wallisville Road [24] POC 1,48-201-0617,Harris,pollutant,Benzene,Cancer,2024,2024-01-01,2024-12-31,1.5652,mean ÷ screening level,0.17638,0.11269,7352.0,,0.83698,,,,,2026-09-12
Cancer Risk,Wallisville Road [24] POC 1,48-201-0617,Harris,pollutant,Benzene,Cancer,2025,2025-01-01,2025-12-31,1.3763,mean ÷ screening level,0.15509,0.11269,7214.0,,0.82352,,,,,2026-09-12
Cancer Risk,Wallisville Road [24] POC 1,48-201-0617,Harris,pollutant,Benzene,Cancer,2026 YTD,2026-01-01,2026-09-12,1.8876,mean ÷ screening level,0.21271,0.11269,5127.0,,0.83775,,,,,2026-09-12
Cancer Risk,Wallisville Road [24] POC 1,48-201-0617,Harris,pollutant,Benzene,Cancer,Last 365 Days,2025-09-12,2026-09-12,1.7577,mean ÷ screening level,0.19807,0.11269,7396.0,,0.84199,,,,,2026-09-12
Cancer Risk,Wallisville Road [24] POC 1,48-201-0617,Harris,pollutant,Benzene,Cancer,Sep 2026,2026-09-01,2026-09-30,0.9011,mean of weekly means ÷ screening level,0.10154,0.11269,149.0,1.0,0.8869,,,,,2026-09-12
Cancer Risk,Wallisville Road [24] POC 1,48-201-0617,Harris,total,Total (Combined),,2023,2023-01-01,2023-12-31,2.9301,sum of pollutant ratios,,,,,0.83482,,,,,2026-09-12
Cancer Risk,Wallisville Road [24] POC 1,48-201-0617,Harris,total,Total (Combined),,2024,2024-01-01,2024-12-31,2.5358,sum of pollutant ratios,,,,,0.83698,,,,,2026-09-12
Cancer Risk,Wallisville Road [24] POC 1,48-201-0617,Harris,total,Total (Combined),,2025,2025-01-01,2025-12-31,2.6286,sum of pollutant ratios,,,,,0.81393,,,,,2026-09-12
Cancer Risk,Wallisville Road [24] POC 1,48-201-0617,Harris,total,Total (Combined),,2026 YTD,2026-01-01,2026-09-12,2.9591,sum of pollutant ratios,,,,,0.83775,,,,,2026-09-12
Cancer Risk,Wallisville Road [24] POC 1,48-201-0617,Harris,total,Total (Combined),,Last 365 Days,2025-09-12,2026-09-12,2.8592,sum of pollutant ratios,,,,,0.84199,,,,,2026-09-12
Cancer Risk,Wallisville Road [24] POC 1,48-201-0617,Harris,total,Total (Combined),,Sep 2026,2026-09-01,2026-09-30,2.0763,sum of pollutant ratios,,,,,0.8869,,,,,2026-09-12
EPA Criteria Pollutants,Baytown Garth [1017],1017,,pollutant,O3,,2023,2023-01-01,2023-12-31,1.2,design value ÷ NAAQS,,,,,,,0.084,0.07,4th,2026-04-30
EPA Criteria Pollutants,Baytown Garth [1017],1017,,pollutant,O3,,2024,2024-01-01,2024-12-31,1.1143,design value ÷ NAAQS,,,,,,,0.078,0.07,4th,2026-04-30
EPA Criteria Pollutants,Baytown Garth [1017],1017,,pollutant,O3,,2025,2025-01-01,2025-12-31,1.0143,design value ÷ NAAQS,,,,,,,0.071,0.07,4th,2026-04-30
EPA Criteria Pollutants,Baytown Garth [1017],1017,,pollutant,O3,,2026 YTD (through Apr 2026),2026-01-01,2026-04-30,0.7857,design value ÷ NAAQS,,,,,,,0.055,0.07,4th,2026-04-30
EPA Criteria Pollutants,Baytown Garth [1017],1017,,pollutant,O3,,Last 365 Days (ending Apr 2026),2025-04-30,2026-04-30,1.0143,design value ÷ NAAQS,,,,,,,0.071,0.07,4th,2026-04-30
EPA Criteria Pollutants,Baytown Garth [1017],1017,,pollutant,O3,,Last Available Month (Apr 2026),2026-04-01,2026-04-30,0.6714,design value ÷ NAAQS,,,,,,,0.047,0.07,4th,2026-04-30
EPA Criteria Pollutants,Houston Deer Park #2 [1039],1039,,pollutant,NO2,,2023,2023-01-01,2023-12-31,0.349,design value ÷ NAAQS,,,,,,,34.9,100.0,p98,2026-04-30
EPA Criteria Pollutants,Houston Deer Park #2 [1039],1039,,pollutant,NO2,,2024,2024-01-01,2024-12-31,0.4247,design value ÷ NAAQS,,,,,,,42.468,100.0,p98,2026-04-30
EPA Criteria Pollutants,Houston Deer Park #2 [1039],1039,,pollutant,NO2,,2025,2025-01-01,2025-12-31,0.4171,design value ÷ NAAQS,,,,,,,41.712,100.0,p98,2026-04-30
EPA Criteria Pollutants,Houston Deer Park #2 [1039],1039,,pollutant,NO2,,2026 YTD (through Apr 2026),2026-01-01,2026-04-30,0.3859,design value ÷ NAAQS,,,,,,,38.588,100.0,p98,2026-04-30
EPA Criteria Pollutants,Houston Deer Park #2 [1039],1039,,pollutant,NO2,,Last 365 Days (ending Apr 2026),2025-04-30,2026-04-30,0.4072,design value ÷ NAAQS,,,,,,,40.724,100.0,p98,2026-04-30
EPA Criteria Pollutants,Houston Deer Park #2 [1039],1039,,pollutant,NO2,,Last Available Month (Apr 2026),2026-04-01,2026-04-30,0.3265,design value ÷ NAAQS,,,,,,,32.65,100.0,p98,2026-04-30
EPA Criteria Pollutants,Houston Deer Park #2 [1039],1039,,pollutant,O3,,2023,2023-01-01,2023-12-31,1.1857,design value ÷ NAAQS,,,,,,,0.083,0.07,4th,2026-04-30
EPA Criteria Pollutants,Houston Deer Park #2 [1039],1039,,pollutant,O3,,2024,2024-01-01,2024-12-31,1.2,design value ÷ NAAQS,,,,,,,0.084,0.07,4th,2026-04-30
EPA Criteria Pollutants,Houston Deer Park #2 [1039],1039,,pollutant,O3,,2025,2025-01-01,2025-12-31,1.2571,design value ÷ NAAQS,,,,,,,0.088,0.07,4th,2026-04-30
EPA Criteria Pollutants,Houston Deer Park #2 [1039],1039,,pollutant,O3,,2026 YTD (through Apr 2026),2026-01-01,2026-04-30,0.7857,design value ÷ NAAQS,,,,,,,0.055,0.07,4th,2026-04-30
EPA Criteria Pollutants,Houston Deer Park #2 [1039],1039,,pollutant,O3,,Last 365 Days (ending Apr 2026),2025-04-30,2026-04-30,1.2571,design value ÷ NAAQS,,,,,,,0.088,0.07,4th,2026-04-30
EPA Criteria Pollutants,Houston Deer Park #2 [1039],1039,,pollutant,O3,,Last Available Month (Apr 2026),2026-04-01,2026-04-30,0.6286,design value ÷ NAAQS,,,,,,,0.044,0.07,4th,2026-04-30
EPA Criteria Pollutants,Houston Deer Park #2 [1039],1039,,pollutant,PM2.5,,2023,2023-01-01,2023-12-31,1.0702,design value ÷ NAAQS,,,,,,,37.456,35.0,p98,2026-04-30
EPA Criteria Pollutants,Houston Deer Park #2 [1039],1039,,pollutant,PM2.5,,2024,2024-01-01,2024-12-31,1.1624,design value ÷ NAAQS,,,,,,,40.684,35.0,p98,2026-04-30
EPA Criteria Pollutants,Houston Deer Park #2 [1039],1039,,pollutant,PM2.5,,2025,2025-01-01,2025-12-31,0.7794,design value ÷ NAAQS,,,,,,,27.278,35.0,p98,2026-04-30
EPA Criteria Pollutants,Houston Deer Park #2 [1039],1039,,pollutant,PM2.5,,2026 YTD (through Apr 2026),2026-01-01,2026-04-30,1.2312,design value ÷ NAAQS,,,,,,,43.092,35.0,p98,2026-04-30
EPA Criteria Pollutants,Houston Deer Park #2 [1039],1039,,pollutant,PM2.5,,Last 365 Days (ending Apr 2026),2025-04-30,2026-04-30,1.0416,design value ÷ NAAQS,,,,,,,36.456,35.0,p98,2026-04-30
EPA Criteria Pollutants,Houston Deer Park #2 [1039],1039,,pollutant,PM2.5,,Last Available Month (Apr 2026),2026-04-01,2026-04-30,1.1722,design value ÷ NAAQS,,,,,,,41.026,35.0,p98,2026-04-30
EPA Criteria Pollutants,Houston Deer Park #2 [1039],1039,,pollutant,SO2,,2023,2023-01-01,2023-12-31,0.1129,design value ÷ NAAQS,,,,,,,8.465,75.0,p99,2026-04-30
EPA Criteria Pollutants,Houston Deer Park #2 [1039],1039,,pollutant,SO2,,2024,2024-01-01,2024-12-31,0.0694,design value ÷ NAAQS,,,,,,,5.203,75.0,p99,2026-04-30
EPA Criteria Pollutants,Houston Deer Park #2 [1039],1039,,pollutant,SO2,,2025,2025-01-01,2025-12-31,0.0963,design value ÷ NAAQS,,,,,,,7.225,75.0,p99,2026-04-30
EPA Criteria Pollutants,Houston Deer Park #2 [1039],1039,,pollutant,SO2,,2026 YTD (through Apr 2026),2026-01-01,2026-04-30,0.048,design value ÷ NAAQS,,,,,,,3.6,75.0,p99,2026-04-30
EPA Criteria Pollutants,Houston Deer Park #2 [1039],1039,,pollutant,SO2,,Last 365 Days (ending Apr 2026),2025-04-30,2026-04-30,0.0923,design value ÷ NAAQS,,,,,,,6.925,75.0,p99,2026-04-30
EPA Criteria Pollutants,Houston Deer Park #2 [1039],1039,,pollutant,SO2,,Last Available Month (Apr 2026),2026-04-01,2026-04-30,0.0272,design value ÷ NAAQS,,,,,,,2.042,75.0,p99,2026-04-30
EPA Criteria Pollutants,Houston North Wayside [0046],0046,,pollutant,O3,,2023,2023-01-01,2023-12-31,1.0571,design value ÷ NAAQS,,,,,,,0.074,0.07,4th,2026-04-30
EPA Criteria Pollutants,Houston North Wayside [0046],0046,,pollutant,O3,,2024,2024-01-01,2024-12-31,1.3143,design value ÷ NAAQS,,,,,,,0.092,0.07,4th,2026-04-30
EPA Criteria Pollutants,Houston North Wayside [0046],0046,,pollutant,O3,,2025,2025-01-01,2025-12-31,0.9286,design value ÷ NAAQS,,,,,,,0.065,0.07,4th,2026-04-30
EPA Criteria Pollutants,Houston North Wayside [0046],0046,,pollutant,O3,,2026 YTD (through Apr 2026),2026-01-01,2026-04-30,0.6571,design value ÷ NAAQS,,,,,,,0.046,0.07,4th,2026-04-30
EPA Criteria Pollutants,Houston North Wayside [0046],0046,,pollutant,O3,,Last 365 Days (ending Apr 2026),2025-04-30,2026-04-30,0.9143,design value ÷ NAAQS,,,,,,,0.064,0.07,4th,2026-04-30
EPA Criteria Pollutants,Houston North Wayside [0046],0046,,pollutant,PM2.5,,2023,2023-01-01,2023-12-31,2.3143,design value ÷ NAAQS,,,,,,,81.0,35.0,p98,2026-04-30
EPA Criteria Pollutants,Houston North Wayside [0046],0046,,pollutant,PM2.5,,2024,2024-01-01,2024-12-31,2.1909,design value ÷ NAAQS,,,,,,,76.68,35.0,p98,2026-04-30
EPA Criteria Pollutants,Houston North Wayside [0046],0046,,pollutant,PM2.5,,2025,2025-01-01,2025-12-31,2.0503,design value ÷ NAAQS,,,,,,,71.76,35.0,p98,2026-04-30
EPA Criteria Pollutants,Houston North Wayside [0046],0046,,pollutant,PM2.5,,2026 YTD (through Apr 2026),2026-01-01,2026-04-30,2.6701,design value ÷ NAAQS,,,,,,,93.452,35.0,p98,2026-04-30
EPA Criteria Pollutants,Houston North Wayside [0046],0046,,pollutant,PM2.5,,Last 365 Days (ending Apr 2026),2025-04-30,2026-04-30,1.7957,design value ÷ NAAQS,,,,,,,62.848,35.0,p98,2026-04-30
EPA Criteria Pollutants,Baytown [0058],48-201-0058,Harris,pollutant,PM2.5,,2023,2023-01-01,2023-12-31,1.3079,design value ÷ NAAQS,,,,,,,45.778,35.0,p98,2026-04-30
EPA Criteria Pollutants,Baytown [0058],48-201-0058,Harris,pollutant,PM2.5,,2024,2024-01-01,2024-12-31,1.7114,design value ÷ NAAQS,,,,,,,59.9,35.0,p98,2026-04-30
EPA Criteria Pollutants,Baytown [0058],48-201-0058,Harris,pollutant,PM2.5,,2025,2025-01-01,2025-12-31,1.0861,design value ÷ NAAQS,,,,,,,38.012,35.0,p98,2026-04-30
EPA Criteria Pollutants,Baytown [0058],48-201-0058,Harris,pollutant,PM2.5,,2026 YTD (through Apr 2026),2026-01-01,2026-04-30,1.3711,design value ÷ NAAQS,,,,,,,47.99,35.0,p98,2026-04-30
EPA Criteria Pollutants,Baytown [0058],48-201-0058,Harris,pollutant,PM2.5,,Last 365 Days (ending Apr 2026),2025-04-30,2026-04-30,1.1758,design value ÷ NAAQS,,,,,,,41.152,35.0,p98,2026-04-30
EPA Criteria Pollutants,Baytown [0058],48-201-0058,Harris,pollutant,PM2.5,,Last Available Month (Apr 2026),2026-04-01,2026-04-30,1.2186,design value ÷ NAAQS,,,,,,,42.65,35.0,p98,2026-04-30
EPA Criteria Pollutants,Channelview [0026],48-201-0026,Harris,pollutant,NO2,,2023,2023-01-01,2023-12-31,0.4672,design value ÷ NAAQS,,,,,,,46.724,100.0,p98,2026-04-30
EPA Criteria Pollutants,Channelview [0026],48-201-0026,Harris,pollutant,NO2,,2024,2024-01-01,2024-12-31,0.4981,design value ÷ NAAQS,,,,,,,49.808,100.0,p98,2026-04-30
EPA Criteria Pollutants,Channelview [0026],48-201-0026,Harris,pollutant,NO2,,2025,2025-01-01,2025-12-31,0.4893,design value ÷ NAAQS,,,,,,,48.93,100.0,p98,2026-04-30
EPA Criteria Pollutants,Channelview [0026],48-201-0026,Harris,pollutant,NO2,,2026 YTD (through Apr 2026),2026-01-01,2026-04-30,0.5161,design value ÷ NAAQS,,,,,,,51.612,100.0,p98,2026-04-30
EPA Criteria Pollutants,Channelview [0026],48-201-0026,Harris,pollutant,NO2,,Last 365 Days (ending Apr 2026),2025-04-30,2026-04-30,0.4553,design value ÷ NAAQS,,,,,,,45.532,100.0,p98,2026-04-30
EPA Criteria Pollutants,Channelview [0026],48-201-0026,Harris,pollutant,NO2,,Last Available Month (Apr 2026),2026-04-01,2026-04-30,0.2782,design value ÷ NAAQS,,,,,,,27.822,100.0,p98,2026-04-30
EPA Criteria Pollutants,Channelview [0026],48-201-0026,Harris,pollutant,O3,,2023,2023-01-01,2023-12-31,1.2143,design value ÷ NAAQS,,,,,,,0.085,0.07,4th,2026-04-30
EPA Criteria Pollutants,Channelview [0026],48-201-0026,Harris,pollutant,O3,,2024,2024-01-01,2024-12-31,1.0714,design value ÷ NAAQS,,,,,,,0.075,0.07,4th,2026-04-30
EPA Criteria Pollutants,Channelview [0026],48-201-0026,Harris,pollutant,O3,,2025,2025-01-01,2025-12-31,1.0571,design value ÷ NAAQS,,,,,,,0.074,0.07,4th,2026-04-30
EPA Criteria Pollutants,Channelview [0026],48-201-0026,Harris,pollutant,O3,,2026 YTD (through Apr 2026),2026-01-01,2026-04-30,0.7143,design value ÷ NAAQS,,,,,,,0.05,0.07,4th,2026-04-30
EPA Criteria Pollutants,Channelview [0026],48-201-0026,Harris,pollutant,O3,,Last 365 Days (ending Apr 2026),2025-04-30,2026-04-30,1.0571,design value ÷ NAAQS,,,,,,,0.074,0.07,4th,2026-04-30
EPA Criteria Pollutants,Channelview [0026],48-201-0026,Harris,pollutant,O3,,Last Available Month (Apr 2026),2026-04-01,2026-04-30,0.5857,design value ÷ NAAQS,,,,,,,0.041,0.07,4th,2026-04-30
EPA Criteria Pollutants,Clinton [1035],48-201-1035,Harris,pollutant,NO2,,2023,2023-01-01,2023-12-31,0.4873,design value ÷ NAAQS,,,,,,,48.728,100.0,p98,2026-04-30
EPA Criteria Pollutants,Clinton [1035],48-201-1035,Harris,pollutant,NO2,,2024,2024-01-01,2024-12-31,0.4749,design value ÷ NAAQS,,,,,,,47.49,100.0,p98,2026-04-30
EPA Criteria Pollutants,Clinton [1035],48-201-1035,Harris,pollutant,NO2,,2025,2025-01-01,2025-12-31,0.4443,design value ÷ NAAQS,,,,,,,44.43,100.0,p98,2026-04-30
EPA Criteria Pollutants,Clinton [1035],48-201-1035,Harris,pollutant,NO2,,2026 YTD (through Apr 2026),2026-01-01,2026-04-30,0.4664,design value ÷ NAAQS,,,,,,,46.64,100.0,p98,2026-04-30
EPA Criteria Pollutants,Clinton [1035],48-201-1035,Harris,pollutant,NO2,,Last 365 Days (ending Apr 2026),2025-04-30,2026-04-30,0.4011,design value ÷ NAAQS,,,,,,,40.108,100.0,p98,2026-04-30
EPA Criteria Pollutants,Clinton [1035],48-201-1035,Harris,pollutant,O3,,2023,2023-01-01,2023-12-31,1.1714,design value ÷ NAAQS,,,,,,,0.082,0.07,4th,2026-04-30
EPA Criteria Pollutants,Clinton [1035],48-201-1035,Harris,pollutant,O3,,2024,2024-01-01,2024-12-31,1.2,design value ÷ NAAQS,,,,,,,0.084,0.07,4th,2026-04-30
EPA Criteria Pollutants,Clinton [1035],48-201-1035,Harris,pollutant,O3,,2025,2025-01-01,2025-12-31,1.0714,design value ÷ NAAQS,,,,,,,0.075,0.07,4th,2026-04-30
EPA Criteria Pollutants,Clinton [1035],48-201-1035,Harris,pollutant,O3,,2026 YTD (through Apr 2026),2026-01-01,2026-04-30,0.6143,design value ÷ NAAQS,,,,,,,0.043,0.07,4th,2026-04-30
EPA Criteria Pollutants,Clinton [1035],48-201-1035,Harris,pollutant,O3,,Last 365 Days (ending Apr 2026),2025-04-30,2026-04-30,1.0714,design value ÷ NAAQS,,,,,,,0.075,0.07,4th,2026-04-30
EPA Criteria Pollutants,Clinton [1035],48-201-1035,Harris,pollutant,PM2.5,,2023,2023-01-01,2023-12-31,0.6829,design value ÷ NAAQS,,,,,,,23.902,35.0,p98,2026-04-30
EPA Criteria Pollutants,Clinton [1035],48-201-1035,Harris,pollutant,PM2.5,,2024,2024-01-01,2024-12-31,0.9212,design value ÷ NAAQS,,,,,,,32.242,35.0,p98,2026-04-30
EPA Criteria Pollutants,Clinton [1035],48-201-1035,Harris,pollutant,PM2.5,,2025,2025-01-01,2025-12-31,1.9962,design value ÷ NAAQS,,,,,,,69.868,35.0,p98,2026-04-30
EPA Criteria Pollutants,Clinton [1035],48-201-1035,Harris,pollutant,PM2.5,,2026 YTD (through Apr 2026),2026-01-01,2026-04-30,1.4743,design value ÷ NAAQS,,,,,,,51.6,35.0,p98,2026-04-30
EPA Criteria Pollutants,Clinton [1035],48-201-1035,Harris,pollutant,PM2.5,,Last 365 Days (ending Apr 2026),2025-04-30,2026-04-30,1.6159,design value ÷ NAAQS,,,,,,,56.558,35.0,p98,2026-04-30
EPA Criteria Pollutants,Clinton [1035],48-201-1035,Harris,pollutant,SO2,,2023,2023-01-01,2023-12-31,0.0999,design value ÷ NAAQS,,,,,,,7.492,75.0,p99,2026-04-30
EPA Criteria Pollutants,Clinton [1035],48-201-1035,Harris,pollutant,SO2,,2024,2024-01-01,2024-12-31,0.0361,design value ÷ NAAQS,,,,,,,2.708,75.0,p99,2026-04-30
EPA Criteria Pollutants,Clinton [1035],48-201-1035,Harris,pollutant,SO2,,2025,2025-01-01,2025-12-31,0.028,design value ÷ NAAQS,,,,,,,2.1,75.0,p99,2026-04-30
EPA Criteria Pollutants,Clinton [1035],48-201-1035,Harris,pollutant,SO2,,2026 YTD (through Apr 2026),2026-01-01,2026-04-30,0.1462,design value ÷ NAAQS,,,,,,,10.965,75.0,p99,2026-04-30
EPA Criteria Pollutants,Clinton [1035],48-201-1035,Harris,pollutant,SO2,,Last 365 Days (ending Apr 2026),2025-04-30,2026-04-30,0.079,design value ÷ NAAQS,,,,,,,5.922,75.0,p99,2026-04-30
EPA Criteria Pollutants,Houston East [1034],48-201-1034,Harris,pollutant,NO2,,2023,2023-01-01,2023-12-31,0.4654,design value ÷ NAAQS,,,,,,,46.544,100.0,p98,2026-04-30
EPA Criteria Pollutants,Houston East [1034],48-201-1034,Harris,pollutant,NO2,,2024,2024-01-01,2024-12-31,0.461,design value ÷ NAAQS,,,,,,,46.1,100.0,p98,2026-04-30
EPA Criteria Pollutants,Houston East [1034],48-201-1034,Harris,pollutant,NO2,,2025,2025-01-01,2025-12-31,0.4776,design value ÷ NAAQS,,,,,,,47.76,100.0,p98,2026-04-30
EPA Criteria Pollutants,Houston East [1034],48-201-1034,Harris,pollutant,NO2,,2026 YTD (through Apr 2026),2026-01-01,2026-04-30,0.4719,design value ÷ NAAQS,,,,,,,47.192,100.0,p98,2026-04-30
EPA Criteria Pollutants,Houston East [1034],48-201-1034,Harris,pollutant,NO2,,Last 365 Days (ending Apr 2026),2025-04-30,2026-04-30,0.4534,design value ÷ NAAQS,,,,,,,45.34,100.0,p98,2026-04-30
EPA Criteria Pollutants,Houston East [1034],48-201-1034,Harris,pollutant,NO2,,Last Available Month (Apr 2026),2026-04-01,2026-04-30,0.3513,design value ÷ NAAQS,,,,,,,35.126,100.0,p98,2026-04-30
EPA Criteria Pollutants,Houston East [1034],48-201-1034,Harris,pollutant,O3,,2023,2023-01-01,2023-12-31,1.2857,design value ÷ NAAQS,,,,,,,0.09,0.07,4th,2026-04-30
EPA Criteria Pollutants,Houston East [1034],48-201-1034,Harris,pollutant,O3,,2024,2024-01-01,2024-12-31,1.2,design value ÷ NAAQS,,,,,,,0.084,0.07,4th,2026-04-30
EPA Criteria Pollutants,Houston East [1034],48-201-1034,Harris,pollutant,O3,,2025,2025-01-01,2025-12-31,1.0714,design value ÷ NAAQS,,,,,,,0.075,0.07,4th,2026-04-30
EPA Criteria Pollutants,Houston East [1034],48-201-1034,Harris,pollutant,O3,,2026 YTD (through Apr 2026),2026-01-01,2026-04-30,0.7143,design value ÷ NAAQS,,,,,,,0.05,0.07,4th,2026-04-30
EPA Criteria Pollutants,Houston East [1034],48-201-1034,Harris,pollutant,O3,,Last 365 Days (ending Apr 2026),2025-04-30,2026-04-30,1.0714,design value ÷ NAAQS,,,,,,,0.075,0.07,4th,2026-04-30
EPA Criteria Pollutants,Houston East [1034],48-201-1034,Harris,pollutant,O3,,Last Available Month (Apr 2026),2026-04-01,2026-04-30,0.5571,design value ÷ NAAQS,,,,,,,0.039,0.07,4th,2026-04-30
EPA Criteria Pollutants,Houston East [1034],48-201-1034,Harris,pollutant,PM2.5,,2023,2023-01-01,2023-12-31,1.3154,design value ÷ NAAQS,,,,,,,46.04,35.0,p98,2026-04-30
EPA Criteria Pollutants,Houston East [1034],48-201-1034,Harris,pollutant,PM2.5,,2024,2024-01-01,2024-12-31,1.5617,design value ÷ NAAQS,,,,,,,54.66,35.0,p98,2026-04-30
EPA Criteria Pollutants,Houston East [1034],48-201-1034,Harris,pollutant,PM2.5,,2025,2025-01-01,2025-12-31,1.3514,design value ÷ NAAQS,,,,,,,47.3,35.0,p98,2026-04-30
EPA Criteria Pollutants,Houston East [1034],48-201-1034,Harris,pollutant,PM2.5,,2026 YTD (through Apr 2026),2026-01-01,2026-04-30,1.6047,design value ÷ NAAQS,,,,,,,56.164,35.0,p98,2026-04-30
EPA Criteria Pollutants,Houston East [1034],48-201-1034,Harris,pollutant,PM2.5,,Last 365 Days (ending Apr 2026),2025-04-30,2026-04-30,1.2947,design value ÷ NAAQS,,,,,,,45.316,35.0,p98,2026-04-30
EPA Criteria Pollutants,Houston East [1034],48-201-1034,Harris,pollutant,PM2.5,,Last Available Month (Apr 2026),2026-04-01,2026-04-30,0.8549,design value ÷ NAAQS,,,,,,,29.922,35.0,p98,2026-04-30
EPA Criteria Pollutants,Houston Finnigan Park [1099],48-201-1099,Harris,pollutant,PM2.5,,2025,2025-01-01,2025-12-31,1.0661,design value ÷ NAAQS,,,,,,,37.312,35.0,p98,2026-04-30
EPA Criteria Pollutants,Houston Finnigan Park [1099],48-201-1099,Harris,pollutant,PM2.5,,2026 YTD (through Apr 2026),2026-01-01,2026-04-30,1.6763,design value ÷ NAAQS,,,,,,,58.672,35.0,p98,2026-04-30
EPA Criteria Pollutants,Houston Finnigan Park [1099],48-201-1099,Harris,pollutant,PM2.5,,Last 365 Days (ending Apr 2026),2025-04-30,2026-04-30,1.6342,design value ÷ NAAQS,,,,,,,57.196,35.0,p98,2026-04-30
EPA Criteria Pollutants,Houston Finnigan Park [1099],48-201-1099,Harris,pollutant,PM2.5,,Last Available Month (Apr 2026),2026-04-01,2026-04-30,1.0796,design value ÷ NAAQS,,,,,,,37.786,35.0,p98,2026-04-30
EPA Criteria Pollutants,Houston Pleasantville Elementary [1056],48-201-1056,Harris,pollutant,PM2.5,,2025,2025-01-01,2025-12-31,1.2123,design value ÷ NAAQS,,,,,,,42.43,35.0,p98,2026-04-30
EPA Criteria Pollutants,Houston Pleasantville Elementary [1056],48-201-1056,Harris,pollutant,PM2.5,,2026 YTD (through Apr 2026),2026-01-01,2026-04-30,1.02,design value ÷ NAAQS,,,,,,,35.7,35.0,p98,2026-04-30
EPA Criteria Pollutants,Houston Pleasantville Elementary [1056],48-201-1056,Harris,pollutant,PM2.5,,Last 365 Days (ending Apr 2026),2025-04-30,2026-04-30,1.1742,design value ÷ NAAQS,,,,,,,41.096,35.0,p98,2026-04-30
EPA Criteria Pollutants,Houston Pleasantville Elementary [1056],48-201-1056,Harris,pollutant,PM2.5,,Last Available Month (Apr 2026),2026-04-01,2026-04-30,0.992,design value ÷ NAAQS,,,,,,,34.72,35.0,p98,2026-04-30
EPA Criteria Pollutants,Lynchburg Ferry [1015],48-201-1015,Harris,pollutant,NO2,,2023,2023-01-01,2023-12-31,0.4259,design value ÷ NAAQS,,,,,,,42.588,100.0,p98,2026-04-30
EPA Criteria Pollutants,Lynchburg Ferry [1015],48-201-1015,Harris,pollutant,NO2,,2024,2024-01-01,2024-12-31,0.5423,design value ÷ NAAQS,,,,,,,54.226,100.0,p98,2026-04-30
EPA Criteria Pollutants,Lynchburg Ferry [1015],48-201-1015,Harris,pollutant,NO2,,2025,2025-01-01,2025-12-31,0.4846,design value ÷ NAAQS,,,,,,,48.464,100.0,p98,2026-04-30
EPA Criteria Pollutants,Lynchburg Ferry [1015],48-201-1015,Harris,pollutant,NO2,,2026 YTD (through Apr 2026),2026-01-01,2026-04-30,0.5297,design value ÷ NAAQS,,,,,,,52.968,100.0,p98,2026-04-30
EPA Criteria Pollutants,Lynchburg Ferry [1015],48-201-1015,Harris,pollutant,NO2,,Last 365 Days (ending Apr 2026),2025-04-30,2026-04-30,0.5141,design value ÷ NAAQS,,,,,,,51.406,100.0,p98,2026-04-30
EPA Criteria Pollutants,Lynchburg Ferry [1015],48-201-1015,Harris,pollutant,NO2,,Last Available Month (Apr 2026),2026-04-01,2026-04-30,0.3037,design value ÷ NAAQS,,,,,,,30.372,100.0,p98,2026-04-30
EPA Criteria Pollutants,Lynchburg Ferry [1015],48-201-1015,Harris,pollutant,O3,,2023,2023-01-01,2023-12-31,1.1714,design value ÷ NAAQS,,,,,,,0.082,0.07,4th,2026-04-30
EPA Criteria Pollutants,Lynchburg Ferry [1015],48-201-1015,Harris,pollutant,O3,,2024,2024-01-01,2024-12-31,1.1143,design value ÷ NAAQS,,,,,,,0.078,0.07,4th,2026-04-30
EPA Criteria Pollutants,Lynchburg Ferry [1015],48-201-1015,Harris,pollutant,O3,,2025,2025-01-01,2025-12-31,1.0143,design value ÷ NAAQS,,,,,,,0.071,0.07,4th,2026-04-30
EPA Criteria Pollutants,Lynchburg Ferry [1015],48-201-1015,Harris,pollutant,O3,,2026 YTD (through Apr 2026),2026-01-01,2026-04-30,0.7143,design value ÷ NAAQS,,,,,,,0.05,0.07,4th,2026-04-30
EPA Criteria Pollutants,Lynchburg Ferry [1015],48-201-1015,Harris,pollutant,O3,,Last 365 Days (ending Apr 2026),2025-04-30,2026-04-30,1.0143,design value ÷ NAAQS,,,,,,,0.071,0.07,4th,2026-04-30
EPA Criteria Pollutants,Lynchburg Ferry [1015],48-201-1015,Harris,pollutant,O3,,Last Available Month (Apr 2026),2026-04-01,2026-04-30,0.6,design value ÷ NAAQS,,,,,,,0.042,0.07,4th,2026-04-30
EPA Criteria Pollutants,Park Place [0416],48-201-0416,Harris,pollutant,NO2,,2023,2023-01-01,2023-12-31,0.4407,design value ÷ NAAQS,,,,,,,44.07,100.0,p98,2026-04-30
EPA Criteria Pollutants,Park Place [0416],48-201-0416,Harris,pollutant,NO2,,2024,2024-01-01,2024-12-31,0.4058,design value ÷ NAAQS,,,,,,,40.576,100.0,p98,2026-04-30
EPA Criteria Pollutants,Park Place [0416],48-201-0416,Harris,pollutant,NO2,,2025,2025-01-01,2025-12-31,0.411,design value ÷ NAAQS,,,,,,,41.1,100.0,p98,2026-04-30
EPA Criteria Pollutants,Park Place [0416],48-201-0416,Harris,pollutant,NO2,,Last 365 Days (ending Apr 2026),2025-04-30,2026-04-30,0.403,design value ÷ NAAQS,,,,,,,40.3,100.0,p98,2026-04-30
EPA Criteria Pollutants,Park Place [0416],48-201-0416,Harris,pollutant,O3,,2023,2023-01-01,2023-12-31,1.2143,design value ÷ NAAQS,,,,,,,0.085,0.07,4th,2026-04-30
EPA Criteria Pollutants,Park Place [0416],48-201-0416,Harris,pollutant,O3,,2024,2024-01-01,2024-12-31,1.1714,design value ÷ NAAQS,,,,,,,0.082,0.07,4th,2026-04-30
EPA Criteria Pollutants,Park Place [0416],48-201-0416,Harris,pollutant,O3,,2025,2025-01-01,2025-12-31,1.0857,design value ÷ NAAQS,,,,,,,0.076,0.07,4th,2026-04-30
EPA Criteria Pollutants,Park Place [0416],48-201-0416,Harris,pollutant,O3,,2026 YTD (through Apr 2026),2026-01-01,2026-04-30,0.7,design value ÷ NAAQS,,,,,,,0.049,0.07,4th,2026-04-30
EPA Criteria Pollutants,Park Place [0416],48-201-0416,Harris,pollutant,O3,,Last 365 Days (ending Apr 2026),2025-04-30,2026-04-30,1.0857,design value ÷ NAAQS,,,,,,,0.076,0.07,4th,2026-04-30
EPA Criteria Pollutants,Park Place [0416],48-201-0416,Harris,pollutant,SO2,,2023,2023-01-01,2023-12-31,0.1287,design value ÷ NAAQS,,,,,,,9.652,75.0,p99,2026-04-30
EPA Criteria Pollutants,Park Place [0416],48-201-0416,Harris,pollutant,SO2,,2024,2024-01-01,2024-12-31,0.0975,design value ÷ NAAQS,,,,,,,7.312,75.0,p99,2026-04-30
EPA Criteria Pollutants,Park Place [0416],48-201-0416,Harris,pollutant,SO2,,2025,2025-01-01,2025-12-31,0.0966,design value ÷ NAAQS,,,,,,,7.244,75.0,p99,2026-04-30
EPA Criteria Pollutants,Park Place [0416],48-201-0416,Harris,pollutant,SO2,,2026 YTD (through Apr 2026),2026-01-01,2026-04-30,0.0765,design value ÷ NAAQS,,,,,,,5.74,75.0,p99,2026-04-30
EPA Criteria Pollutants,Park Place [0416],48-201-0416,Harris,pollutant,SO2,,Last 365 Days (ending Apr 2026),2025-04-30,2026-04-30,0.1005,design value ÷ NAAQS,,,,,,,7.536,75.0,p99,2026-04-30
Other Health Risks,Cesar Chavez [V] POC 1,48-201-6000,Harris,health_effect_total,Ability to have children,Reproductive,2023,2023-01-01,2023-12-31,0.197,sum of pollutant ratios,,,,,0.75342,,,,,2026-09-12
Other Health Risks,Cesar Chavez [V] POC 1,48-201-6000,Harris,health_effect_total,Ability to have children,Reproductive,2024,2024-01-01,2024-12-31,0.1696,sum of pollutant ratios,,,,,0.80396,,,,,2026-09-12
Other Health Risks,Cesar Chavez [V] POC 1,48-201-6000,Harris,health_effect_total,Ability to have children,Reproductive,2025,2025-01-01,2025-12-31,0.1909,sum of pollutant ratios,,,,,0.82785,,,,,2026-09-12
Other Health Risks,Cesar Chavez [V] POC 1,48-201-6000,Harris,health_effect_total,Ability to have children,Reproductive,2026 YTD,2026-01-01,2026-09-12,0.0809,sum of pollutant ratios,,,,,0.84542,,,,,2026-09-12
Other Health Risks,Cesar Chavez [V] POC 1,48-201-6000,Harris,health_effect_total,Ability to have children,Reproductive,Last 365 Days,2025-09-12,2026-09-12,0.1308,sum of pollutant ratios,,,,,0.84324,,,,,2026-09-12
Other Health Risks,Cesar Chavez [V] POC 1,48-201-6000,Harris,health_effect_total,Ability to have children,Reproductive,Sep 2026,2026-09-01,2026-09-30,0.0211,sum of pollutant ratios,,,,,0.89881,,,,,2026-09-12
Other Health Risks,Cesar Chavez [V] POC 1,48-201-6000,Harris,health_effect_total,Blood,Hematological,2023,2023-01-01,2023-12-31,0.008,sum of pollutant ratios,,,,,0.75879,,,,,2026-09-12
Other Health Risks,Cesar Chavez [V] POC 1,48-201-6000,Harris,health_effect_total,Blood,Hematological,2024,2024-01-01,2024-12-31,0.0126,sum of pollutant ratios,,,,,0.79781,,,,,2026-09-12
Other Health Risks,Cesar Chavez [V] POC 1,48-201-6000,Harris,health_effect_total,Blood,Hematological,2025,2025-01-01,2025-12-31,0.0128,sum of pollutant ratios,,,,,0.77957,,,,,2026-09-12
Other Health Risks,Cesar Chavez [V] POC 1,48-201-6000,Harris,health_effect_total,Blood,Hematological,2026 YTD,2026-01-01,2026-09-12,0.0111,sum of pollutant ratios,,,,,0.85065,,,,,2026-09-12
Other Health Risks,Cesar Chavez [V] POC 1,48-201-6000,Harris,health_effect_total,Blood,Hematological,Last 365 Days,2025-09-12,2026-09-12,0.013,sum of pollutant ratios,,,,,0.84472,,,,,2026-09-12
Other Health Risks,Cesar Chavez [V] POC 1,48-201-6000,Harris,health_effect_total,Blood,Hematological,Sep 2026,2026-09-01,2026-09-30,0.0112,sum of pollutant ratios,,,,,0.89881,,,,,2026-09-12
Other Health Risks,Cesar Chavez [V] POC 1,48-201-6000,Harris,health_effect_total,Brain and nervous system,Nervous,2023,2023-01-01,2023-12-31,0.0288,sum of pollutant ratios,,,,,0.74509,*,,,,2026-09-12
Other Health Risks,Cesar Chavez [V] POC 1,48-201-6000,Harris,health_effect_total,Brain and nervous system,Nervous,2024,2024-01-01,2024-12-31,0.0364,sum of pollutant ratios,,,,,0.79781,,,,,2026-09-12
Other Health Risks,Cesar Chavez [V] POC 1,48-201-6000,Harris,health_effect_total,Brain and nervous system,Nervous,2025,2025-01-01,2025-12-31,0.037,sum of pollutant ratios,,,,,0.77957,,,,,2026-09-12
Other Health Risks,Cesar Chavez [V] POC 1,48-201-6000,Harris,health_effect_total,Brain and nervous system,Nervous,2026 YTD,2026-01-01,2026-09-12,0.0286,sum of pollutant ratios,,,,,0.85065,,,,,2026-09-12
Other Health Risks,Cesar Chavez [V] POC 1,48-201-6000,Harris,health_effect_total,Brain and nervous system,Nervous,Last 365 Days,2025-09-12,2026-09-12,0.0351,sum of pollutant ratios,,,,,0.84472,,,,,2026-09-12
Other Health Risks,Cesar Chavez [V] POC 1,48-201-6000,Harris,health_effect_total,Brain and nervous system,Nervous,Sep 2026,2026-09-01,2026-09-30,0.0344,sum of pollutant ratios,,,,,0.89881,,,,,2026-09-12
Other Health Risks,Cesar Chavez [V] POC 1,48-201-6000,Harris,health_effect_total,Growth and development (children's),Developmental,2023,2023-01-01,2023-12-31,0.0108,sum of pollutant ratios,,,,,0.75879,,,,,2026-09-12
Other Health Risks,Cesar Chavez [V] POC 1,48-201-6000,Harris,health_effect_total,Growth and development (children's),Developmental,2024,2024-01-01,2024-12-31,0.0102,sum of pollutant ratios,,,,,0.79781,,,,,2026-09-12
Other Health Risks,Cesar Chavez [V] POC 1,48-201-6000,Harris,health_effect_total,Growth and development (children's),Developmental,2025,2025-01-01,2025-12-31,0.0109,sum of pollutant ratios,,,,,0.77957,,,,,2026-09-12
Other Health Risks,Cesar Chavez [V] POC 1,48-201-6000,Harris,health_effect_total,Growth and development (children's),Developmental,2026 YTD,2026-01-01,2026-09-12,0.0082,sum of pollutant ratios,,,,,0.85065,,,,,2026-09-12
Other Health Risks,Cesar Chavez [V] POC 1,48-201-6000,Harris,health_effect_total,Growth and development (children's),Developmental,Last 365 Days,2025-09-12,2026-09-12,0.0102,sum of pollutant ratios,,,,,0.84472,,,,,2026-09-12
Other Health Risks,Cesar Chavez [V] POC 1,48-201-6000,Harris,health_effect_total,Growth and development (children's),Developmental,Sep 2026,2026-09-01,2026-09-30,0.0053,sum of pollutant ratios,,,,,0.89881,,,,,2026-09-12
Other Health Risks,Cesar Chavez [V] POC 1,48-201-6000,Harris,health_effect_total,Hormone system,Endocrine,2023,2023-01-01,2023-12-31,0.0002,sum of pollutant ratios,,,,,0.76826,,,,,2026-09-12
Other Health Risks,Cesar Chavez [V] POC 1,48-201-6000,Harris,health_effect_total,Hormone system,Endocrine,2024,2024-01-01,2024-12-31,0.0001,sum of pollutant ratios,,,,,0.80396,,,,,2026-09-12
Other Health Risks,Cesar Chavez [V] POC 1,48-201-6000,Harris,health_effect_total,Hormone system,Endocrine,2025,2025-01-01,2025-12-31,0.0002,sum of pollutant ratios,,,,,0.82785,,,,,2026-09-12
Other Health Risks,Cesar Chavez [V] POC 1,48-201-6000,Harris,health_effect_total,Hormone system,Endocrine,2026 YTD,2026-01-01,2026-09-12,0.0001,sum of pollutant ratios,,,,,0.85245,,,,,2026-09-12
Other Health Risks,Cesar Chavez [V] POC 1,48-201-6000,Harris,health_effect_total,Hormone system,Endocrine,Last 365 Days,2025-09-12,2026-09-12,0.0001,sum of pollutant ratios,,,,,0.84813,,,,,2026-09-12
Other Health Risks,Cesar Chavez [V] POC 1,48-201-6000,Harris,health_effect_total,Hormone system,Endocrine,Sep 2026,2026-09-01,2026-09-30,0.0002,sum of pollutant ratios,,,,,0.89881,,,,,2026-09-12
Other Health Risks,Cesar Chavez [V] POC 1,48-201-6000,Harris,health_effect_total,Immune system,Immune,2023,2023-01-01,2023-12-31,0.0285,sum of pollutant ratios,,,,,0.76826,,,,,2026-09-12
Other Health Risks,Cesar Chavez [V] POC 1,48-201-6000,Harris,health_effect_total,Immune system,Immune,2024,2024-01-01,2024-12-31,0.0366,sum of pollutant ratios,,,,,0.80396,,,,,2026-09-12
Other Health Risks,Cesar Chavez [V] POC 1,48-201-6000,Harris,health_effect_total,Immune system,Immune,2025,2025-01-01,2025-12-31,0.0328,sum of pollutant ratios,,,,,0.82785,,,,,2026-09-12
Other Health Risks,Cesar Chavez [V] POC 1,48-201-6000,Harris,health_effect_total,Immune system,Immune,2026 YTD,2026-01-01,2026-09-12,0.0218,sum of pollutant ratios,,,,,0.85245,,,,,2026-09-12
Other Health Risks,Cesar Chavez [V] POC 1,48-201-6000,Harris,health_effect_total,Immune system,Immune,Last 365 Days,2025-09-12,2026-09-12,0.0298,sum of pollutant ratios,,,,,0.84813,,,,,2026-09-12
Other Health Risks,Cesar Chavez [V] POC 1,48-201-6000,Harris,health_effect_total,Immune system,Immune,Sep 2026,2026-09-01,2026-09-30,0.0291,sum of pollutant ratios,,,,,0.89881,,,,,2026-09-12
Other Health Risks,Cesar Chavez [V] POC 1,48-201-6000,Harris,health_effect_total,Kidneys and urinary system,Urinary,2023,2023-01-01,2023-12-31,0.0012,sum of pollutant ratios,,,,,0.76826,,,,,2026-09-12
Other Health Risks,Cesar Chavez [V] POC 1,48-201-6000,Harris,health_effect_total,Kidneys and urinary system,Urinary,2024,2024-01-01,2024-12-31,0.0011,sum of pollutant ratios,,,,,0.80396,,,,,2026-09-12
Other Health Risks,Cesar Chavez [V] POC 1,48-201-6000,Harris,health_effect_total,Kidneys and urinary system,Urinary,2025,2025-01-01,2025-12-31,0.0012,sum of pollutant ratios,,,,,0.82785,,,,,2026-09-12
Other Health Risks,Cesar Chavez [V] POC 1,48-201-6000,Harris,health_effect_total,Kidneys and urinary system,Urinary,2026 YTD,2026-01-01,2026-09-12,0.0008,sum of pollutant ratios,,,,,0.85245,,,,,2026-09-12
Other Health Risks,Cesar Chavez [V] POC 1,48-201-6000,Harris,health_effect_total,Kidneys and urinary system,Urinary,Last 365 Days,2025-09-12,2026-09-12,0.0011,sum of pollutant ratios,,,,,0.84813,,,,,2026-09-12
Other Health Risks,Cesar Chavez [V] POC 1,48-201-6000,Harris,health_effect_total,Kidneys and urinary system,Urinary,Sep 2026,2026-09-01,2026-09-30,0.0012,sum of pollutant ratios,,,,,0.89881,,,,,2026-09-12
Other Health Risks,Cesar Chavez [V] POC 1,48-201-6000,Harris,health_effect_total,Liver,Hepatic,2023,2023-01-01,2023-12-31,0.0006,sum of pollutant ratios,,,,,0.76804,,,,,2026-09-12
Other Health Risks,Cesar Chavez [V] POC 1,48-201-6000,Harris,health_effect_total,Liver,Hepatic,2024,2024-01-01,2024-12-31,0.0007,sum of pollutant ratios,,,,,0.80396,,,,,2026-09-12
Other Health Risks,Cesar Chavez [V] POC 1,48-201-6000,Harris,health_effect_total,Liver,Hepatic,2025,2025-01-01,2025-12-31,0.0006,sum of pollutant ratios,,,,,0.82785,,,,,2026-09-12
Other Health Risks,Cesar Chavez [V] POC 1,48-201-6000,Harris,health_effect_total,Liver,Hepatic,2026 YTD,2026-01-01,2026-09-12,0.0005,sum of pollutant ratios,,,,,0.85245,,,,,2026-09-12
Other Health Risks,Cesar Chavez [V] POC 1,48-201-6000,Harris,health_effect_total,Liver,Hepatic,Last 365 Days,2025-09-12,2026-09-12,0.0006,sum of pollutant ratios,,,,,0.84813,,,,,2026-09-12
Other Health Risks,Cesar Chavez [V] POC 1,48-201-6000,Harris,health_effect_total,Liver,Hepatic,Sep 2026,2026-09-01,2026-09-30,0.0006,sum of pollutant ratios,,,,,0.89881,,,,,2026-09-12
Other Health Risks,Cesar Chavez [V] POC 1,48-201-6000,Harris,health_effect_total,Lungs & breathing,Respiratory,2023,2023-01-01,2023-12-31,0.0078,sum of pollutant ratios,,,,,0.75879,,,,,2026-09-12
Other Health Risks,Cesar Chavez [V] POC 1,48-201-6000,Harris,health_effect_total,Lungs & breathing,Respiratory,2024,2024-01-01,2024-12-31,0.0123,sum of pollutant ratios,,,,,0.79781,,,,,2026-09-12
Other Health Risks,Cesar Chavez [V] POC 1,48-201-6000,Harris,health_effect_total,Lungs & breathing,Respiratory,2025,2025-01-01,2025-12-31,0.0126,sum of pollutant ratios,,,,,0.77957,,,,,2026-09-12
Other Health Risks,Cesar Chavez [V] POC 1,48-201-6000,Harris,health_effect_total,Lungs & breathing,Respiratory,2026 YTD,2026-01-01,2026-09-12,0.011,sum of pollutant ratios,,,,,0.85065,,,,,2026-09-12
Other Health Risks,Cesar Chavez [V] POC 1,48-201-6000,Harris,health_effect_total,Lungs & breathing,Respiratory,Last 365 Days,2025-09-12,2026-09-12,0.0129,sum of pollutant ratios,,,,,0.84472,,,,,2026-09-12
Other Health Risks,Cesar Chavez [V] POC 1,48-201-6000,Harris,health_effect_total,Lungs & breathing,Respiratory,Sep 2026,2026-09-01,2026-09-30,0.011,sum of pollutant ratios,,,,,0.89881,,,,,2026-09-12
Other Health Risks,Cesar Chavez [V] POC 1,48-201-6000,Harris,pollutant,"1,2,3-Trimethylbenzene","Hematological, Nervous, Respiratory",2023,2023-01-01,2023-12-31,,mean ÷ screening level,,,,,,,,,,2026-09-12
Other Health Risks,Cesar Chavez [V] POC 1,48-201-6000,Harris,pollutant,"1,2,3-Trimethylbenzene","Hematological, Nervous, Respiratory",2024,2024-01-01,2024-12-31,0.0049,mean ÷ screening level,0.06299,12.81596,7062.0,,0.80396,,,,,2026-09-12
Other Health Risks,Cesar Chavez [V] POC 1,48-201-6000,Harris,pollutant,"1,2,3-Trimethylbenzene","Hematological, Nervous, Respiratory",2025,2025-01-01,2025-12-31,0.0051,mean ÷ screening level,0.06536,12.81596,6884.0,,0.78584,,,,,2026-09-12
Other Health Risks,Cesar Chavez [V] POC 1,48-201-6000,Harris,pollutant,"1,2,3-Trimethylbenzene","Hematological, Nervous, Respiratory",2026 YTD,2026-01-01,2026-09-12,0.0051,mean ÷ screening level,0.06542,12.81596,5217.0,,0.85245,,,,,2026-09-12
Other Health Risks,Cesar Chavez [V] POC 1,48-201-6000,Harris,pollutant,"1,2,3-Trimethylbenzene","Hematological, Nervous, Respiratory",Last 365 Days,2025-09-12,2026-09-12,0.0058,mean ÷ screening level,0.07371,12.81596,7450.0,,0.84813,,,,,2026-09-12
Other Health Risks,Cesar Chavez [V] POC 1,48-201-6000,Harris,pollutant,"1,2,3-Trimethylbenzene","Hematological, Nervous, Respiratory",Sep 2026,2026-09-01,2026-09-30,0.0074,mean of weekly means ÷ screening level,0.09536,12.81596,453.0,3.0,0.89881,,,,,2026-09-12
Other Health Risks,Cesar Chavez [V] POC 1,48-201-6000,Harris,pollutant,"1,2,4-Trimethylbenzene","Hematological, Nervous, Developmental, Respiratory",2023,2023-01-01,2023-12-31,0.0078,mean ÷ screening level,0.1002,12.81596,6647.0,,0.75879,,,,,2026-09-12
Other Health Risks,Cesar Chavez [V] POC 1,48-201-6000,Harris,pollutant,"1,2,4-Trimethylbenzene","Hematological, Nervous, Developmental, Respiratory",2024,2024-01-01,2024-12-31,0.0074,mean ÷ screening level,0.09497,12.81596,7008.0,,0.79781,,,,,2026-09-12
Other Health Risks,Cesar Chavez [V] POC 1,48-201-6000,Harris,pollutant,"1,2,4-Trimethylbenzene","Hematological, Nervous, Developmental, Respiratory",2025,2025-01-01,2025-12-31,0.0075,mean ÷ screening level,0.0967,12.81596,6829.0,,0.77957,,,,,2026-09-12
Other Health Risks,Cesar Chavez [V] POC 1,48-201-6000,Harris,pollutant,"1,2,4-Trimethylbenzene","Hematological, Nervous, Developmental, Respiratory",2026 YTD,2026-01-01,2026-09-12,0.0059,mean ÷ screening level,0.07553,12.81596,5206.0,,0.85065,,,,,2026-09-12
Other Health Risks,Cesar Chavez [V] POC 1,48-201-6000,Harris,pollutant,"1,2,4-Trimethylbenzene","Hematological, Nervous, Developmental, Respiratory",Last 365 Days,2025-09-12,2026-09-12,0.0071,mean ÷ screening level,0.09111,12.81596,7420.0,,0.84472,,,,,2026-09-12
Other Health Risks,Cesar Chavez [V] POC 1,48-201-6000,Harris,pollutant,"1,2,4-Trimethylbenzene","Hematological, Nervous, Developmental, Respiratory",Sep 2026,2026-09-01,2026-09-30,0.0036,mean of weekly means ÷ screening level,0.04589,12.81596,604.0,4.0,0.89881,,,,,2026-09-12
Other Health Risks,Cesar Chavez [V] POC 1,48-201-6000,Harris,pollutant,"1,3,5-Trimethylbenzene","Developmental, Nervous",2023,2023-01-01,2023-12-31,0.0026,mean ÷ screening level,0.03273,12.81596,6691.0,,0.76381,,,,,2026-09-12
Other Health Risks,Cesar Chavez [V] POC 1,48-201-6000,Harris,pollutant,"1,3,5-Trimethylbenzene","Developmental, Nervous",2024,2024-01-01,2024-12-31,0.0023,mean ÷ screening level,0.0293,12.81596,7062.0,,0.80396,,,,,2026-09-12
Other Health Risks,Cesar Chavez [V] POC 1,48-201-6000,Harris,pollutant,"1,3,5-Trimethylbenzene","Developmental, Nervous",2025,2025-01-01,2025-12-31,0.0028,mean ÷ screening level,0.03592,12.81596,6884.0,,0.78584,,,,,2026-09-12
Other Health Risks,Cesar Chavez [V] POC 1,48-201-6000,Harris,pollutant,"1,3,5-Trimethylbenzene","Developmental, Nervous",2026 YTD,2026-01-01,2026-09-12,0.0019,mean ÷ screening level,0.02452,12.81596,5217.0,,0.85245,,,,,2026-09-12
Other Health Risks,Cesar Chavez [V] POC 1,48-201-6000,Harris,pollutant,"1,3,5-Trimethylbenzene","Developmental, Nervous",Last 365 Days,2025-09-12,2026-09-12,0.0025,mean ÷ screening level,0.03236,12.81596,7450.0,,0.84813,,,,,2026-09-12
Other Health Risks,Cesar Chavez [V] POC 1,48-201-6000,Harris,pollutant,"1,3,5-Trimethylbenzene","Developmental, Nervous",Sep 2026,2026-09-01,2026-09-30,0.0011,mean of weekly means ÷ screening level,0.0145,12.81596,302.0,2.0,0.89881,,,,,2026-09-12
Other Health Risks,Cesar Chavez [V] POC 1,48-201-6000,Harris,pollutant,"1,3-Butadiene",Reproductive,2023,2023-01-01,2023-12-31,0.197,mean ÷ screening level,0.18704,0.94925,6600.0,,0.75342,,,,,2026-09-12
Other Health Risks,Cesar Chavez [V] POC 1,48-201-6000,Harris,pollutant,"1,3-Butadiene",Reproductive,2024,2024-01-01,2024-12-31,0.1696,mean ÷ screening level,0.16099,0.94925,7062.0,,0.80396,,,,,2026-09-12
Other Health Risks,Cesar Chavez [V] POC 1,48-201-6000,Harris,pollutant,"1,3-Butadiene",Reproductive,2025,2025-01-01,2025-12-31,0.1909,mean ÷ screening level,0.18117,0.94925,7252.0,,0.82785,,,,,2026-09-12
Other Health Risks,Cesar Chavez [V] POC 1,48-201-6000,Harris,pollutant,"1,3-Butadiene",Reproductive,2026 YTD,2026-01-01,2026-09-12,0.0809,mean ÷ screening level,0.07682,0.94925,5174.0,,0.84542,,,,,2026-09-12
Other Health Risks,Cesar Chavez [V] POC 1,48-201-6000,Harris,pollutant,"1,3-Butadiene",Reproductive,Last 365 Days,2025-09-12,2026-09-12,0.1308,mean ÷ screening level,0.12413,0.94925,7407.0,,0.84324,,,,,2026-09-12
Other Health Risks,Cesar Chavez [V] POC 1,48-201-6000,Harris,pollutant,"1,3-Butadiene",Reproductive,Sep 2026,2026-09-01,2026-09-30,0.0211,mean of weekly means ÷ screening level,0.02,0.94925,151.0,1.0,0.89881,,,,,2026-09-12
Other Health Risks,Cesar Chavez [V] POC 1,48-201-6000,Harris,pollutant,Benzene,Immune,2023,2023-01-01,2023-12-31,0.0285,mean ÷ screening level,0.27671,9.70362,6730.0,,0.76826,,,,,2026-09-12
Other Health Risks,Cesar Chavez [V] POC 1,48-201-6000,Harris,pollutant,Benzene,Immune,2024,2024-01-01,2024-12-31,0.0366,mean ÷ screening level,0.35477,9.70362,7062.0,,0.80396,,,,,2026-09-12
Other Health Risks,Cesar Chavez [V] POC 1,48-201-6000,Harris,pollutant,Benzene,Immune,2025,2025-01-01,2025-12-31,0.0328,mean ÷ screening level,0.31851,9.70362,7252.0,,0.82785,,,,,2026-09-12
Other Health Risks,Cesar Chavez [V] POC 1,48-201-6000,Harris,pollutant,Benzene,Immune,2026 YTD,2026-01-01,2026-09-12,0.0218,mean ÷ screening level,0.21159,9.70362,5217.0,,0.85245,,,,,2026-09-12
Other Health Risks,Cesar Chavez [V] POC 1,48-201-6000,Harris,pollutant,Benzene,Immune,Last 365 Days,2025-09-12,2026-09-12,0.0298,mean ÷ screening level,0.2895,9.70362,7450.0,,0.84813,,,,,2026-09-12
Other Health Risks,Cesar Chavez [V] POC 1,48-201-6000,Harris,pollutant,Benzene,Immune,Sep 2026,2026-09-01,2026-09-30,0.0291,mean of weekly means ÷ screening level,0.28238,9.70362,151.0,1.0,0.89881,,,,,2026-09-12
Other Health Risks,Cesar Chavez [V] POC 1,48-201-6000,Harris,pollutant,Cyclohexane,Developmental,2023,2023-01-01,2023-12-31,0.0001,mean ÷ screening level,0.14047,1830.26,6730.0,,0.76826,,,,,2026-09-12
Other Health Risks,Cesar Chavez [V] POC 1,48-201-6000,Harris,pollutant,Cyclohexane,Developmental,2024,2024-01-01,2024-12-31,0.0001,mean ÷ screening level,0.1931,1830.26,7062.0,,0.80396,,,,,2026-09-12
Other Health Risks,Cesar Chavez [V] POC 1,48-201-6000,Harris,pollutant,Cyclohexane,Developmental,2025,2025-01-01,2025-12-31,0.0001,mean ÷ screening level,0.1924,1830.26,7252.0,,0.82785,,,,,2026-09-12
Other Health Risks,Cesar Chavez [V] POC 1,48-201-6000,Harris,pollutant,Cyclohexane,Developmental,2026 YTD,2026-01-01,2026-09-12,0.0001,mean ÷ screening level,0.11095,1830.26,5217.0,,0.85245,,,,,2026-09-12
Other Health Risks,Cesar Chavez [V] POC 1,48-201-6000,Harris,pollutant,Cyclohexane,Developmental,Last 365 Days,2025-09-12,2026-09-12,0.0001,mean ÷ screening level,0.16485,1830.26,7450.0,,0.84813,,,,,2026-09-12
Other Health Risks,Cesar Chavez [V] POC 1,48-201-6000,Harris,pollutant,Cyclohexane,Developmental,Sep 2026,2026-09-01,2026-09-30,0.0001,mean of weekly means ÷ screening level,0.23358,1830.26,151.0,1.0,0.89881,,,,,2026-09-12
Other Health Risks,Cesar Chavez [V] POC 1,48-201-6000,Harris,pollutant,Ethyl Benzene,"Developmental, Hepatic, Urinary",2023,2023-01-01,2023-12-31,0.0004,mean ÷ screening level,0.09054,230.29755,6730.0,,0.76826,,,,,2026-09-12
Other Health Risks,Cesar Chavez [V] POC 1,48-201-6000,Harris,pollutant,Ethyl Benzene,"Developmental, Hepatic, Urinary",2024,2024-01-01,2024-12-31,0.0004,mean ÷ screening level,0.10253,230.29755,7062.0,,0.80396,,,,,2026-09-12
Other Health Risks,Cesar Chavez [V] POC 1,48-201-6000,Harris,pollutant,Ethyl Benzene,"Developmental, Hepatic, Urinary",2025,2025-01-01,2025-12-31,0.0005,mean ÷ screening level,0.10515,230.29755,7252.0,,0.82785,,,,,2026-09-12
Other Health Risks,Cesar Chavez [V] POC 1,48-201-6000,Harris,pollutant,Ethyl Benzene,"Developmental, Hepatic, Urinary",2026 YTD,2026-01-01,2026-09-12,0.0003,mean ÷ screening level,0.07973,230.29755,5217.0,,0.85245,,,,,2026-09-12
Other Health Risks,Cesar Chavez [V] POC 1,48-201-6000,Harris,pollutant,Ethyl Benzene,"Developmental, Hepatic, Urinary",Last 365 Days,2025-09-12,2026-09-12,0.0004,mean ÷ screening level,0.10305,230.29755,7450.0,,0.84813,,,,,2026-09-12
Other Health Risks,Cesar Chavez [V] POC 1,48-201-6000,Harris,pollutant,Ethyl Benzene,"Developmental, Hepatic, Urinary",Sep 2026,2026-09-01,2026-09-30,0.0005,mean of weekly means ÷ screening level,0.10808,230.29755,453.0,3.0,0.89881,,,,,2026-09-12
Other Health Risks,Cesar Chavez [V] POC 1,48-201-6000,Harris,pollutant,Isopropyl Benzene - Cumene,"Endocrine, Urinary",2023,2023-01-01,2023-12-31,0.0002,mean ÷ screening level,0.01502,85.43972,6730.0,,0.76826,,,,,2026-09-12
Other Health Risks,Cesar Chavez [V] POC 1,48-201-6000,Harris,pollutant,Isopropyl Benzene - Cumene,"Endocrine, Urinary",2024,2024-01-01,2024-12-31,0.0001,mean ÷ screening level,0.01281,85.43972,7062.0,,0.80396,,,,,2026-09-12
Other Health Risks,Cesar Chavez [V] POC 1,48-201-6000,Harris,pollutant,Isopropyl Benzene - Cumene,"Endocrine, Urinary",2025,2025-01-01,2025-12-31,0.0002,mean ÷ screening level,0.01283,85.43972,7252.0,,0.82785,,,,,2026-09-12
Other Health Risks,Cesar Chavez [V] POC 1,48-201-6000,Harris,pollutant,Isopropyl Benzene - Cumene,"Endocrine, Urinary",2026 YTD,2026-01-01,2026-09-12,0.0001,mean ÷ screening level,0.00635,85.43972,5217.0,,0.85245,,,,,2026-09-12
Other Health Risks,Cesar Chavez [V] POC 1,48-201-6000,Harris,pollutant,Isopropyl Benzene - Cumene,"Endocrine, Urinary",Last 365 Days,2025-09-12,2026-09-12,0.0001,mean ÷ screening level,0.01011,85.43972,7450.0,,0.84813,,,,,2026-09-12
Other Health Risks,Cesar Chavez [V] POC 1,48-201-6000,Harris,pollutant,Isopropyl Benzene - Cumene,"Endocrine, Urinary",Sep 2026,2026-09-01,2026-09-30,0.0002,mean of weekly means ÷ screening level,0.01404,85.43972,302.0,2.0,0.89881,,,,,2026-09-12
Other Health Risks,Cesar Chavez [V] POC 1,48-201-6000,Harris,pollutant,Styrene,"Hematological, Hepatic, Nervous",2023,2023-01-01,2023-12-31,0.0002,mean ÷ screening level,0.05196,234.75756,6728.0,,0.76804,,,,,2026-09-12
Other Health Risks,Cesar Chavez [V] POC 1,48-201-6000,Harris,pollutant,Styrene,"Hematological, Hepatic, Nervous",2024,2024-01-01,2024-12-31,0.0002,mean ÷ screening level,0.05396,234.75756,7062.0,,0.80396,,,,,2026-09-12
Other Health Risks,Cesar Chavez [V] POC 1,48-201-6000,Harris,pollutant,Styrene,"Hematological, Hepatic, Nervous",2025,2025-01-01,2025-12-31,0.0002,mean ÷ screening level,0.04016,234.75756,7252.0,,0.82785,,,,,2026-09-12
Other Health Risks,Cesar Chavez [V] POC 1,48-201-6000,Harris,pollutant,Styrene,"Hematological, Hepatic, Nervous",2026 YTD,2026-01-01,2026-09-12,0.0001,mean ÷ screening level,0.02993,234.75756,5217.0,,0.85245,,,,,2026-09-12
Other Health Risks,Cesar Chavez [V] POC 1,48-201-6000,Harris,pollutant,Styrene,"Hematological, Hepatic, Nervous",Last 365 Days,2025-09-12,2026-09-12,0.0002,mean ÷ screening level,0.0386,234.75756,7450.0,,0.84813,,,,,2026-09-12
Other Health Risks,Cesar Chavez [V] POC 1,48-201-6000,Harris,pollutant,Styrene,"Hematological, Hepatic, Nervous",Sep 2026,2026-09-01,2026-09-30,0.0001,mean of weekly means ÷ screening level,0.03225,234.75756,453.0,3.0,0.89881,,,,,2026-09-12
Other Health Risks,Cesar Chavez [V] POC 1,48-201-6000,Harris,pollutant,Toluene,"Nervous, Urinary",2023,2023-01-01,2023-12-31,0.0006,mean ÷ screening level,0.83007,1379.85674,6730.0,,0.76826,,,,,2026-09-12
Other Health Risks,Cesar Chavez [V] POC 1,48-201-6000,Harris,pollutant,Toluene,"Nervous, Urinary",2024,2024-01-01,2024-12-31,0.0006,mean ÷ screening level,0.76386,1379.85674,7062.0,,0.80396,,,,,2026-09-12
Other Health Risks,Cesar Chavez [V] POC 1,48-201-6000,Harris,pollutant,Toluene,"Nervous, Urinary",2025,2025-01-01,2025-12-31,0.0006,mean ÷ screening level,0.75954,1379.85674,7252.0,,0.82785,,,,,2026-09-12
Other Health Risks,Cesar Chavez [V] POC 1,48-201-6000,Harris,pollutant,Toluene,"Nervous, Urinary",2026 YTD,2026-01-01,2026-09-12,0.0004,mean ÷ screening level,0.56166,1379.85674,5217.0,,0.85245,,,,,2026-09-12
Other Health Risks,Cesar Chavez [V] POC 1,48-201-6000,Harris,pollutant,Toluene,"Nervous, Urinary",Last 365 Days,2025-09-12,2026-09-12,0.0005,mean ÷ screening level,0.67928,1379.85674,7450.0,,0.84813,,,,,2026-09-12
Other Health Risks,Cesar Chavez [V] POC 1,48-201-6000,Harris,pollutant,Toluene,"Nervous, Urinary",Sep 2026,2026-09-01,2026-09-30,0.0005,mean of weekly means ÷ screening level,0.75517,1379.85674,302.0,2.0,0.89881,,,,,2026-09-12
Other Health Risks,Cesar Chavez [V] POC 1,48-201-6000,Harris,pollutant,n-Hexane,Nervous,2023,2023-01-01,2023-12-31,0.002,mean ÷ screening level,0.41671,207.10722,6527.0,,0.74509,*,,,,2026-09-12
Other Health Risks,Cesar Chavez [V] POC 1,48-201-6000,Harris,pollutant,n-Hexane,Nervous,2024,2024-01-01,2024-12-31,0.0027,mean ÷ screening level,0.56461,207.10722,7062.0,,0.80396,,,,,2026-09-12
Other Health Risks,Cesar Chavez [V] POC 1,48-201-6000,Harris,pollutant,n-Hexane,Nervous,2025,2025-01-01,2025-12-31,0.003,mean ÷ screening level,0.61541,207.10722,7252.0,,0.82785,,,,,2026-09-12
Other Health Risks,Cesar Chavez [V] POC 1,48-201-6000,Harris,pollutant,n-Hexane,Nervous,2026 YTD,2026-01-01,2026-09-12,0.0018,mean ÷ screening level,0.37778,207.10722,5217.0,,0.85245,,,,,2026-09-12
Other Health Risks,Cesar Chavez [V] POC 1,48-201-6000,Harris,pollutant,n-Hexane,Nervous,Last 365 Days,2025-09-12,2026-09-12,0.0026,mean ÷ screening level,0.53516,207.10722,7450.0,,0.84813,,,,,2026-09-12
Other Health Risks,Cesar Chavez [V] POC 1,48-201-6000,Harris,pollutant,n-Hexane,Nervous,Sep 2026,2026-09-01,2026-09-30,0.0035,mean of weekly means ÷ screening level,0.72318,207.10722,151.0,1.0,0.89881,,,,,2026-09-12
Other Health Risks,Cesar Chavez [V] POC 1,48-201-6000,Harris,pollutant,o-Xylene,Nervous,2023,2023-01-01,2023-12-31,0.004,mean ÷ screening level,0.09123,23.03,6730.0,,0.76826,,,,,2026-09-12
Other Health Risks,Cesar Chavez [V] POC 1,48-201-6000,Harris,pollutant,o-Xylene,Nervous,2024,2024-01-01,2024-12-31,0.0046,mean ÷ screening level,0.10534,23.03,7062.0,,0.80396,,,,,2026-09-12
Other Health Risks,Cesar Chavez [V] POC 1,48-201-6000,Harris,pollutant,o-Xylene,Nervous,2025,2025-01-01,2025-12-31,0.0045,mean ÷ screening level,0.10391,23.03,7252.0,,0.82785,,,,,2026-09-12
Other Health Risks,Cesar Chavez [V] POC 1,48-201-6000,Harris,pollutant,o-Xylene,Nervous,2026 YTD,2026-01-01,2026-09-12,0.0033,mean ÷ screening level,0.07486,23.03,5217.0,,0.85245,,,,,2026-09-12
Other Health Risks,Cesar Chavez [V] POC 1,48-201-6000,Harris,pollutant,o-Xylene,Nervous,Last 365 Days,2025-09-12,2026-09-12,0.0041,mean ÷ screening level,0.09426,23.03,7450.0,,0.84813,,,,,2026-09-12
Other Health Risks,Cesar Chavez [V] POC 1,48-201-6000,Harris,pollutant,o-Xylene,Nervous,Sep 2026,2026-09-01,2026-09-30,0.0046,mean of weekly means ÷ screening level,0.10589,23.03,151.0,1.0,0.89881,,,,,2026-09-12
Other Health Risks,Cesar Chavez [V] POC 1,48-201-6000,Harris,pollutant,p-Xylene + m-Xylene,Nervous,2023,2023-01-01,2023-12-31,0.0116,mean ÷ screening level,0.26734,23.03127,6730.0,,0.76826,,,,,2026-09-12
Other Health Risks,Cesar Chavez [V] POC 1,48-201-6000,Harris,pollutant,p-Xylene + m-Xylene,Nervous,2024,2024-01-01,2024-12-31,0.0137,mean ÷ screening level,0.31633,23.03127,7062.0,,0.80396,,,,,2026-09-12
Other Health Risks,Cesar Chavez [V] POC 1,48-201-6000,Harris,pollutant,p-Xylene + m-Xylene,Nervous,2025,2025-01-01,2025-12-31,0.0134,mean ÷ screening level,0.30818,23.03127,7252.0,,0.82785,,,,,2026-09-12
Other Health Risks,Cesar Chavez [V] POC 1,48-201-6000,Harris,pollutant,p-Xylene + m-Xylene,Nervous,2026 YTD,2026-01-01,2026-09-12,0.0101,mean ÷ screening level,0.23204,23.03127,5217.0,,0.85245,,,,,2026-09-12
Other Health Risks,Cesar Chavez [V] POC 1,48-201-6000,Harris,pollutant,p-Xylene + m-Xylene,Nervous,Last 365 Days,2025-09-12,2026-09-12,0.0124,mean ÷ screening level,0.28448,23.03127,7450.0,,0.84813,,,,,2026-09-12
Other Health Risks,Cesar Chavez [V] POC 1,48-201-6000,Harris,pollutant,p-Xylene + m-Xylene,Nervous,Sep 2026,2026-09-01,2026-09-30,0.0135,mean of weekly means ÷ screening level,0.31073,23.03127,151.0,1.0,0.89881,,,,,2026-09-12
Other Health Risks,Cesar Chavez [V] POC 1,48-201-6000,Harris,total,Total,,2023,2023-01-01,2023-12-31,0.255,sum of pollutant ratios,,,,,0.74509,*,,,,2026-09-12
Other Health Risks,Cesar Chavez [V] POC 1,48-201-6000,Harris,total,Total,,2024,2024-01-01,2024-12-31,0.2433,sum of pollutant ratios,,,,,0.79781,,,,,2026-09-12
Other Health Risks,Cesar Chavez [V] POC 1,48-201-6000,Harris,total,Total,,2025,2025-01-01,2025-12-31,0.2614,sum of pollutant ratios,,,,,0.77957,,,,,2026-09-12
Other Health Risks,Cesar Chavez [V] POC 1,48-201-6000,Harris,total,Total,,2026 YTD,2026-01-01,2026-09-12,0.1318,sum of pollutant ratios,,,,,0.84542,,,,,2026-09-12
Other Health Risks,Cesar Chavez [V] POC 1,48-201-6000,Harris,total,Total,,Last 365 Days,2025-09-12,2026-09-12,0.1963,sum of pollutant ratios,,,,,0.84324,,,,,2026-09-12
Other Health Risks,Cesar Chavez [V] POC 1,48-201-6000,Harris,total,Total,,Sep 2026,2026-09-01,2026-09-30,0.0854,sum of pollutant ratios,,,,,0.89881,,,,,2026-09-12
Other Health Risks,Channelview Drive Water Tower [56] POC 2,48-201-0026,Harris,health_effect_total,Ability to have children,Reproductive,2023,2023-01-01,2023-12-31,0.1613,sum of pollutant ratios,,,,,0.83801,,,,,2026-09-12
Other Health Risks,Channelview Drive Water Tower [56] POC 2,48-201-0026,Harris,health_effect_total,Ability to have children,Reproductive,2024,2024-01-01,2024-12-31,0.2504,sum of pollutant ratios,,,,,0.78506,,,,,2026-09-12
Other Health Risks,Channelview Drive Water Tower [56] POC 2,48-201-0026,Harris,health_effect_total,Ability to have children,Reproductive,2025,2025-01-01,2025-12-31,0.2847,sum of pollutant ratios,,,,,0.78345,,,,,2026-09-12
Other Health Risks,Channelview Drive Water Tower [56] POC 2,48-201-0026,Harris,health_effect_total,Ability to have children,Reproductive,2026 YTD,2026-01-01,2026-09-12,0.1162,sum of pollutant ratios,,,,,0.86144,,,,,2026-09-12
Other Health Risks,Channelview Drive Water Tower [56] POC 2,48-201-0026,Harris,health_effect_total,Ability to have children,Reproductive,Last 365 Days,2025-09-12,2026-09-12,0.1399,sum of pollutant ratios,,,,,0.84836,,,,,2026-09-12
Other Health Risks,Channelview Drive Water Tower [56] POC 2,48-201-0026,Harris,health_effect_total,Ability to have children,Reproductive,Sep 2026,2026-09-01,2026-09-30,0.0654,sum of pollutant ratios,,,,,0.8869,,,,,2026-09-12
Other Health Risks,Channelview Drive Water Tower [56] POC 2,48-201-0026,Harris,health_effect_total,Blood,Hematological,2023,2023-01-01,2023-12-31,0.0141,sum of pollutant ratios,,,,,0.83436,,,,,2026-09-12
Other Health Risks,Channelview Drive Water Tower [56] POC 2,48-201-0026,Harris,health_effect_total,Blood,Hematological,2024,2024-01-01,2024-12-31,0.0168,sum of pollutant ratios,,,,,0.73714,*,,,,2026-09-12
Other Health Risks,Channelview Drive Water Tower [56] POC 2,48-201-0026,Harris,health_effect_total,Blood,Hematological,2025,2025-01-01,2025-12-31,0.0157,sum of pollutant ratios,,,,,0.74189,*,,,,2026-09-12
Other Health Risks,Channelview Drive Water Tower [56] POC 2,48-201-0026,Harris,health_effect_total,Blood,Hematological,2026 YTD,2026-01-01,2026-09-12,0.0134,sum of pollutant ratios,,,,,0.84918,,,,,2026-09-12
Other Health Risks,Channelview Drive Water Tower [56] POC 2,48-201-0026,Harris,health_effect_total,Blood,Hematological,Last 365 Days,2025-09-12,2026-09-12,0.0139,sum of pollutant ratios,,,,,0.83288,,,,,2026-09-12
Other Health Risks,Channelview Drive Water Tower [56] POC 2,48-201-0026,Harris,health_effect_total,Blood,Hematological,Sep 2026,2026-09-01,2026-09-30,0.0147,sum of pollutant ratios,,,,,0.8869,,,,,2026-09-12
Other Health Risks,Channelview Drive Water Tower [56] POC 2,48-201-0026,Harris,health_effect_total,Brain and nervous system,Nervous,2023,2023-01-01,2023-12-31,0.093,sum of pollutant ratios,,,,,0.83436,,,,,2026-09-12
Other Health Risks,Channelview Drive Water Tower [56] POC 2,48-201-0026,Harris,health_effect_total,Brain and nervous system,Nervous,2024,2024-01-01,2024-12-31,0.0898,sum of pollutant ratios,,,,,0.73714,*,,,,2026-09-12
Other Health Risks,Channelview Drive Water Tower [56] POC 2,48-201-0026,Harris,health_effect_total,Brain and nervous system,Nervous,2025,2025-01-01,2025-12-31,0.1079,sum of pollutant ratios,,,,,0.74189,*,,,,2026-09-12
Other Health Risks,Channelview Drive Water Tower [56] POC 2,48-201-0026,Harris,health_effect_total,Brain and nervous system,Nervous,2026 YTD,2026-01-01,2026-09-12,0.1108,sum of pollutant ratios,,,,,0.84788,,,,,2026-09-12
Other Health Risks,Channelview Drive Water Tower [56] POC 2,48-201-0026,Harris,health_effect_total,Brain and nervous system,Nervous,Last 365 Days,2025-09-12,2026-09-12,0.1063,sum of pollutant ratios,,,,,0.83288,,,,,2026-09-12
Other Health Risks,Channelview Drive Water Tower [56] POC 2,48-201-0026,Harris,health_effect_total,Brain and nervous system,Nervous,Sep 2026,2026-09-01,2026-09-30,0.1475,sum of pollutant ratios,,,,,0.8869,,,,,2026-09-12
Other Health Risks,Channelview Drive Water Tower [56] POC 2,48-201-0026,Harris,health_effect_total,Growth and development (children's),Developmental,2023,2023-01-01,2023-12-31,0.0133,sum of pollutant ratios,,,,,0.83436,,,,,2026-09-12
Other Health Risks,Channelview Drive Water Tower [56] POC 2,48-201-0026,Harris,health_effect_total,Growth and development (children's),Developmental,2024,2024-01-01,2024-12-31,0.0153,sum of pollutant ratios,,,,,0.73714,*,,,,2026-09-12
Other Health Risks,Channelview Drive Water Tower [56] POC 2,48-201-0026,Harris,health_effect_total,Growth and development (children's),Developmental,2025,2025-01-01,2025-12-31,0.0161,sum of pollutant ratios,,,,,0.74189,*,,,,2026-09-12
Other Health Risks,Channelview Drive Water Tower [56] POC 2,48-201-0026,Harris,health_effect_total,Growth and development (children's),Developmental,2026 YTD,2026-01-01,2026-09-12,0.0141,sum of pollutant ratios,,,,,0.84918,,,,,2026-09-12
Other Health Risks,Channelview Drive Water Tower [56] POC 2,48-201-0026,Harris,health_effect_total,Growth and development (children's),Developmental,Last 365 Days,2025-09-12,2026-09-12,0.0143,sum of pollutant ratios,,,,,0.83288,,,,,2026-09-12
Other Health Risks,Channelview Drive Water Tower [56] POC 2,48-201-0026,Harris,health_effect_total,Growth and development (children's),Developmental,Sep 2026,2026-09-01,2026-09-30,0.0139,sum of pollutant ratios,,,,,0.8869,,,,,2026-09-12
Other Health Risks,Channelview Drive Water Tower [56] POC 2,48-201-0026,Harris,health_effect_total,Hormone system,Endocrine,2023,2023-01-01,2023-12-31,0.0006,sum of pollutant ratios,,,,,0.83801,,,,,2026-09-12
Other Health Risks,Channelview Drive Water Tower [56] POC 2,48-201-0026,Harris,health_effect_total,Hormone system,Endocrine,2024,2024-01-01,2024-12-31,0.0003,sum of pollutant ratios,,,,,0.78506,,,,,2026-09-12
Other Health Risks,Channelview Drive Water Tower [56] POC 2,48-201-0026,Harris,health_effect_total,Hormone system,Endocrine,2025,2025-01-01,2025-12-31,0.0005,sum of pollutant ratios,,,,,0.78345,,,,,2026-09-12
Other Health Risks,Channelview Drive Water Tower [56] POC 2,48-201-0026,Harris,health_effect_total,Hormone system,Endocrine,2026 YTD,2026-01-01,2026-09-12,0.0004,sum of pollutant ratios,,,,,0.86144,,,,,2026-09-12
Other Health Risks,Channelview Drive Water Tower [56] POC 2,48-201-0026,Harris,health_effect_total,Hormone system,Endocrine,Last 365 Days,2025-09-12,2026-09-12,0.0004,sum of pollutant ratios,,,,,0.84836,,,,,2026-09-12
Other Health Risks,Channelview Drive Water Tower [56] POC 2,48-201-0026,Harris,health_effect_total,Hormone system,Endocrine,Sep 2026,2026-09-01,2026-09-30,0.0012,sum of pollutant ratios,,,,,0.8869,,,,,2026-09-12
Other Health Risks,Channelview Drive Water Tower [56] POC 2,48-201-0026,Harris,health_effect_total,Immune system,Immune,2023,2023-01-01,2023-12-31,0.0979,sum of pollutant ratios,,,,,0.83801,,,,,2026-09-12
Other Health Risks,Channelview Drive Water Tower [56] POC 2,48-201-0026,Harris,health_effect_total,Immune system,Immune,2024,2024-01-01,2024-12-31,0.0998,sum of pollutant ratios,,,,,0.78506,,,,,2026-09-12
Other Health Risks,Channelview Drive Water Tower [56] POC 2,48-201-0026,Harris,health_effect_total,Immune system,Immune,2025,2025-01-01,2025-12-31,0.0834,sum of pollutant ratios,,,,,0.78345,,,,,2026-09-12
Other Health Risks,Channelview Drive Water Tower [56] POC 2,48-201-0026,Harris,health_effect_total,Immune system,Immune,2026 YTD,2026-01-01,2026-09-12,0.0683,sum of pollutant ratios,,,,,0.86144,,,,,2026-09-12
Other Health Risks,Channelview Drive Water Tower [56] POC 2,48-201-0026,Harris,health_effect_total,Immune system,Immune,Last 365 Days,2025-09-12,2026-09-12,0.0709,sum of pollutant ratios,,,,,0.84836,,,,,2026-09-12
Other Health Risks,Channelview Drive Water Tower [56] POC 2,48-201-0026,Harris,health_effect_total,Immune system,Immune,Sep 2026,2026-09-01,2026-09-30,0.0804,sum of pollutant ratios,,,,,0.8869,,,,,2026-09-12
Other Health Risks,Channelview Drive Water Tower [56] POC 2,48-201-0026,Harris,health_effect_total,Kidneys and urinary system,Urinary,2023,2023-01-01,2023-12-31,0.0027,sum of pollutant ratios,,,,,0.83801,,,,,2026-09-12
Other Health Risks,Channelview Drive Water Tower [56] POC 2,48-201-0026,Harris,health_effect_total,Kidneys and urinary system,Urinary,2024,2024-01-01,2024-12-31,0.0023,sum of pollutant ratios,,,,,0.78506,,,,,2026-09-12
Other Health Risks,Channelview Drive Water Tower [56] POC 2,48-201-0026,Harris,health_effect_total,Kidneys and urinary system,Urinary,2025,2025-01-01,2025-12-31,0.0029,sum of pollutant ratios,,,,,0.78345,,,,,2026-09-12
Other Health Risks,Channelview Drive Water Tower [56] POC 2,48-201-0026,Harris,health_effect_total,Kidneys and urinary system,Urinary,2026 YTD,2026-01-01,2026-09-12,0.0028,sum of pollutant ratios,,,,,0.86144,,,,,2026-09-12
Other Health Risks,Channelview Drive Water Tower [56] POC 2,48-201-0026,Harris,health_effect_total,Kidneys and urinary system,Urinary,Last 365 Days,2025-09-12,2026-09-12,0.0027,sum of pollutant ratios,,,,,0.84836,,,,,2026-09-12
Other Health Risks,Channelview Drive Water Tower [56] POC 2,48-201-0026,Harris,health_effect_total,Kidneys and urinary system,Urinary,Sep 2026,2026-09-01,2026-09-30,0.0043,sum of pollutant ratios,,,,,0.8869,,,,,2026-09-12
Other Health Risks,Channelview Drive Water Tower [56] POC 2,48-201-0026,Harris,health_effect_total,Liver,Hepatic,2023,2023-01-01,2023-12-31,0.002,sum of pollutant ratios,,,,,0.83801,,,,,2026-09-12
Other Health Risks,Channelview Drive Water Tower [56] POC 2,48-201-0026,Harris,health_effect_total,Liver,Hepatic,2024,2024-01-01,2024-12-31,0.0018,sum of pollutant ratios,,,,,0.78506,,,,,2026-09-12
Other Health Risks,Channelview Drive Water Tower [56] POC 2,48-201-0026,Harris,health_effect_total,Liver,Hepatic,2025,2025-01-01,2025-12-31,0.0022,sum of pollutant ratios,,,,,0.78345,,,,,2026-09-12
Other Health Risks,Channelview Drive Water Tower [56] POC 2,48-201-0026,Harris,health_effect_total,Liver,Hepatic,2026 YTD,2026-01-01,2026-09-12,0.0021,sum of pollutant ratios,,,,,0.86144,,,,,2026-09-12
Other Health Risks,Channelview Drive Water Tower [56] POC 2,48-201-0026,Harris,health_effect_total,Liver,Hepatic,Last 365 Days,2025-09-12,2026-09-12,0.0021,sum of pollutant ratios,,,,,0.84836,,,,,2026-09-12
Other Health Risks,Channelview Drive Water Tower [56] POC 2,48-201-0026,Harris,health_effect_total,Liver,Hepatic,Sep 2026,2026-09-01,2026-09-30,0.0029,sum of pollutant ratios,,,,,0.8869,,,,,2026-09-12
Other Health Risks,Channelview Drive Water Tower [56] POC 2,48-201-0026,Harris,health_effect_total,Lungs & breathing,Respiratory,2023,2023-01-01,2023-12-31,0.0136,sum of pollutant ratios,,,,,0.83436,,,,,2026-09-12
Other Health Risks,Channelview Drive Water Tower [56] POC 2,48-201-0026,Harris,health_effect_total,Lungs & breathing,Respiratory,2024,2024-01-01,2024-12-31,0.0163,sum of pollutant ratios,,,,,0.73714,*,,,,2026-09-12
Other Health Risks,Channelview Drive Water Tower [56] POC 2,48-201-0026,Harris,health_effect_total,Lungs & breathing,Respiratory,2025,2025-01-01,2025-12-31,0.0154,sum of pollutant ratios,,,,,0.74189,*,,,,2026-09-12
Other Health Risks,Channelview Drive Water Tower [56] POC 2,48-201-0026,Harris,health_effect_total,Lungs & breathing,Respiratory,2026 YTD,2026-01-01,2026-09-12,0.0132,sum of pollutant ratios,,,,,0.84918,,,,,2026-09-12
Other Health Risks,Channelview Drive Water Tower [56] POC 2,48-201-0026,Harris,health_effect_total,Lungs & breathing,Respiratory,Last 365 Days,2025-09-12,2026-09-12,0.0136,sum of pollutant ratios,,,,,0.83288,,,,,2026-09-12
Other Health Risks,Channelview Drive Water Tower [56] POC 2,48-201-0026,Harris,health_effect_total,Lungs & breathing,Respiratory,Sep 2026,2026-09-01,2026-09-30,0.0143,sum of pollutant ratios,,,,,0.8869,,,,,2026-09-12
Other Health Risks,Channelview Drive Water Tower [56] POC 2,48-201-0026,Harris,pollutant,"1,2,3-Trimethylbenzene","Hematological, Nervous, Respiratory",2023,2023-01-01,2023-12-31,0.0052,mean ÷ screening level,0.06618,12.81596,7341.0,,0.83801,,,,,2026-09-12
Other Health Risks,Channelview Drive Water Tower [56] POC 2,48-201-0026,Harris,pollutant,"1,2,3-Trimethylbenzene","Hematological, Nervous, Respiratory",2024,2024-01-01,2024-12-31,0.0059,mean ÷ screening level,0.07507,12.81596,6896.0,,0.78506,,,,,2026-09-12
Other Health Risks,Channelview Drive Water Tower [56] POC 2,48-201-0026,Harris,pollutant,"1,2,3-Trimethylbenzene","Hematological, Nervous, Respiratory",2025,2025-01-01,2025-12-31,0.0051,mean ÷ screening level,0.06564,12.81596,6863.0,,0.78345,,,,,2026-09-12
Other Health Risks,Channelview Drive Water Tower [56] POC 2,48-201-0026,Harris,pollutant,"1,2,3-Trimethylbenzene","Hematological, Nervous, Respiratory",2026 YTD,2026-01-01,2026-09-12,0.0043,mean ÷ screening level,0.05493,12.81596,5197.0,,0.84918,,,,,2026-09-12
Other Health Risks,Channelview Drive Water Tower [56] POC 2,48-201-0026,Harris,pollutant,"1,2,3-Trimethylbenzene","Hematological, Nervous, Respiratory",Last 365 Days,2025-09-12,2026-09-12,0.0046,mean ÷ screening level,0.05931,12.81596,7377.0,,0.83982,,,,,2026-09-12
Other Health Risks,Channelview Drive Water Tower [56] POC 2,48-201-0026,Harris,pollutant,"1,2,3-Trimethylbenzene","Hematological, Nervous, Respiratory",Sep 2026,2026-09-01,2026-09-30,0.0062,mean of weekly means ÷ screening level,0.07919,12.81596,447.0,3.0,0.8869,,,,,2026-09-12
Other Health Risks,Channelview Drive Water Tower [56] POC 2,48-201-0026,Harris,pollutant,"1,2,4-Trimethylbenzene","Hematological, Nervous, Developmental, Respiratory",2023,2023-01-01,2023-12-31,0.0085,mean ÷ screening level,0.10862,12.81596,7309.0,,0.83436,,,,,2026-09-12
Other Health Risks,Channelview Drive Water Tower [56] POC 2,48-201-0026,Harris,pollutant,"1,2,4-Trimethylbenzene","Hematological, Nervous, Developmental, Respiratory",2024,2024-01-01,2024-12-31,0.0105,mean ÷ screening level,0.13424,12.81596,6475.0,,0.73714,*,,,,2026-09-12
Other Health Risks,Channelview Drive Water Tower [56] POC 2,48-201-0026,Harris,pollutant,"1,2,4-Trimethylbenzene","Hematological, Nervous, Developmental, Respiratory",2025,2025-01-01,2025-12-31,0.0102,mean ÷ screening level,0.13114,12.81596,6499.0,,0.74189,*,,,,2026-09-12
Other Health Risks,Channelview Drive Water Tower [56] POC 2,48-201-0026,Harris,pollutant,"1,2,4-Trimethylbenzene","Hematological, Nervous, Developmental, Respiratory",2026 YTD,2026-01-01,2026-09-12,0.0089,mean ÷ screening level,0.11428,12.81596,5197.0,,0.84918,,,,,2026-09-12
Other Health Risks,Channelview Drive Water Tower [56] POC 2,48-201-0026,Harris,pollutant,"1,2,4-Trimethylbenzene","Hematological, Nervous, Developmental, Respiratory",Last 365 Days,2025-09-12,2026-09-12,0.009,mean ÷ screening level,0.11542,12.81596,7316.0,,0.83288,,,,,2026-09-12
Other Health Risks,Channelview Drive Water Tower [56] POC 2,48-201-0026,Harris,pollutant,"1,2,4-Trimethylbenzene","Hematological, Nervous, Developmental, Respiratory",Sep 2026,2026-09-01,2026-09-30,0.0081,mean of weekly means ÷ screening level,0.10416,12.81596,596.0,4.0,0.8869,,,,,2026-09-12
Other Health Risks,Channelview Drive Water Tower [56] POC 2,48-201-0026,Harris,pollutant,"1,3,5-Trimethylbenzene","Developmental, Nervous",2023,2023-01-01,2023-12-31,0.0032,mean ÷ screening level,0.04047,12.81596,7341.0,,0.83801,,,,,2026-09-12
Other Health Risks,Channelview Drive Water Tower [56] POC 2,48-201-0026,Harris,pollutant,"1,3,5-Trimethylbenzene","Developmental, Nervous",2024,2024-01-01,2024-12-31,0.0033,mean ÷ screening level,0.04222,12.81596,6896.0,,0.78506,,,,,2026-09-12
Other Health Risks,Channelview Drive Water Tower [56] POC 2,48-201-0026,Harris,pollutant,"1,3,5-Trimethylbenzene","Developmental, Nervous",2025,2025-01-01,2025-12-31,0.004,mean ÷ screening level,0.05076,12.81596,6863.0,,0.78345,,,,,2026-09-12
Other Health Risks,Channelview Drive Water Tower [56] POC 2,48-201-0026,Harris,pollutant,"1,3,5-Trimethylbenzene","Developmental, Nervous",2026 YTD,2026-01-01,2026-09-12,0.0032,mean ÷ screening level,0.04105,12.81596,5197.0,,0.84918,,,,,2026-09-12
Other Health Risks,Channelview Drive Water Tower [56] POC 2,48-201-0026,Harris,pollutant,"1,3,5-Trimethylbenzene","Developmental, Nervous",Last 365 Days,2025-09-12,2026-09-12,0.0033,mean ÷ screening level,0.0429,12.81596,7377.0,,0.83982,,,,,2026-09-12
Other Health Risks,Channelview Drive Water Tower [56] POC 2,48-201-0026,Harris,pollutant,"1,3,5-Trimethylbenzene","Developmental, Nervous",Sep 2026,2026-09-01,2026-09-30,0.003,mean of weekly means ÷ screening level,0.03812,12.81596,298.0,2.0,0.8869,,,,,2026-09-12
Other Health Risks,Channelview Drive Water Tower [56] POC 2,48-201-0026,Harris,pollutant,"1,3-Butadiene",Reproductive,2023,2023-01-01,2023-12-31,0.1613,mean ÷ screening level,0.15308,0.94925,7341.0,,0.83801,,,,,2026-09-12
Other Health Risks,Channelview Drive Water Tower [56] POC 2,48-201-0026,Harris,pollutant,"1,3-Butadiene",Reproductive,2024,2024-01-01,2024-12-31,0.2504,mean ÷ screening level,0.23767,0.94925,6896.0,,0.78506,,,,,2026-09-12
Other Health Risks,Channelview Drive Water Tower [56] POC 2,48-201-0026,Harris,pollutant,"1,3-Butadiene",Reproductive,2025,2025-01-01,2025-12-31,0.2847,mean ÷ screening level,0.27021,0.94925,6863.0,,0.78345,,,,,2026-09-12
Other Health Risks,Channelview Drive Water Tower [56] POC 2,48-201-0026,Harris,pollutant,"1,3-Butadiene",Reproductive,2026 YTD,2026-01-01,2026-09-12,0.1162,mean ÷ screening level,0.11029,0.94925,5272.0,,0.86144,,,,,2026-09-12
Other Health Risks,Channelview Drive Water Tower [56] POC 2,48-201-0026,Harris,pollutant,"1,3-Butadiene",Reproductive,Last 365 Days,2025-09-12,2026-09-12,0.1399,mean ÷ screening level,0.13277,0.94925,7452.0,,0.84836,,,,,2026-09-12
Other Health Risks,Channelview Drive Water Tower [56] POC 2,48-201-0026,Harris,pollutant,"1,3-Butadiene",Reproductive,Sep 2026,2026-09-01,2026-09-30,0.0654,mean of weekly means ÷ screening level,0.06208,0.94925,149.0,1.0,0.8869,,,,,2026-09-12
Other Health Risks,Channelview Drive Water Tower [56] POC 2,48-201-0026,Harris,pollutant,Benzene,Immune,2023,2023-01-01,2023-12-31,0.0979,mean ÷ screening level,0.95007,9.70362,7341.0,,0.83801,,,,,2026-09-12
Other Health Risks,Channelview Drive Water Tower [56] POC 2,48-201-0026,Harris,pollutant,Benzene,Immune,2024,2024-01-01,2024-12-31,0.0998,mean ÷ screening level,0.96851,9.70362,6896.0,,0.78506,,,,,2026-09-12
Other Health Risks,Channelview Drive Water Tower [56] POC 2,48-201-0026,Harris,pollutant,Benzene,Immune,2025,2025-01-01,2025-12-31,0.0834,mean ÷ screening level,0.80969,9.70362,6863.0,,0.78345,,,,,2026-09-12
Other Health Risks,Channelview Drive Water Tower [56] POC 2,48-201-0026,Harris,pollutant,Benzene,Immune,2026 YTD,2026-01-01,2026-09-12,0.0683,mean ÷ screening level,0.66318,9.70362,5272.0,,0.86144,,,,,2026-09-12
Other Health Risks,Channelview Drive Water Tower [56] POC 2,48-201-0026,Harris,pollutant,Benzene,Immune,Last 365 Days,2025-09-12,2026-09-12,0.0709,mean ÷ screening level,0.68772,9.70362,7452.0,,0.84836,,,,,2026-09-12
Other Health Risks,Channelview Drive Water Tower [56] POC 2,48-201-0026,Harris,pollutant,Benzene,Immune,Sep 2026,2026-09-01,2026-09-30,0.0804,mean of weekly means ÷ screening level,0.77987,9.70362,149.0,1.0,0.8869,,,,,2026-09-12
Other Health Risks,Channelview Drive Water Tower [56] POC 2,48-201-0026,Harris,pollutant,Cyclohexane,Developmental,2023,2023-01-01,2023-12-31,0.0002,mean ÷ screening level,0.30739,1830.26,7341.0,,0.83801,,,,,2026-09-12
Other Health Risks,Channelview Drive Water Tower [56] POC 2,48-201-0026,Harris,pollutant,Cyclohexane,Developmental,2024,2024-01-01,2024-12-31,0.0002,mean ÷ screening level,0.36278,1830.26,6896.0,,0.78506,,,,,2026-09-12
Other Health Risks,Channelview Drive Water Tower [56] POC 2,48-201-0026,Harris,pollutant,Cyclohexane,Developmental,2025,2025-01-01,2025-12-31,0.0002,mean ÷ screening level,0.2986,1830.26,6863.0,,0.78345,,,,,2026-09-12
Other Health Risks,Channelview Drive Water Tower [56] POC 2,48-201-0026,Harris,pollutant,Cyclohexane,Developmental,2026 YTD,2026-01-01,2026-09-12,0.0002,mean ÷ screening level,0.2764,1830.26,5272.0,,0.86144,,,,,2026-09-12
Other Health Risks,Channelview Drive Water Tower [56] POC 2,48-201-0026,Harris,pollutant,Cyclohexane,Developmental,Last 365 Days,2025-09-12,2026-09-12,0.0002,mean ÷ screening level,0.28721,1830.26,7452.0,,0.84836,,,,,2026-09-12
Other Health Risks,Channelview Drive Water Tower [56] POC 2,48-201-0026,Harris,pollutant,Cyclohexane,Developmental,Sep 2026,2026-09-01,2026-09-30,0.0002,mean of weekly means ÷ screening level,0.40745,1830.26,149.0,1.0,0.8869,,,,,2026-09-12
Other Health Risks,Channelview Drive Water Tower [56] POC 2,48-201-0026,Harris,pollutant,Ethyl Benzene,"Developmental, Hepatic, Urinary",2023,2023-01-01,2023-12-31,0.0015,mean ÷ screening level,0.3475,230.29755,7341.0,,0.83801,,,,,2026-09-12
Other Health Risks,Channelview Drive Water Tower [56] POC 2,48-201-0026,Harris,pollutant,Ethyl Benzene,"Developmental, Hepatic, Urinary",2024,2024-01-01,2024-12-31,0.0014,mean ÷ screening level,0.31117,230.29755,6896.0,,0.78506,,,,,2026-09-12
Other Health Risks,Channelview Drive Water Tower [56] POC 2,48-201-0026,Harris,pollutant,Ethyl Benzene,"Developmental, Hepatic, Urinary",2025,2025-01-01,2025-12-31,0.0018,mean ÷ screening level,0.41311,230.29755,6863.0,,0.78345,,,,,2026-09-12
Other Health Risks,Channelview Drive Water Tower [56] POC 2,48-201-0026,Harris,pollutant,Ethyl Benzene,"Developmental, Hepatic, Urinary",2026 YTD,2026-01-01,2026-09-12,0.0019,mean ÷ screening level,0.43107,230.29755,5272.0,,0.86144,,,,,2026-09-12
Other Health Risks,Channelview Drive Water Tower [56] POC 2,48-201-0026,Harris,pollutant,Ethyl Benzene,"Developmental, Hepatic, Urinary",Last 365 Days,2025-09-12,2026-09-12,0.0018,mean ÷ screening level,0.41719,230.29755,7452.0,,0.84836,,,,,2026-09-12
Other Health Risks,Channelview Drive Water Tower [56] POC 2,48-201-0026,Harris,pollutant,Ethyl Benzene,"Developmental, Hepatic, Urinary",Sep 2026,2026-09-01,2026-09-30,0.0025,mean of weekly means ÷ screening level,0.5843,230.29755,447.0,3.0,0.8869,,,,,2026-09-12
Other Health Risks,Channelview Drive Water Tower [56] POC 2,48-201-0026,Harris,pollutant,Isopropyl Benzene - Cumene,"Endocrine, Urinary",2023,2023-01-01,2023-12-31,0.0006,mean ÷ screening level,0.05549,85.43972,7341.0,,0.83801,,,,,2026-09-12
Other Health Risks,Channelview Drive Water Tower [56] POC 2,48-201-0026,Harris,pollutant,Isopropyl Benzene - Cumene,"Endocrine, Urinary",2024,2024-01-01,2024-12-31,0.0003,mean ÷ screening level,0.02972,85.43972,6896.0,,0.78506,,,,,2026-09-12
Other Health Risks,Channelview Drive Water Tower [56] POC 2,48-201-0026,Harris,pollutant,Isopropyl Benzene - Cumene,"Endocrine, Urinary",2025,2025-01-01,2025-12-31,0.0005,mean ÷ screening level,0.04491,85.43972,6863.0,,0.78345,,,,,2026-09-12
Other Health Risks,Channelview Drive Water Tower [56] POC 2,48-201-0026,Harris,pollutant,Isopropyl Benzene - Cumene,"Endocrine, Urinary",2026 YTD,2026-01-01,2026-09-12,0.0004,mean ÷ screening level,0.03388,85.43972,5272.0,,0.86144,,,,,2026-09-12
Other Health Risks,Channelview Drive Water Tower [56] POC 2,48-201-0026,Harris,pollutant,Isopropyl Benzene - Cumene,"Endocrine, Urinary",Last 365 Days,2025-09-12,2026-09-12,0.0004,mean ÷ screening level,0.03476,85.43972,7452.0,,0.84836,,,,,2026-09-12
Other Health Risks,Channelview Drive Water Tower [56] POC 2,48-201-0026,Harris,pollutant,Isopropyl Benzene - Cumene,"Endocrine, Urinary",Sep 2026,2026-09-01,2026-09-30,0.0012,mean of weekly means ÷ screening level,0.10081,85.43972,298.0,2.0,0.8869,,,,,2026-09-12
Other Health Risks,Channelview Drive Water Tower [56] POC 2,48-201-0026,Harris,pollutant,Styrene,"Hematological, Hepatic, Nervous",2023,2023-01-01,2023-12-31,0.0004,mean ÷ screening level,0.10401,234.75756,7341.0,,0.83801,,,,,2026-09-12
Other Health Risks,Channelview Drive Water Tower [56] POC 2,48-201-0026,Harris,pollutant,Styrene,"Hematological, Hepatic, Nervous",2024,2024-01-01,2024-12-31,0.0004,mean ÷ screening level,0.10381,234.75756,6896.0,,0.78506,,,,,2026-09-12
Other Health Risks,Channelview Drive Water Tower [56] POC 2,48-201-0026,Harris,pollutant,Styrene,"Hematological, Hepatic, Nervous",2025,2025-01-01,2025-12-31,0.0004,mean ÷ screening level,0.08929,234.75756,6863.0,,0.78345,,,,,2026-09-12
Other Health Risks,Channelview Drive Water Tower [56] POC 2,48-201-0026,Harris,pollutant,Styrene,"Hematological, Hepatic, Nervous",2026 YTD,2026-01-01,2026-09-12,0.0002,mean ÷ screening level,0.05748,234.75756,5272.0,,0.86144,,,,,2026-09-12
Other Health Risks,Channelview Drive Water Tower [56] POC 2,48-201-0026,Harris,pollutant,Styrene,"Hematological, Hepatic, Nervous",Last 365 Days,2025-09-12,2026-09-12,0.0003,mean ÷ screening level,0.06511,234.75756,7452.0,,0.84836,,,,,2026-09-12
Other Health Risks,Channelview Drive Water Tower [56] POC 2,48-201-0026,Harris,pollutant,Styrene,"Hematological, Hepatic, Nervous",Sep 2026,2026-09-01,2026-09-30,0.0004,mean of weekly means ÷ screening level,0.0945,234.75756,447.0,3.0,0.8869,,,,,2026-09-12
Other Health Risks,Channelview Drive Water Tower [56] POC 2,48-201-0026,Harris,pollutant,Toluene,"Nervous, Urinary",2023,2023-01-01,2023-12-31,0.0006,mean ÷ screening level,0.81048,1379.85674,7341.0,,0.83801,,,,,2026-09-12
Other Health Risks,Channelview Drive Water Tower [56] POC 2,48-201-0026,Harris,pollutant,Toluene,"Nervous, Urinary",2024,2024-01-01,2024-12-31,0.0006,mean ÷ screening level,0.89426,1379.85674,6896.0,,0.78506,,,,,2026-09-12
Other Health Risks,Channelview Drive Water Tower [56] POC 2,48-201-0026,Harris,pollutant,Toluene,"Nervous, Urinary",2025,2025-01-01,2025-12-31,0.0005,mean ÷ screening level,0.75503,1379.85674,6863.0,,0.78345,,,,,2026-09-12
Other Health Risks,Channelview Drive Water Tower [56] POC 2,48-201-0026,Harris,pollutant,Toluene,"Nervous, Urinary",2026 YTD,2026-01-01,2026-09-12,0.0005,mean ÷ screening level,0.70343,1379.85674,5272.0,,0.86144,,,,,2026-09-12
Other Health Risks,Channelview Drive Water Tower [56] POC 2,48-201-0026,Harris,pollutant,Toluene,"Nervous, Urinary",Last 365 Days,2025-09-12,2026-09-12,0.0005,mean ÷ screening level,0.73177,1379.85674,7452.0,,0.84836,,,,,2026-09-12
Other Health Risks,Channelview Drive Water Tower [56] POC 2,48-201-0026,Harris,pollutant,Toluene,"Nervous, Urinary",Sep 2026,2026-09-01,2026-09-30,0.0006,mean of weekly means ÷ screening level,0.78087,1379.85674,298.0,2.0,0.8869,,,,,2026-09-12
Other Health Risks,Channelview Drive Water Tower [56] POC 2,48-201-0026,Harris,pollutant,n-Hexane,Nervous,2023,2023-01-01,2023-12-31,0.0042,mean ÷ screening level,0.86684,207.10722,7330.0,,0.83676,,,,,2026-09-12
Other Health Risks,Channelview Drive Water Tower [56] POC 2,48-201-0026,Harris,pollutant,n-Hexane,Nervous,2024,2024-01-01,2024-12-31,0.0041,mean ÷ screening level,0.85658,207.10722,6887.0,,0.78404,,,,,2026-09-12
Other Health Risks,Channelview Drive Water Tower [56] POC 2,48-201-0026,Harris,pollutant,n-Hexane,Nervous,2025,2025-01-01,2025-12-31,0.0032,mean ÷ screening level,0.66906,207.10722,6863.0,,0.78345,,,,,2026-09-12
Other Health Risks,Channelview Drive Water Tower [56] POC 2,48-201-0026,Harris,pollutant,n-Hexane,Nervous,2026 YTD,2026-01-01,2026-09-12,0.0034,mean ÷ screening level,0.70074,207.10722,5272.0,,0.86144,,,,,2026-09-12
Other Health Risks,Channelview Drive Water Tower [56] POC 2,48-201-0026,Harris,pollutant,n-Hexane,Nervous,Last 365 Days,2025-09-12,2026-09-12,0.0033,mean ÷ screening level,0.67655,207.10722,7452.0,,0.84836,,,,,2026-09-12
Other Health Risks,Channelview Drive Water Tower [56] POC 2,48-201-0026,Harris,pollutant,n-Hexane,Nervous,Sep 2026,2026-09-01,2026-09-30,0.0053,mean of weekly means ÷ screening level,1.10383,207.10722,149.0,1.0,0.8869,,,,,2026-09-12
Other Health Risks,Channelview Drive Water Tower [56] POC 2,48-201-0026,Harris,pollutant,o-Xylene,Nervous,2023,2023-01-01,2023-12-31,0.0161,mean ÷ screening level,0.37182,23.03,7341.0,,0.83801,,,,,2026-09-12
Other Health Risks,Channelview Drive Water Tower [56] POC 2,48-201-0026,Harris,pollutant,o-Xylene,Nervous,2024,2024-01-01,2024-12-31,0.0152,mean ÷ screening level,0.35068,23.03,6895.0,,0.78495,,,,,2026-09-12
Other Health Risks,Channelview Drive Water Tower [56] POC 2,48-201-0026,Harris,pollutant,o-Xylene,Nervous,2025,2025-01-01,2025-12-31,0.0182,mean ÷ screening level,0.418,23.03,6863.0,,0.78345,,,,,2026-09-12
Other Health Risks,Channelview Drive Water Tower [56] POC 2,48-201-0026,Harris,pollutant,o-Xylene,Nervous,2026 YTD,2026-01-01,2026-09-12,0.0181,mean ÷ screening level,0.41756,23.03,5272.0,,0.86144,,,,,2026-09-12
Other Health Risks,Channelview Drive Water Tower [56] POC 2,48-201-0026,Harris,pollutant,o-Xylene,Nervous,Last 365 Days,2025-09-12,2026-09-12,0.0173,mean ÷ screening level,0.39875,23.03,7452.0,,0.84836,,,,,2026-09-12
Other Health Risks,Channelview Drive Water Tower [56] POC 2,48-201-0026,Harris,pollutant,o-Xylene,Nervous,Sep 2026,2026-09-01,2026-09-30,0.0246,mean of weekly means ÷ screening level,0.56671,23.03,149.0,1.0,0.8869,,,,,2026-09-12
Other Health Risks,Channelview Drive Water Tower [56] POC 2,48-201-0026,Harris,pollutant,p-Xylene + m-Xylene,Nervous,2023,2023-01-01,2023-12-31,0.0548,mean ÷ screening level,1.26261,23.03127,7341.0,,0.83801,,,,,2026-09-12
Other Health Risks,Channelview Drive Water Tower [56] POC 2,48-201-0026,Harris,pollutant,p-Xylene + m-Xylene,Nervous,2024,2024-01-01,2024-12-31,0.0497,mean ÷ screening level,1.1445,23.03127,6896.0,,0.78506,,,,,2026-09-12
Other Health Risks,Channelview Drive Water Tower [56] POC 2,48-201-0026,Harris,pollutant,p-Xylene + m-Xylene,Nervous,2025,2025-01-01,2025-12-31,0.0663,mean ÷ screening level,1.52626,23.03127,6844.0,,0.78128,,,,,2026-09-12
Other Health Risks,Channelview Drive Water Tower [56] POC 2,48-201-0026,Harris,pollutant,p-Xylene + m-Xylene,Nervous,2026 YTD,2026-01-01,2026-09-12,0.0721,mean ÷ screening level,1.66021,23.03127,5189.0,,0.84788,,,,,2026-09-12
Other Health Risks,Channelview Drive Water Tower [56] POC 2,48-201-0026,Harris,pollutant,p-Xylene + m-Xylene,Nervous,Last 365 Days,2025-09-12,2026-09-12,0.0679,mean ÷ screening level,1.56408,23.03127,7369.0,,0.83891,,,,,2026-09-12
Other Health Risks,Channelview Drive Water Tower [56] POC 2,48-201-0026,Harris,pollutant,p-Xylene + m-Xylene,Nervous,Sep 2026,2026-09-01,2026-09-30,0.0993,mean of weekly means ÷ screening level,2.28758,23.03127,149.0,1.0,0.8869,,,,,2026-09-12
Other Health Risks,Channelview Drive Water Tower [56] POC 2,48-201-0026,Harris,total,Total,,2023,2023-01-01,2023-12-31,0.3545,sum of pollutant ratios,,,,,0.83436,,,,,2026-09-12
Other Health Risks,Channelview Drive Water Tower [56] POC 2,48-201-0026,Harris,total,Total,,2024,2024-01-01,2024-12-31,0.4419,sum of pollutant ratios,,,,,0.73714,*,,,,2026-09-12
Other Health Risks,Channelview Drive Water Tower [56] POC 2,48-201-0026,Harris,total,Total,,2025,2025-01-01,2025-12-31,0.4785,sum of pollutant ratios,,,,,0.74189,*,,,,2026-09-12
Other Health Risks,Channelview Drive Water Tower [56] POC 2,48-201-0026,Harris,total,Total,,2026 YTD,2026-01-01,2026-09-12,0.2977,sum of pollutant ratios,,,,,0.84788,,,,,2026-09-12
Other Health Risks,Channelview Drive Water Tower [56] POC 2,48-201-0026,Harris,total,Total,,Last 365 Days,2025-09-12,2026-09-12,0.3194,sum of pollutant ratios,,,,,0.83288,,,,,2026-09-12
Other Health Risks,Channelview Drive Water Tower [56] POC 2,48-201-0026,Harris,total,Total,,Sep 2026,2026-09-01,2026-09-30,0.2972,sum of pollutant ratios,,,,,0.8869,,,,,2026-09-12
Other Health Risks,Channelview [R] POC 2,48-201-0026,Harris,health_effect_total,Ability to have children,Reproductive,2023,2023-01-01,2023-12-31,0.1466,sum of pollutant ratios,,,,,0.74646,*,,,,2026-09-12
Other Health Risks,Channelview [R] POC 2,48-201-0026,Harris,health_effect_total,Ability to have children,Reproductive,2024,2024-01-01,2024-12-31,0.3372,sum of pollutant ratios,,,,,0.7862,,,,,2026-09-12
Other Health Risks,Channelview [R] POC 2,48-201-0026,Harris,health_effect_total,Ability to have children,Reproductive,2025,2025-01-01,2025-12-31,0.2677,sum of pollutant ratios,,,,,0.79897,,,,,2026-09-12
Other Health Risks,Channelview [R] POC 2,48-201-0026,Harris,health_effect_total,Ability to have children,Reproductive,2026 YTD,2026-01-01,2026-09-12,0.1218,sum of pollutant ratios,,,,,0.79281,,,,,2026-09-12
Other Health Risks,Channelview [R] POC 2,48-201-0026,Harris,health_effect_total,Ability to have children,Reproductive,Last 365 Days,2025-09-12,2026-09-12,0.121,sum of pollutant ratios,,,,,0.80294,,,,,2026-09-12
Other Health Risks,Channelview [R] POC 2,48-201-0026,Harris,health_effect_total,Ability to have children,Reproductive,Sep 2026,2026-09-01,2026-09-30,0.0069,sum of pollutant ratios,,,,,0.89881,,,,,2026-09-12
Other Health Risks,Channelview [R] POC 2,48-201-0026,Harris,health_effect_total,Blood,Hematological,2023,2023-01-01,2023-12-31,0.0043,sum of pollutant ratios,,,,,0.75137,,,,,2026-09-12
Other Health Risks,Channelview [R] POC 2,48-201-0026,Harris,health_effect_total,Blood,Hematological,2024,2024-01-01,2024-12-31,0.0039,sum of pollutant ratios,,,,,0.77971,,,,,2026-09-12
Other Health Risks,Channelview [R] POC 2,48-201-0026,Harris,health_effect_total,Blood,Hematological,2025,2025-01-01,2025-12-31,0.0038,sum of pollutant ratios,,,,,0.81861,,,,,2026-09-12
Other Health Risks,Channelview [R] POC 2,48-201-0026,Harris,health_effect_total,Blood,Hematological,2026 YTD,2026-01-01,2026-09-12,0.0025,sum of pollutant ratios,,,,,0.78464,,,,,2026-09-12
Other Health Risks,Channelview [R] POC 2,48-201-0026,Harris,health_effect_total,Blood,Hematological,Last 365 Days,2025-09-12,2026-09-12,0.0031,sum of pollutant ratios,,,,,0.80225,,,,,2026-09-12
Other Health Risks,Channelview [R] POC 2,48-201-0026,Harris,health_effect_total,Blood,Hematological,Sep 2026,2026-09-01,2026-09-30,0.0081,sum of pollutant ratios,,,,,0.89881,,,,,2026-09-12
Other Health Risks,Channelview [R] POC 2,48-201-0026,Harris,health_effect_total,Brain and nervous system,Nervous,2023,2023-01-01,2023-12-31,0.0162,sum of pollutant ratios,,,,,0.75126,,,,,2026-09-12
Other Health Risks,Channelview [R] POC 2,48-201-0026,Harris,health_effect_total,Brain and nervous system,Nervous,2024,2024-01-01,2024-12-31,0.0183,sum of pollutant ratios,,,,,0.77971,,,,,2026-09-12
Other Health Risks,Channelview [R] POC 2,48-201-0026,Harris,health_effect_total,Brain and nervous system,Nervous,2025,2025-01-01,2025-12-31,0.0174,sum of pollutant ratios,,,,,0.81861,,,,,2026-09-12
Other Health Risks,Channelview [R] POC 2,48-201-0026,Harris,health_effect_total,Brain and nervous system,Nervous,2026 YTD,2026-01-01,2026-09-12,0.0146,sum of pollutant ratios,,,,,0.78464,,,,,2026-09-12
Other Health Risks,Channelview [R] POC 2,48-201-0026,Harris,health_effect_total,Brain and nervous system,Nervous,Last 365 Days,2025-09-12,2026-09-12,0.0158,sum of pollutant ratios,,,,,0.80225,,,,,2026-09-12
Other Health Risks,Channelview [R] POC 2,48-201-0026,Harris,health_effect_total,Brain and nervous system,Nervous,Sep 2026,2026-09-01,2026-09-30,0.0253,sum of pollutant ratios,,,,,0.89881,,,,,2026-09-12
Other Health Risks,Channelview [R] POC 2,48-201-0026,Harris,health_effect_total,Growth and development (children's),Developmental,2023,2023-01-01,2023-12-31,0.0053,sum of pollutant ratios,,,,,0.75126,,,,,2026-09-12
Other Health Risks,Channelview [R] POC 2,48-201-0026,Harris,health_effect_total,Growth and development (children's),Developmental,2024,2024-01-01,2024-12-31,0.005,sum of pollutant ratios,,,,,0.77971,,,,,2026-09-12
Other Health Risks,Channelview [R] POC 2,48-201-0026,Harris,health_effect_total,Growth and development (children's),Developmental,2025,2025-01-01,2025-12-31,0.0054,sum of pollutant ratios,,,,,0.81861,,,,,2026-09-12
Other Health Risks,Channelview [R] POC 2,48-201-0026,Harris,health_effect_total,Growth and development (children's),Developmental,2026 YTD,2026-01-01,2026-09-12,0.0036,sum of pollutant ratios,,,,,0.78464,,,,,2026-09-12
Other Health Risks,Channelview [R] POC 2,48-201-0026,Harris,health_effect_total,Growth and development (children's),Developmental,Last 365 Days,2025-09-12,2026-09-12,0.0044,sum of pollutant ratios,,,,,0.80225,,,,,2026-09-12
Other Health Risks,Channelview [R] POC 2,48-201-0026,Harris,health_effect_total,Growth and development (children's),Developmental,Sep 2026,2026-09-01,2026-09-30,0.0051,sum of pollutant ratios,,,,,0.89881,,,,,2026-09-12
Other Health Risks,Channelview [R] POC 2,48-201-0026,Harris,health_effect_total,Hormone system,Endocrine,2023,2023-01-01,2023-12-31,0.0002,sum of pollutant ratios,,,,,0.75137,,,,,2026-09-12
Other Health Risks,Channelview [R] POC 2,48-201-0026,Harris,health_effect_total,Hormone system,Endocrine,2024,2024-01-01,2024-12-31,0.0001,sum of pollutant ratios,,,,,0.78381,,,,,2026-09-12
Other Health Risks,Channelview [R] POC 2,48-201-0026,Harris,health_effect_total,Hormone system,Endocrine,2025,2025-01-01,2025-12-31,0.0002,sum of pollutant ratios,,,,,0.82089,,,,,2026-09-12
Other Health Risks,Channelview [R] POC 2,48-201-0026,Harris,health_effect_total,Hormone system,Endocrine,2026 YTD,2026-01-01,2026-09-12,0.0002,sum of pollutant ratios,,,,,0.80343,,,,,2026-09-12
Other Health Risks,Channelview [R] POC 2,48-201-0026,Harris,health_effect_total,Hormone system,Endocrine,Last 365 Days,2025-09-12,2026-09-12,0.0002,sum of pollutant ratios,,,,,0.81762,,,,,2026-09-12
Other Health Risks,Channelview [R] POC 2,48-201-0026,Harris,health_effect_total,Hormone system,Endocrine,Sep 2026,2026-09-01,2026-09-30,0.0011,sum of pollutant ratios,,,,,0.89881,,,,,2026-09-12
Other Health Risks,Channelview [R] POC 2,48-201-0026,Harris,health_effect_total,Immune system,Immune,2023,2023-01-01,2023-12-31,0.0415,sum of pollutant ratios,,,,,0.75137,,,,,2026-09-12
Other Health Risks,Channelview [R] POC 2,48-201-0026,Harris,health_effect_total,Immune system,Immune,2024,2024-01-01,2024-12-31,0.0478,sum of pollutant ratios,,,,,0.7911,,,,,2026-09-12
Other Health Risks,Channelview [R] POC 2,48-201-0026,Harris,health_effect_total,Immune system,Immune,2025,2025-01-01,2025-12-31,0.0425,sum of pollutant ratios,,,,,0.80788,,,,,2026-09-12
Other Health Risks,Channelview [R] POC 2,48-201-0026,Harris,health_effect_total,Immune system,Immune,2026 YTD,2026-01-01,2026-09-12,0.0361,sum of pollutant ratios,,,,,0.80343,,,,,2026-09-12
Other Health Risks,Channelview [R] POC 2,48-201-0026,Harris,health_effect_total,Immune system,Immune,Last 365 Days,2025-09-12,2026-09-12,0.0388,sum of pollutant ratios,,,,,0.8166,,,,,2026-09-12
Other Health Risks,Channelview [R] POC 2,48-201-0026,Harris,health_effect_total,Immune system,Immune,Sep 2026,2026-09-01,2026-09-30,0.0602,sum of pollutant ratios,,,,,0.89881,,,,,2026-09-12
Other Health Risks,Channelview [R] POC 2,48-201-0026,Harris,health_effect_total,Kidneys and urinary system,Urinary,2023,2023-01-01,2023-12-31,0.0009,sum of pollutant ratios,,,,,0.75137,,,,,2026-09-12
Other Health Risks,Channelview [R] POC 2,48-201-0026,Harris,health_effect_total,Kidneys and urinary system,Urinary,2024,2024-01-01,2024-12-31,0.0009,sum of pollutant ratios,,,,,0.78381,,,,,2026-09-12
Other Health Risks,Channelview [R] POC 2,48-201-0026,Harris,health_effect_total,Kidneys and urinary system,Urinary,2025,2025-01-01,2025-12-31,0.0009,sum of pollutant ratios,,,,,0.82089,,,,,2026-09-12
Other Health Risks,Channelview [R] POC 2,48-201-0026,Harris,health_effect_total,Kidneys and urinary system,Urinary,2026 YTD,2026-01-01,2026-09-12,0.0007,sum of pollutant ratios,,,,,0.80343,,,,,2026-09-12
Other Health Risks,Channelview [R] POC 2,48-201-0026,Harris,health_effect_total,Kidneys and urinary system,Urinary,Last 365 Days,2025-09-12,2026-09-12,0.0009,sum of pollutant ratios,,,,,0.81762,,,,,2026-09-12
Other Health Risks,Channelview [R] POC 2,48-201-0026,Harris,health_effect_total,Kidneys and urinary system,Urinary,Sep 2026,2026-09-01,2026-09-30,0.0019,sum of pollutant ratios,,,,,0.89881,,,,,2026-09-12
Other Health Risks,Channelview [R] POC 2,48-201-0026,Harris,health_effect_total,Liver,Hepatic,2023,2023-01-01,2023-12-31,0.0007,sum of pollutant ratios,,,,,0.75137,,,,,2026-09-12
Other Health Risks,Channelview [R] POC 2,48-201-0026,Harris,health_effect_total,Liver,Hepatic,2024,2024-01-01,2024-12-31,0.0009,sum of pollutant ratios,,,,,0.78381,,,,,2026-09-12
Other Health Risks,Channelview [R] POC 2,48-201-0026,Harris,health_effect_total,Liver,Hepatic,2025,2025-01-01,2025-12-31,0.0007,sum of pollutant ratios,,,,,0.82089,,,,,2026-09-12
Other Health Risks,Channelview [R] POC 2,48-201-0026,Harris,health_effect_total,Liver,Hepatic,2026 YTD,2026-01-01,2026-09-12,0.0005,sum of pollutant ratios,,,,,0.80343,,,,,2026-09-12
Other Health Risks,Channelview [R] POC 2,48-201-0026,Harris,health_effect_total,Liver,Hepatic,Last 365 Days,2025-09-12,2026-09-12,0.0007,sum of pollutant ratios,,,,,0.81762,,,,,2026-09-12
Other Health Risks,Channelview [R] POC 2,48-201-0026,Harris,health_effect_total,Liver,Hepatic,Sep 2026,2026-09-01,2026-09-30,0.0009,sum of pollutant ratios,,,,,0.89881,,,,,2026-09-12
Other Health Risks,Channelview [R] POC 2,48-201-0026,Harris,health_effect_total,Lungs & breathing,Respiratory,2023,2023-01-01,2023-12-31,0.004,sum of pollutant ratios,,,,,0.75137,,,,,2026-09-12
Other Health Risks,Channelview [R] POC 2,48-201-0026,Harris,health_effect_total,Lungs & breathing,Respiratory,2024,2024-01-01,2024-12-31,0.0035,sum of pollutant ratios,,,,,0.77971,,,,,2026-09-12
Other Health Risks,Channelview [R] POC 2,48-201-0026,Harris,health_effect_total,Lungs & breathing,Respiratory,2025,2025-01-01,2025-12-31,0.0035,sum of pollutant ratios,,,,,0.81861,,,,,2026-09-12
Other Health Risks,Channelview [R] POC 2,48-201-0026,Harris,health_effect_total,Lungs & breathing,Respiratory,2026 YTD,2026-01-01,2026-09-12,0.0023,sum of pollutant ratios,,,,,0.78464,,,,,2026-09-12
Other Health Risks,Channelview [R] POC 2,48-201-0026,Harris,health_effect_total,Lungs & breathing,Respiratory,Last 365 Days,2025-09-12,2026-09-12,0.0028,sum of pollutant ratios,,,,,0.80225,,,,,2026-09-12
Other Health Risks,Channelview [R] POC 2,48-201-0026,Harris,health_effect_total,Lungs & breathing,Respiratory,Sep 2026,2026-09-01,2026-09-30,0.0076,sum of pollutant ratios,,,,,0.89881,,,,,2026-09-12
Other Health Risks,Channelview [R] POC 2,48-201-0026,Harris,pollutant,"1,2,3-Trimethylbenzene","Hematological, Nervous, Respiratory",2023,2023-01-01,2023-12-31,,mean ÷ screening level,,,,,,,,,,2026-09-12
Other Health Risks,Channelview [R] POC 2,48-201-0026,Harris,pollutant,"1,2,3-Trimethylbenzene","Hematological, Nervous, Respiratory",2024,2024-01-01,2024-12-31,,mean ÷ screening level,,,,,,,,,,2026-09-12
Other Health Risks,Channelview [R] POC 2,48-201-0026,Harris,pollutant,"1,2,3-Trimethylbenzene","Hematological, Nervous, Respiratory",2025,2025-01-01,2025-12-31,,mean ÷ screening level,,,,,,,,,,2026-09-12
Other Health Risks,Channelview [R] POC 2,48-201-0026,Harris,pollutant,"1,2,3-Trimethylbenzene","Hematological, Nervous, Respiratory",2026 YTD,2026-01-01,2026-09-12,,mean ÷ screening level,,,,,,,,,,2026-09-12
Other Health Risks,Channelview [R] POC 2,48-201-0026,Harris,pollutant,"1,2,3-Trimethylbenzene","Hematological, Nervous, Respiratory",Last 365 Days,2025-09-12,2026-09-12,,mean ÷ screening level,,,,,,,,,,2026-09-12
Other Health Risks,Channelview [R] POC 2,48-201-0026,Harris,pollutant,"1,2,3-Trimethylbenzene","Hematological, Nervous, Respiratory",Sep 2026,2026-09-01,2026-09-30,0.0043,mean of weekly means ÷ screening level,0.05556,12.81596,453.0,3.0,0.89881,,,,,2026-09-12
Other Health Risks,Channelview [R] POC 2,48-201-0026,Harris,pollutant,"1,2,4-Trimethylbenzene","Hematological, Nervous, Developmental, Respiratory",2023,2023-01-01,2023-12-31,0.004,mean ÷ screening level,0.05144,12.81596,6582.0,,0.75137,,,,,2026-09-12
Other Health Risks,Channelview [R] POC 2,48-201-0026,Harris,pollutant,"1,2,4-Trimethylbenzene","Hematological, Nervous, Developmental, Respiratory",2024,2024-01-01,2024-12-31,0.0035,mean ÷ screening level,0.04481,12.81596,6849.0,,0.77971,,,,,2026-09-12
Other Health Risks,Channelview [R] POC 2,48-201-0026,Harris,pollutant,"1,2,4-Trimethylbenzene","Hematological, Nervous, Developmental, Respiratory",2025,2025-01-01,2025-12-31,0.0035,mean ÷ screening level,0.04546,12.81596,7171.0,,0.81861,,,,,2026-09-12
Other Health Risks,Channelview [R] POC 2,48-201-0026,Harris,pollutant,"1,2,4-Trimethylbenzene","Hematological, Nervous, Developmental, Respiratory",2026 YTD,2026-01-01,2026-09-12,0.0023,mean ÷ screening level,0.03003,12.81596,4802.0,,0.78464,,,,,2026-09-12
Other Health Risks,Channelview [R] POC 2,48-201-0026,Harris,pollutant,"1,2,4-Trimethylbenzene","Hematological, Nervous, Developmental, Respiratory",Last 365 Days,2025-09-12,2026-09-12,0.0028,mean ÷ screening level,0.03632,12.81596,7047.0,,0.80225,,,,,2026-09-12
Other Health Risks,Channelview [R] POC 2,48-201-0026,Harris,pollutant,"1,2,4-Trimethylbenzene","Hematological, Nervous, Developmental, Respiratory",Sep 2026,2026-09-01,2026-09-30,0.0032,mean of weekly means ÷ screening level,0.04146,12.81596,604.0,4.0,0.89881,,,,,2026-09-12
Other Health Risks,Channelview [R] POC 2,48-201-0026,Harris,pollutant,"1,3,5-Trimethylbenzene","Developmental, Nervous",2023,2023-01-01,2023-12-31,0.0008,mean ÷ screening level,0.01043,12.81596,6581.0,,0.75126,,,,,2026-09-12
Other Health Risks,Channelview [R] POC 2,48-201-0026,Harris,pollutant,"1,3,5-Trimethylbenzene","Developmental, Nervous",2024,2024-01-01,2024-12-31,0.0008,mean ÷ screening level,0.01069,12.81596,6873.0,,0.78245,,,,,2026-09-12
Other Health Risks,Channelview [R] POC 2,48-201-0026,Harris,pollutant,"1,3,5-Trimethylbenzene","Developmental, Nervous",2025,2025-01-01,2025-12-31,0.0013,mean ÷ screening level,0.01693,12.81596,7190.0,,0.82078,,,,,2026-09-12
Other Health Risks,Channelview [R] POC 2,48-201-0026,Harris,pollutant,"1,3,5-Trimethylbenzene","Developmental, Nervous",2026 YTD,2026-01-01,2026-09-12,0.0009,mean ÷ screening level,0.01136,12.81596,4802.0,,0.78464,,,,,2026-09-12
Other Health Risks,Channelview [R] POC 2,48-201-0026,Harris,pollutant,"1,3,5-Trimethylbenzene","Developmental, Nervous",Last 365 Days,2025-09-12,2026-09-12,0.0011,mean ÷ screening level,0.0139,12.81596,7067.0,,0.80453,,,,,2026-09-12
Other Health Risks,Channelview [R] POC 2,48-201-0026,Harris,pollutant,"1,3,5-Trimethylbenzene","Developmental, Nervous",Sep 2026,2026-09-01,2026-09-30,0.0013,mean of weekly means ÷ screening level,0.01715,12.81596,302.0,2.0,0.89881,,,,,2026-09-12
Other Health Risks,Channelview [R] POC 2,48-201-0026,Harris,pollutant,"1,3-Butadiene",Reproductive,2023,2023-01-01,2023-12-31,0.1466,mean ÷ screening level,0.13915,0.94925,6539.0,,0.74646,*,,,,2026-09-12
Other Health Risks,Channelview [R] POC 2,48-201-0026,Harris,pollutant,"1,3-Butadiene",Reproductive,2024,2024-01-01,2024-12-31,0.3372,mean ÷ screening level,0.32006,0.94925,6906.0,,0.7862,,,,,2026-09-12
Other Health Risks,Channelview [R] POC 2,48-201-0026,Harris,pollutant,"1,3-Butadiene",Reproductive,2025,2025-01-01,2025-12-31,0.2677,mean ÷ screening level,0.25412,0.94925,6999.0,,0.79897,,,,,2026-09-12
Other Health Risks,Channelview [R] POC 2,48-201-0026,Harris,pollutant,"1,3-Butadiene",Reproductive,2026 YTD,2026-01-01,2026-09-12,0.1218,mean ÷ screening level,0.11565,0.94925,4852.0,,0.79281,,,,,2026-09-12
Other Health Risks,Channelview [R] POC 2,48-201-0026,Harris,pollutant,"1,3-Butadiene",Reproductive,Last 365 Days,2025-09-12,2026-09-12,0.121,mean ÷ screening level,0.11487,0.94925,7053.0,,0.80294,,,,,2026-09-12
Other Health Risks,Channelview [R] POC 2,48-201-0026,Harris,pollutant,"1,3-Butadiene",Reproductive,Sep 2026,2026-09-01,2026-09-30,0.0069,mean of weekly means ÷ screening level,0.00656,0.94925,151.0,1.0,0.89881,,,,,2026-09-12
Other Health Risks,Channelview [R] POC 2,48-201-0026,Harris,pollutant,Benzene,Immune,2023,2023-01-01,2023-12-31,0.0415,mean ÷ screening level,0.40251,9.70362,6582.0,,0.75137,,,,,2026-09-12
Other Health Risks,Channelview [R] POC 2,48-201-0026,Harris,pollutant,Benzene,Immune,2024,2024-01-01,2024-12-31,0.0478,mean ÷ screening level,0.46337,9.70362,6949.0,,0.7911,,,,,2026-09-12
Other Health Risks,Channelview [R] POC 2,48-201-0026,Harris,pollutant,Benzene,Immune,2025,2025-01-01,2025-12-31,0.0425,mean ÷ screening level,0.41213,9.70362,7077.0,,0.80788,,,,,2026-09-12
Other Health Risks,Channelview [R] POC 2,48-201-0026,Harris,pollutant,Benzene,Immune,2026 YTD,2026-01-01,2026-09-12,0.0361,mean ÷ screening level,0.3504,9.70362,4917.0,,0.80343,,,,,2026-09-12
Other Health Risks,Channelview [R] POC 2,48-201-0026,Harris,pollutant,Benzene,Immune,Last 365 Days,2025-09-12,2026-09-12,0.0388,mean ÷ screening level,0.37642,9.70362,7173.0,,0.8166,,,,,2026-09-12
Other Health Risks,Channelview [R] POC 2,48-201-0026,Harris,pollutant,Benzene,Immune,Sep 2026,2026-09-01,2026-09-30,0.0602,mean of weekly means ÷ screening level,0.58371,9.70362,151.0,1.0,0.89881,,,,,2026-09-12
Other Health Risks,Channelview [R] POC 2,48-201-0026,Harris,pollutant,Cyclohexane,Developmental,2023,2023-01-01,2023-12-31,0.0001,mean ÷ screening level,0.14581,1830.26,6582.0,,0.75137,,,,,2026-09-12
Other Health Risks,Channelview [R] POC 2,48-201-0026,Harris,pollutant,Cyclohexane,Developmental,2024,2024-01-01,2024-12-31,0.0001,mean ÷ screening level,0.18512,1830.26,6949.0,,0.7911,,,,,2026-09-12
Other Health Risks,Channelview [R] POC 2,48-201-0026,Harris,pollutant,Cyclohexane,Developmental,2025,2025-01-01,2025-12-31,0.0001,mean ÷ screening level,0.16053,1830.26,7191.0,,0.82089,,,,,2026-09-12
Other Health Risks,Channelview [R] POC 2,48-201-0026,Harris,pollutant,Cyclohexane,Developmental,2026 YTD,2026-01-01,2026-09-12,0.0001,mean ÷ screening level,0.16392,1830.26,4917.0,,0.80343,,,,,2026-09-12
Other Health Risks,Channelview [R] POC 2,48-201-0026,Harris,pollutant,Cyclohexane,Developmental,Last 365 Days,2025-09-12,2026-09-12,0.0001,mean ÷ screening level,0.16591,1830.26,7182.0,,0.81762,,,,,2026-09-12
Other Health Risks,Channelview [R] POC 2,48-201-0026,Harris,pollutant,Cyclohexane,Developmental,Sep 2026,2026-09-01,2026-09-30,0.0001,mean of weekly means ÷ screening level,0.2506,1830.26,151.0,1.0,0.89881,,,,,2026-09-12
Other Health Risks,Channelview [R] POC 2,48-201-0026,Harris,pollutant,Ethyl Benzene,"Developmental, Hepatic, Urinary",2023,2023-01-01,2023-12-31,0.0004,mean ÷ screening level,0.09375,230.29755,6582.0,,0.75137,,,,,2026-09-12
Other Health Risks,Channelview [R] POC 2,48-201-0026,Harris,pollutant,Ethyl Benzene,"Developmental, Hepatic, Urinary",2024,2024-01-01,2024-12-31,0.0005,mean ÷ screening level,0.12108,230.29755,6905.0,,0.78609,,,,,2026-09-12
Other Health Risks,Channelview [R] POC 2,48-201-0026,Harris,pollutant,Ethyl Benzene,"Developmental, Hepatic, Urinary",2025,2025-01-01,2025-12-31,0.0004,mean ÷ screening level,0.10219,230.29755,7191.0,,0.82089,,,,,2026-09-12
Other Health Risks,Channelview [R] POC 2,48-201-0026,Harris,pollutant,Ethyl Benzene,"Developmental, Hepatic, Urinary",2026 YTD,2026-01-01,2026-09-12,0.0003,mean ÷ screening level,0.06873,230.29755,4917.0,,0.80343,,,,,2026-09-12
Other Health Risks,Channelview [R] POC 2,48-201-0026,Harris,pollutant,Ethyl Benzene,"Developmental, Hepatic, Urinary",Last 365 Days,2025-09-12,2026-09-12,0.0004,mean ÷ screening level,0.09341,230.29755,7182.0,,0.81762,,,,,2026-09-12
Other Health Risks,Channelview [R] POC 2,48-201-0026,Harris,pollutant,Ethyl Benzene,"Developmental, Hepatic, Urinary",Sep 2026,2026-09-01,2026-09-30,0.0004,mean of weekly means ÷ screening level,0.09669,230.29755,453.0,3.0,0.89881,,,,,2026-09-12
Other Health Risks,Channelview [R] POC 2,48-201-0026,Harris,pollutant,Isopropyl Benzene - Cumene,"Endocrine, Urinary",2023,2023-01-01,2023-12-31,0.0002,mean ÷ screening level,0.01592,85.43972,6582.0,,0.75137,,,,,2026-09-12
Other Health Risks,Channelview [R] POC 2,48-201-0026,Harris,pollutant,Isopropyl Benzene - Cumene,"Endocrine, Urinary",2024,2024-01-01,2024-12-31,0.0001,mean ÷ screening level,0.00713,85.43972,6885.0,,0.78381,,,,,2026-09-12
Other Health Risks,Channelview [R] POC 2,48-201-0026,Harris,pollutant,Isopropyl Benzene - Cumene,"Endocrine, Urinary",2025,2025-01-01,2025-12-31,0.0002,mean ÷ screening level,0.01602,85.43972,7191.0,,0.82089,,,,,2026-09-12
Other Health Risks,Channelview [R] POC 2,48-201-0026,Harris,pollutant,Isopropyl Benzene - Cumene,"Endocrine, Urinary",2026 YTD,2026-01-01,2026-09-12,0.0002,mean ÷ screening level,0.0148,85.43972,4917.0,,0.80343,,,,,2026-09-12
Other Health Risks,Channelview [R] POC 2,48-201-0026,Harris,pollutant,Isopropyl Benzene - Cumene,"Endocrine, Urinary",Last 365 Days,2025-09-12,2026-09-12,0.0002,mean ÷ screening level,0.01527,85.43972,7182.0,,0.81762,,,,,2026-09-12
Other Health Risks,Channelview [R] POC 2,48-201-0026,Harris,pollutant,Isopropyl Benzene - Cumene,"Endocrine, Urinary",Sep 2026,2026-09-01,2026-09-30,0.0011,mean of weekly means ÷ screening level,0.09709,85.43972,302.0,2.0,0.89881,,,,,2026-09-12
Other Health Risks,Channelview [R] POC 2,48-201-0026,Harris,pollutant,Styrene,"Hematological, Hepatic, Nervous",2023,2023-01-01,2023-12-31,0.0003,mean ÷ screening level,0.07481,234.75756,6582.0,,0.75137,,,,,2026-09-12
Other Health Risks,Channelview [R] POC 2,48-201-0026,Harris,pollutant,Styrene,"Hematological, Hepatic, Nervous",2024,2024-01-01,2024-12-31,0.0004,mean ÷ screening level,0.09734,234.75756,6885.0,,0.78381,,,,,2026-09-12
Other Health Risks,Channelview [R] POC 2,48-201-0026,Harris,pollutant,Styrene,"Hematological, Hepatic, Nervous",2025,2025-01-01,2025-12-31,0.0003,mean ÷ screening level,0.06489,234.75756,7191.0,,0.82089,,,,,2026-09-12
Other Health Risks,Channelview [R] POC 2,48-201-0026,Harris,pollutant,Styrene,"Hematological, Hepatic, Nervous",2026 YTD,2026-01-01,2026-09-12,0.0002,mean ÷ screening level,0.04567,234.75756,4917.0,,0.80343,,,,,2026-09-12
Other Health Risks,Channelview [R] POC 2,48-201-0026,Harris,pollutant,Styrene,"Hematological, Hepatic, Nervous",Last 365 Days,2025-09-12,2026-09-12,0.0003,mean ÷ screening level,0.05995,234.75756,7182.0,,0.81762,,,,,2026-09-12
Other Health Risks,Channelview [R] POC 2,48-201-0026,Harris,pollutant,Styrene,"Hematological, Hepatic, Nervous",Sep 2026,2026-09-01,2026-09-30,0.0005,mean of weekly means ÷ screening level,0.12066,234.75756,453.0,3.0,0.89881,,,,,2026-09-12
Other Health Risks,Channelview [R] POC 2,48-201-0026,Harris,pollutant,Toluene,"Nervous, Urinary",2023,2023-01-01,2023-12-31,0.0003,mean ÷ screening level,0.40318,1379.85674,6582.0,,0.75137,,,,,2026-09-12
Other Health Risks,Channelview [R] POC 2,48-201-0026,Harris,pollutant,Toluene,"Nervous, Urinary",2024,2024-01-01,2024-12-31,0.0003,mean ÷ screening level,0.43297,1379.85674,6949.0,,0.7911,,,,,2026-09-12
Other Health Risks,Channelview [R] POC 2,48-201-0026,Harris,pollutant,Toluene,"Nervous, Urinary",2025,2025-01-01,2025-12-31,0.0003,mean ÷ screening level,0.42659,1379.85674,7191.0,,0.82089,,,,,2026-09-12
Other Health Risks,Channelview [R] POC 2,48-201-0026,Harris,pollutant,Toluene,"Nervous, Urinary",2026 YTD,2026-01-01,2026-09-12,0.0003,mean ÷ screening level,0.36406,1379.85674,4917.0,,0.80343,,,,,2026-09-12
Other Health Risks,Channelview [R] POC 2,48-201-0026,Harris,pollutant,Toluene,"Nervous, Urinary",Last 365 Days,2025-09-12,2026-09-12,0.0003,mean ÷ screening level,0.39558,1379.85674,7182.0,,0.81762,,,,,2026-09-12
Other Health Risks,Channelview [R] POC 2,48-201-0026,Harris,pollutant,Toluene,"Nervous, Urinary",Sep 2026,2026-09-01,2026-09-30,0.0003,mean of weekly means ÷ screening level,0.46828,1379.85674,302.0,2.0,0.89881,,,,,2026-09-12
Other Health Risks,Channelview [R] POC 2,48-201-0026,Harris,pollutant,n-Hexane,Nervous,2023,2023-01-01,2023-12-31,0.0018,mean ÷ screening level,0.37185,207.10722,6582.0,,0.75137,,,,,2026-09-12
Other Health Risks,Channelview [R] POC 2,48-201-0026,Harris,pollutant,n-Hexane,Nervous,2024,2024-01-01,2024-12-31,0.0018,mean ÷ screening level,0.37446,207.10722,6941.0,,0.79019,,,,,2026-09-12
Other Health Risks,Channelview [R] POC 2,48-201-0026,Harris,pollutant,n-Hexane,Nervous,2025,2025-01-01,2025-12-31,0.002,mean ÷ screening level,0.41252,207.10722,7189.0,,0.82066,,,,,2026-09-12
Other Health Risks,Channelview [R] POC 2,48-201-0026,Harris,pollutant,n-Hexane,Nervous,2026 YTD,2026-01-01,2026-09-12,0.0022,mean ÷ screening level,0.45615,207.10722,4917.0,,0.80343,,,,,2026-09-12
Other Health Risks,Channelview [R] POC 2,48-201-0026,Harris,pollutant,n-Hexane,Nervous,Last 365 Days,2025-09-12,2026-09-12,0.0022,mean ÷ screening level,0.45061,207.10722,7182.0,,0.81762,,,,,2026-09-12
Other Health Risks,Channelview [R] POC 2,48-201-0026,Harris,pollutant,n-Hexane,Nervous,Sep 2026,2026-09-01,2026-09-30,0.0032,mean of weekly means ÷ screening level,0.65603,207.10722,151.0,1.0,0.89881,,,,,2026-09-12
Other Health Risks,Channelview [R] POC 2,48-201-0026,Harris,pollutant,o-Xylene,Nervous,2023,2023-01-01,2023-12-31,0.002,mean ÷ screening level,0.04574,23.03,6582.0,,0.75137,,,,,2026-09-12
Other Health Risks,Channelview [R] POC 2,48-201-0026,Harris,pollutant,o-Xylene,Nervous,2024,2024-01-01,2024-12-31,0.0023,mean ÷ screening level,0.05386,23.03,6885.0,,0.78381,,,,,2026-09-12
Other Health Risks,Channelview [R] POC 2,48-201-0026,Harris,pollutant,o-Xylene,Nervous,2025,2025-01-01,2025-12-31,0.0022,mean ÷ screening level,0.0509,23.03,7191.0,,0.82089,,,,,2026-09-12
Other Health Risks,Channelview [R] POC 2,48-201-0026,Harris,pollutant,o-Xylene,Nervous,2026 YTD,2026-01-01,2026-09-12,0.0018,mean ÷ screening level,0.04251,23.03,4917.0,,0.80343,,,,,2026-09-12
Other Health Risks,Channelview [R] POC 2,48-201-0026,Harris,pollutant,o-Xylene,Nervous,Last 365 Days,2025-09-12,2026-09-12,0.002,mean ÷ screening level,0.04567,23.03,7182.0,,0.81762,,,,,2026-09-12
Other Health Risks,Channelview [R] POC 2,48-201-0026,Harris,pollutant,o-Xylene,Nervous,Sep 2026,2026-09-01,2026-09-30,0.0027,mean of weekly means ÷ screening level,0.06185,23.03,151.0,1.0,0.89881,,,,,2026-09-12
Other Health Risks,Channelview [R] POC 2,48-201-0026,Harris,pollutant,p-Xylene + m-Xylene,Nervous,2023,2023-01-01,2023-12-31,0.007,mean ÷ screening level,0.16085,23.03127,6582.0,,0.75137,,,,,2026-09-12
Other Health Risks,Channelview [R] POC 2,48-201-0026,Harris,pollutant,p-Xylene + m-Xylene,Nervous,2024,2024-01-01,2024-12-31,0.0091,mean ÷ screening level,0.21058,23.03127,6904.0,,0.78597,,,,,2026-09-12
Other Health Risks,Channelview [R] POC 2,48-201-0026,Harris,pollutant,p-Xylene + m-Xylene,Nervous,2025,2025-01-01,2025-12-31,0.0077,mean ÷ screening level,0.1778,23.03127,7191.0,,0.82089,,,,,2026-09-12
Other Health Risks,Channelview [R] POC 2,48-201-0026,Harris,pollutant,p-Xylene + m-Xylene,Nervous,2026 YTD,2026-01-01,2026-09-12,0.0068,mean ÷ screening level,0.15742,23.03127,4917.0,,0.80343,,,,,2026-09-12
Other Health Risks,Channelview [R] POC 2,48-201-0026,Harris,pollutant,p-Xylene + m-Xylene,Nervous,Last 365 Days,2025-09-12,2026-09-12,0.0072,mean ÷ screening level,0.16609,23.03127,7182.0,,0.81762,,,,,2026-09-12
Other Health Risks,Channelview [R] POC 2,48-201-0026,Harris,pollutant,p-Xylene + m-Xylene,Nervous,Sep 2026,2026-09-01,2026-09-30,0.0097,mean of weekly means ÷ screening level,0.22325,23.03127,151.0,1.0,0.89881,,,,,2026-09-12
Other Health Risks,Channelview [R] POC 2,48-201-0026,Harris,total,Total,,2023,2023-01-01,2023-12-31,0.205,sum of pollutant ratios,,,,,0.74646,*,,,,2026-09-12
Other Health Risks,Channelview [R] POC 2,48-201-0026,Harris,total,Total,,2024,2024-01-01,2024-12-31,0.404,sum of pollutant ratios,,,,,0.77971,,,,,2026-09-12
Other Health Risks,Channelview [R] POC 2,48-201-0026,Harris,total,Total,,2025,2025-01-01,2025-12-31,0.3283,sum of pollutant ratios,,,,,0.79897,,,,,2026-09-12
Other Health Risks,Channelview [R] POC 2,48-201-0026,Harris,total,Total,,2026 YTD,2026-01-01,2026-09-12,0.1731,sum of pollutant ratios,,,,,0.78464,,,,,2026-09-12
Other Health Risks,Channelview [R] POC 2,48-201-0026,Harris,total,Total,,Last 365 Days,2025-09-12,2026-09-12,0.1763,sum of pollutant ratios,,,,,0.80225,,,,,2026-09-12
Other Health Risks,Channelview [R] POC 2,48-201-0026,Harris,total,Total,,Sep 2026,2026-09-01,2026-09-30,0.0941,sum of pollutant ratios,,,,,0.89881,,,,,2026-09-12
Other Health Risks,Clinton [A] POC 2,48-201-1035,Harris,health_effect_total,Ability to have children,Reproductive,2023,2023-01-01,2023-12-31,0.1244,sum of pollutant ratios,,,,,0.82854,,,,,2026-09-12
Other Health Risks,Clinton [A] POC 2,48-201-1035,Harris,health_effect_total,Ability to have children,Reproductive,2024,2024-01-01,2024-12-31,0.1421,sum of pollutant ratios,,,,,0.77413,,,,,2026-09-12
Other Health Risks,Clinton [A] POC 2,48-201-1035,Harris,health_effect_total,Ability to have children,Reproductive,2025,2025-01-01,2025-12-31,0.155,sum of pollutant ratios,,,,,0.7718,,,,,2026-09-12
Other Health Risks,Clinton [A] POC 2,48-201-1035,Harris,health_effect_total,Ability to have children,Reproductive,2026 YTD,2026-01-01,2026-09-12,0.1272,sum of pollutant ratios,,,,,0.81552,,,,,2026-09-12
Other Health Risks,Clinton [A] POC 2,48-201-1035,Harris,health_effect_total,Ability to have children,Reproductive,Last 365 Days,2025-09-12,2026-09-12,0.1369,sum of pollutant ratios,,,,,0.82605,,,,,2026-09-12
Other Health Risks,Clinton [A] POC 2,48-201-1035,Harris,health_effect_total,Ability to have children,Reproductive,Sep 2026,2026-09-01,2026-09-30,0.1508,sum of pollutant ratios,,,,,0.89881,,,,,2026-09-12
Other Health Risks,Clinton [A] POC 2,48-201-1035,Harris,health_effect_total,Blood,Hematological,2023,2023-01-01,2023-12-31,0.0033,sum of pollutant ratios,,,,,0.80582,,,,,2026-09-12
Other Health Risks,Clinton [A] POC 2,48-201-1035,Harris,health_effect_total,Blood,Hematological,2024,2024-01-01,2024-12-31,0.0001,sum of pollutant ratios,,,,,0.7656,,,,,2026-09-12
Other Health Risks,Clinton [A] POC 2,48-201-1035,Harris,health_effect_total,Blood,Hematological,2025,2025-01-01,2025-12-31,0.0062,sum of pollutant ratios,,,,,0.71632,*,,,,2026-09-12
Other Health Risks,Clinton [A] POC 2,48-201-1035,Harris,health_effect_total,Blood,Hematological,2026 YTD,2026-01-01,2026-09-12,0.0046,sum of pollutant ratios,,,,,0.81552,,,,,2026-09-12
Other Health Risks,Clinton [A] POC 2,48-201-1035,Harris,health_effect_total,Blood,Hematological,Last 365 Days,2025-09-12,2026-09-12,0.0058,sum of pollutant ratios,,,,,0.82445,,,,,2026-09-12
Other Health Risks,Clinton [A] POC 2,48-201-1035,Harris,health_effect_total,Blood,Hematological,Sep 2026,2026-09-01,2026-09-30,0.0162,sum of pollutant ratios,,,,,0.89881,,,,,2026-09-12
Other Health Risks,Clinton [A] POC 2,48-201-1035,Harris,health_effect_total,Brain and nervous system,Nervous,2023,2023-01-01,2023-12-31,0.0172,sum of pollutant ratios,,,,,0.80582,,,,,2026-09-12
Other Health Risks,Clinton [A] POC 2,48-201-1035,Harris,health_effect_total,Brain and nervous system,Nervous,2024,2024-01-01,2024-12-31,0.013,sum of pollutant ratios,,,,,0.7656,,,,,2026-09-12
Other Health Risks,Clinton [A] POC 2,48-201-1035,Harris,health_effect_total,Brain and nervous system,Nervous,2025,2025-01-01,2025-12-31,0.0254,sum of pollutant ratios,,,,,0.71632,*,,,,2026-09-12
Other Health Risks,Clinton [A] POC 2,48-201-1035,Harris,health_effect_total,Brain and nervous system,Nervous,2026 YTD,2026-01-01,2026-09-12,0.0185,sum of pollutant ratios,,,,,0.81552,,,,,2026-09-12
Other Health Risks,Clinton [A] POC 2,48-201-1035,Harris,health_effect_total,Brain and nervous system,Nervous,Last 365 Days,2025-09-12,2026-09-12,0.0223,sum of pollutant ratios,,,,,0.81136,,,,,2026-09-12
Other Health Risks,Clinton [A] POC 2,48-201-1035,Harris,health_effect_total,Brain and nervous system,Nervous,Sep 2026,2026-09-01,2026-09-30,0.0339,sum of pollutant ratios,,,,,0.89881,,,,,2026-09-12
Other Health Risks,Clinton [A] POC 2,48-201-1035,Harris,health_effect_total,Growth and development (children's),Developmental,2023,2023-01-01,2023-12-31,0.0049,sum of pollutant ratios,,,,,0.80582,,,,,2026-09-12
Other Health Risks,Clinton [A] POC 2,48-201-1035,Harris,health_effect_total,Growth and development (children's),Developmental,2024,2024-01-01,2024-12-31,0.0004,sum of pollutant ratios,,,,,0.76742,,,,,2026-09-12
Other Health Risks,Clinton [A] POC 2,48-201-1035,Harris,health_effect_total,Growth and development (children's),Developmental,2025,2025-01-01,2025-12-31,0.0082,sum of pollutant ratios,,,,,0.71632,*,,,,2026-09-12
Other Health Risks,Clinton [A] POC 2,48-201-1035,Harris,health_effect_total,Growth and development (children's),Developmental,2026 YTD,2026-01-01,2026-09-12,0.0057,sum of pollutant ratios,,,,,0.81552,,,,,2026-09-12
Other Health Risks,Clinton [A] POC 2,48-201-1035,Harris,health_effect_total,Growth and development (children's),Developmental,Last 365 Days,2025-09-12,2026-09-12,0.0073,sum of pollutant ratios,,,,,0.82445,,,,,2026-09-12
Other Health Risks,Clinton [A] POC 2,48-201-1035,Harris,health_effect_total,Growth and development (children's),Developmental,Sep 2026,2026-09-01,2026-09-30,0.0073,sum of pollutant ratios,,,,,0.89881,,,,,2026-09-12
Other Health Risks,Clinton [A] POC 2,48-201-1035,Harris,health_effect_total,Hormone system,Endocrine,2023,2023-01-01,2023-12-31,0.0001,sum of pollutant ratios,,,,,0.82854,,,,,2026-09-12
Other Health Risks,Clinton [A] POC 2,48-201-1035,Harris,health_effect_total,Hormone system,Endocrine,2024,2024-01-01,2024-12-31,0.0001,sum of pollutant ratios,,,,,0.76571,,,,,2026-09-12
Other Health Risks,Clinton [A] POC 2,48-201-1035,Harris,health_effect_total,Hormone system,Endocrine,2025,2025-01-01,2025-12-31,0.0001,sum of pollutant ratios,,,,,0.77763,,,,,2026-09-12
Other Health Risks,Clinton [A] POC 2,48-201-1035,Harris,health_effect_total,Hormone system,Endocrine,2026 YTD,2026-01-01,2026-09-12,0.0,sum of pollutant ratios,,,,,0.81552,,,,,2026-09-12
Other Health Risks,Clinton [A] POC 2,48-201-1035,Harris,health_effect_total,Hormone system,Endocrine,Last 365 Days,2025-09-12,2026-09-12,0.0,sum of pollutant ratios,,,,,0.82605,,,,,2026-09-12
Other Health Risks,Clinton [A] POC 2,48-201-1035,Harris,health_effect_total,Hormone system,Endocrine,Sep 2026,2026-09-01,2026-09-30,0.0,sum of pollutant ratios,,,,,0.89881,,,,,2026-09-12
Other Health Risks,Clinton [A] POC 2,48-201-1035,Harris,health_effect_total,Immune system,Immune,2023,2023-01-01,2023-12-31,0.0216,sum of pollutant ratios,,,,,0.82854,,,,,2026-09-12
Other Health Risks,Clinton [A] POC 2,48-201-1035,Harris,health_effect_total,Immune system,Immune,2024,2024-01-01,2024-12-31,0.0191,sum of pollutant ratios,,,,,0.76765,,,,,2026-09-12
Other Health Risks,Clinton [A] POC 2,48-201-1035,Harris,health_effect_total,Immune system,Immune,2025,2025-01-01,2025-12-31,0.0186,sum of pollutant ratios,,,,,0.77785,,,,,2026-09-12
Other Health Risks,Clinton [A] POC 2,48-201-1035,Harris,health_effect_total,Immune system,Immune,2026 YTD,2026-01-01,2026-09-12,0.0109,sum of pollutant ratios,,,,,0.81552,,,,,2026-09-12
Other Health Risks,Clinton [A] POC 2,48-201-1035,Harris,health_effect_total,Immune system,Immune,Last 365 Days,2025-09-12,2026-09-12,0.0162,sum of pollutant ratios,,,,,0.82605,,,,,2026-09-12
Other Health Risks,Clinton [A] POC 2,48-201-1035,Harris,health_effect_total,Immune system,Immune,Sep 2026,2026-09-01,2026-09-30,0.0155,sum of pollutant ratios,,,,,0.89881,,,,,2026-09-12
Other Health Risks,Clinton [A] POC 2,48-201-1035,Harris,health_effect_total,Kidneys and urinary system,Urinary,2023,2023-01-01,2023-12-31,0.0008,sum of pollutant ratios,,,,,0.82854,,,,,2026-09-12
Other Health Risks,Clinton [A] POC 2,48-201-1035,Harris,health_effect_total,Kidneys and urinary system,Urinary,2024,2024-01-01,2024-12-31,0.0007,sum of pollutant ratios,,,,,0.76571,,,,,2026-09-12
Other Health Risks,Clinton [A] POC 2,48-201-1035,Harris,health_effect_total,Kidneys and urinary system,Urinary,2025,2025-01-01,2025-12-31,0.0008,sum of pollutant ratios,,,,,0.77763,,,,,2026-09-12
Other Health Risks,Clinton [A] POC 2,48-201-1035,Harris,health_effect_total,Kidneys and urinary system,Urinary,2026 YTD,2026-01-01,2026-09-12,0.0005,sum of pollutant ratios,,,,,0.81552,,,,,2026-09-12
Other Health Risks,Clinton [A] POC 2,48-201-1035,Harris,health_effect_total,Kidneys and urinary system,Urinary,Last 365 Days,2025-09-12,2026-09-12,0.0007,sum of pollutant ratios,,,,,0.82605,,,,,2026-09-12
Other Health Risks,Clinton [A] POC 2,48-201-1035,Harris,health_effect_total,Kidneys and urinary system,Urinary,Sep 2026,2026-09-01,2026-09-30,0.0006,sum of pollutant ratios,,,,,0.89881,,,,,2026-09-12
Other Health Risks,Clinton [A] POC 2,48-201-1035,Harris,health_effect_total,Liver,Hepatic,2023,2023-01-01,2023-12-31,0.0005,sum of pollutant ratios,,,,,0.82854,,,,,2026-09-12
Other Health Risks,Clinton [A] POC 2,48-201-1035,Harris,health_effect_total,Liver,Hepatic,2024,2024-01-01,2024-12-31,0.0004,sum of pollutant ratios,,,,,0.7656,,,,,2026-09-12
Other Health Risks,Clinton [A] POC 2,48-201-1035,Harris,health_effect_total,Liver,Hepatic,2025,2025-01-01,2025-12-31,0.0005,sum of pollutant ratios,,,,,0.77763,,,,,2026-09-12
Other Health Risks,Clinton [A] POC 2,48-201-1035,Harris,health_effect_total,Liver,Hepatic,2026 YTD,2026-01-01,2026-09-12,0.0003,sum of pollutant ratios,,,,,0.81552,,,,,2026-09-12
Other Health Risks,Clinton [A] POC 2,48-201-1035,Harris,health_effect_total,Liver,Hepatic,Last 365 Days,2025-09-12,2026-09-12,0.0004,sum of pollutant ratios,,,,,0.82605,,,,,2026-09-12
Other Health Risks,Clinton [A] POC 2,48-201-1035,Harris,health_effect_total,Liver,Hepatic,Sep 2026,2026-09-01,2026-09-30,0.0004,sum of pollutant ratios,,,,,0.89881,,,,,2026-09-12
Other Health Risks,Clinton [A] POC 2,48-201-1035,Harris,health_effect_total,Lungs & breathing,Respiratory,2023,2023-01-01,2023-12-31,0.0031,sum of pollutant ratios,,,,,0.80582,,,,,2026-09-12
Other Health Risks,Clinton [A] POC 2,48-201-1035,Harris,health_effect_total,Lungs & breathing,Respiratory,2024,2024-01-01,2024-12-31,,sum of pollutant ratios,,,,,,,,,,2026-09-12
Other Health Risks,Clinton [A] POC 2,48-201-1035,Harris,health_effect_total,Lungs & breathing,Respiratory,2025,2025-01-01,2025-12-31,0.0061,sum of pollutant ratios,,,,,0.71632,*,,,,2026-09-12
Other Health Risks,Clinton [A] POC 2,48-201-1035,Harris,health_effect_total,Lungs & breathing,Respiratory,2026 YTD,2026-01-01,2026-09-12,0.0045,sum of pollutant ratios,,,,,0.81552,,,,,2026-09-12
Other Health Risks,Clinton [A] POC 2,48-201-1035,Harris,health_effect_total,Lungs & breathing,Respiratory,Last 365 Days,2025-09-12,2026-09-12,0.0057,sum of pollutant ratios,,,,,0.82445,,,,,2026-09-12
Other Health Risks,Clinton [A] POC 2,48-201-1035,Harris,health_effect_total,Lungs & breathing,Respiratory,Sep 2026,2026-09-01,2026-09-30,0.0161,sum of pollutant ratios,,,,,0.89881,,,,,2026-09-12
Other Health Risks,Clinton [A] POC 2,48-201-1035,Harris,pollutant,"1,2,3-Trimethylbenzene","Hematological, Nervous, Respiratory",2023,2023-01-01,2023-12-31,,mean ÷ screening level,,,,,,,,,,2026-09-12
Other Health Risks,Clinton [A] POC 2,48-201-1035,Harris,pollutant,"1,2,3-Trimethylbenzene","Hematological, Nervous, Respiratory",2024,2024-01-01,2024-12-31,,mean ÷ screening level,,,,,,,,,,2026-09-12
Other Health Risks,Clinton [A] POC 2,48-201-1035,Harris,pollutant,"1,2,3-Trimethylbenzene","Hematological, Nervous, Respiratory",2025,2025-01-01,2025-12-31,,mean ÷ screening level,,,,,,,,,,2026-09-12
Other Health Risks,Clinton [A] POC 2,48-201-1035,Harris,pollutant,"1,2,3-Trimethylbenzene","Hematological, Nervous, Respiratory",2026 YTD,2026-01-01,2026-09-12,,mean ÷ screening level,,,,,,,,,,2026-09-12
Other Health Risks,Clinton [A] POC 2,48-201-1035,Harris,pollutant,"1,2,3-Trimethylbenzene","Hematological, Nervous, Respiratory",Last 365 Days,2025-09-12,2026-09-12,,mean ÷ screening level,,,,,,,,,,2026-09-12
Other Health Risks,Clinton [A] POC 2,48-201-1035,Harris,pollutant,"1,2,3-Trimethylbenzene","Hematological, Nervous, Respiratory",Sep 2026,2026-09-01,2026-09-30,0.0104,mean of weekly means ÷ screening level,0.13351,12.81596,453.0,3.0,0.89881,,,,,2026-09-12
Other Health Risks,Clinton [A] POC 2,48-201-1035,Harris,pollutant,"1,2,4-Trimethylbenzene","Hematological, Nervous, Developmental, Respiratory",2023,2023-01-01,2023-12-31,0.0031,mean ÷ screening level,0.04028,12.81596,7059.0,,0.80582,,,,,2026-09-12
Other Health Risks,Clinton [A] POC 2,48-201-1035,Harris,pollutant,"1,2,4-Trimethylbenzene","Hematological, Nervous, Developmental, Respiratory",2024,2024-01-01,2024-12-31,,mean ÷ screening level,,,,,,,,,,2026-09-12
Other Health Risks,Clinton [A] POC 2,48-201-1035,Harris,pollutant,"1,2,4-Trimethylbenzene","Hematological, Nervous, Developmental, Respiratory",2025,2025-01-01,2025-12-31,0.0061,mean ÷ screening level,0.07767,12.81596,6275.0,,0.71632,*,,,,2026-09-12
Other Health Risks,Clinton [A] POC 2,48-201-1035,Harris,pollutant,"1,2,4-Trimethylbenzene","Hematological, Nervous, Developmental, Respiratory",2026 YTD,2026-01-01,2026-09-12,0.0045,mean ÷ screening level,0.05809,12.81596,4991.0,,0.81552,,,,,2026-09-12
Other Health Risks,Clinton [A] POC 2,48-201-1035,Harris,pollutant,"1,2,4-Trimethylbenzene","Hematological, Nervous, Developmental, Respiratory",Last 365 Days,2025-09-12,2026-09-12,0.0057,mean ÷ screening level,0.07321,12.81596,7242.0,,0.82445,,,,,2026-09-12
Other Health Risks,Clinton [A] POC 2,48-201-1035,Harris,pollutant,"1,2,4-Trimethylbenzene","Hematological, Nervous, Developmental, Respiratory",Sep 2026,2026-09-01,2026-09-30,0.0057,mean of weekly means ÷ screening level,0.07252,12.81596,604.0,4.0,0.89881,,,,,2026-09-12
Other Health Risks,Clinton [A] POC 2,48-201-1035,Harris,pollutant,"1,3,5-Trimethylbenzene","Developmental, Nervous",2023,2023-01-01,2023-12-31,0.0013,mean ÷ screening level,0.01708,12.81596,7059.0,,0.80582,,,,,2026-09-12
Other Health Risks,Clinton [A] POC 2,48-201-1035,Harris,pollutant,"1,3,5-Trimethylbenzene","Developmental, Nervous",2024,2024-01-01,2024-12-31,,mean ÷ screening level,,,,,,,,,,2026-09-12
Other Health Risks,Clinton [A] POC 2,48-201-1035,Harris,pollutant,"1,3,5-Trimethylbenzene","Developmental, Nervous",2025,2025-01-01,2025-12-31,0.0017,mean ÷ screening level,0.02162,12.81596,6475.0,,0.73916,*,,,,2026-09-12
Other Health Risks,Clinton [A] POC 2,48-201-1035,Harris,pollutant,"1,3,5-Trimethylbenzene","Developmental, Nervous",2026 YTD,2026-01-01,2026-09-12,0.0009,mean ÷ screening level,0.01142,12.81596,4991.0,,0.81552,,,,,2026-09-12
Other Health Risks,Clinton [A] POC 2,48-201-1035,Harris,pollutant,"1,3,5-Trimethylbenzene","Developmental, Nervous",Last 365 Days,2025-09-12,2026-09-12,0.0012,mean ÷ screening level,0.01519,12.81596,7242.0,,0.82445,,,,,2026-09-12
Other Health Risks,Clinton [A] POC 2,48-201-1035,Harris,pollutant,"1,3,5-Trimethylbenzene","Developmental, Nervous",Sep 2026,2026-09-01,2026-09-30,0.0012,mean of weekly means ÷ screening level,0.01563,12.81596,302.0,2.0,0.89881,,,,,2026-09-12
Other Health Risks,Clinton [A] POC 2,48-201-1035,Harris,pollutant,"1,3-Butadiene",Reproductive,2023,2023-01-01,2023-12-31,0.1244,mean ÷ screening level,0.11809,0.94925,7258.0,,0.82854,,,,,2026-09-12
Other Health Risks,Clinton [A] POC 2,48-201-1035,Harris,pollutant,"1,3-Butadiene",Reproductive,2024,2024-01-01,2024-12-31,0.1421,mean ÷ screening level,0.13488,0.94925,6800.0,,0.77413,,,,,2026-09-12
Other Health Risks,Clinton [A] POC 2,48-201-1035,Harris,pollutant,"1,3-Butadiene",Reproductive,2025,2025-01-01,2025-12-31,0.155,mean ÷ screening level,0.14715,0.94925,6761.0,,0.7718,,,,,2026-09-12
Other Health Risks,Clinton [A] POC 2,48-201-1035,Harris,pollutant,"1,3-Butadiene",Reproductive,2026 YTD,2026-01-01,2026-09-12,0.1272,mean ÷ screening level,0.12077,0.94925,4991.0,,0.81552,,,,,2026-09-12
Other Health Risks,Clinton [A] POC 2,48-201-1035,Harris,pollutant,"1,3-Butadiene",Reproductive,Last 365 Days,2025-09-12,2026-09-12,0.1369,mean ÷ screening level,0.12994,0.94925,7256.0,,0.82605,,,,,2026-09-12
Other Health Risks,Clinton [A] POC 2,48-201-1035,Harris,pollutant,"1,3-Butadiene",Reproductive,Sep 2026,2026-09-01,2026-09-30,0.1508,mean of weekly means ÷ screening level,0.14311,0.94925,151.0,1.0,0.89881,,,,,2026-09-12
Other Health Risks,Clinton [A] POC 2,48-201-1035,Harris,pollutant,Benzene,Immune,2023,2023-01-01,2023-12-31,0.0216,mean ÷ screening level,0.20964,9.70362,7258.0,,0.82854,,,,,2026-09-12
Other Health Risks,Clinton [A] POC 2,48-201-1035,Harris,pollutant,Benzene,Immune,2024,2024-01-01,2024-12-31,0.0191,mean ÷ screening level,0.18514,9.70362,6743.0,,0.76765,,,,,2026-09-12
Other Health Risks,Clinton [A] POC 2,48-201-1035,Harris,pollutant,Benzene,Immune,2025,2025-01-01,2025-12-31,0.0186,mean ÷ screening level,0.18019,9.70362,6814.0,,0.77785,,,,,2026-09-12
Other Health Risks,Clinton [A] POC 2,48-201-1035,Harris,pollutant,Benzene,Immune,2026 YTD,2026-01-01,2026-09-12,0.0109,mean ÷ screening level,0.10616,9.70362,4991.0,,0.81552,,,,,2026-09-12
Other Health Risks,Clinton [A] POC 2,48-201-1035,Harris,pollutant,Benzene,Immune,Last 365 Days,2025-09-12,2026-09-12,0.0162,mean ÷ screening level,0.15688,9.70362,7256.0,,0.82605,,,,,2026-09-12
Other Health Risks,Clinton [A] POC 2,48-201-1035,Harris,pollutant,Benzene,Immune,Sep 2026,2026-09-01,2026-09-30,0.0155,mean of weekly means ÷ screening level,0.14993,9.70362,151.0,1.0,0.89881,,,,,2026-09-12
Other Health Risks,Clinton [A] POC 2,48-201-1035,Harris,pollutant,Cyclohexane,Developmental,2023,2023-01-01,2023-12-31,0.0001,mean ÷ screening level,0.14003,1830.26,7245.0,,0.82705,,,,,2026-09-12
Other Health Risks,Clinton [A] POC 2,48-201-1035,Harris,pollutant,Cyclohexane,Developmental,2024,2024-01-01,2024-12-31,0.0001,mean ÷ screening level,0.17529,1830.26,6743.0,,0.76765,,,,,2026-09-12
Other Health Risks,Clinton [A] POC 2,48-201-1035,Harris,pollutant,Cyclohexane,Developmental,2025,2025-01-01,2025-12-31,0.0001,mean ÷ screening level,0.15506,1830.26,6814.0,,0.77785,,,,,2026-09-12
Other Health Risks,Clinton [A] POC 2,48-201-1035,Harris,pollutant,Cyclohexane,Developmental,2026 YTD,2026-01-01,2026-09-12,0.0,mean ÷ screening level,0.08057,1830.26,4991.0,,0.81552,,,,,2026-09-12
Other Health Risks,Clinton [A] POC 2,48-201-1035,Harris,pollutant,Cyclohexane,Developmental,Last 365 Days,2025-09-12,2026-09-12,0.0001,mean ÷ screening level,0.10738,1830.26,7256.0,,0.82605,,,,,2026-09-12
Other Health Risks,Clinton [A] POC 2,48-201-1035,Harris,pollutant,Cyclohexane,Developmental,Sep 2026,2026-09-01,2026-09-30,0.0001,mean of weekly means ÷ screening level,0.13954,1830.26,151.0,1.0,0.89881,,,,,2026-09-12
Other Health Risks,Clinton [A] POC 2,48-201-1035,Harris,pollutant,Ethyl Benzene,"Developmental, Hepatic, Urinary",2023,2023-01-01,2023-12-31,0.0004,mean ÷ screening level,0.08436,230.29755,7258.0,,0.82854,,,,,2026-09-12
Other Health Risks,Clinton [A] POC 2,48-201-1035,Harris,pollutant,Ethyl Benzene,"Developmental, Hepatic, Urinary",2024,2024-01-01,2024-12-31,0.0003,mean ÷ screening level,0.06993,230.29755,6741.0,,0.76742,,,,,2026-09-12
Other Health Risks,Clinton [A] POC 2,48-201-1035,Harris,pollutant,Ethyl Benzene,"Developmental, Hepatic, Urinary",2025,2025-01-01,2025-12-31,0.0003,mean ÷ screening level,0.0801,230.29755,6814.0,,0.77785,,,,,2026-09-12
Other Health Risks,Clinton [A] POC 2,48-201-1035,Harris,pollutant,Ethyl Benzene,"Developmental, Hepatic, Urinary",2026 YTD,2026-01-01,2026-09-12,0.0002,mean ÷ screening level,0.05012,230.29755,4991.0,,0.81552,,,,,2026-09-12
Other Health Risks,Clinton [A] POC 2,48-201-1035,Harris,pollutant,Ethyl Benzene,"Developmental, Hepatic, Urinary",Last 365 Days,2025-09-12,2026-09-12,0.0003,mean ÷ screening level,0.06911,230.29755,7256.0,,0.82605,,,,,2026-09-12
Other Health Risks,Clinton [A] POC 2,48-201-1035,Harris,pollutant,Ethyl Benzene,"Developmental, Hepatic, Urinary",Sep 2026,2026-09-01,2026-09-30,0.0003,mean of weekly means ÷ screening level,0.06901,230.29755,453.0,3.0,0.89881,,,,,2026-09-12
Other Health Risks,Clinton [A] POC 2,48-201-1035,Harris,pollutant,Isopropyl Benzene - Cumene,"Endocrine, Urinary",2023,2023-01-01,2023-12-31,0.0001,mean ÷ screening level,0.01248,85.43972,7258.0,,0.82854,,,,,2026-09-12
Other Health Risks,Clinton [A] POC 2,48-201-1035,Harris,pollutant,Isopropyl Benzene - Cumene,"Endocrine, Urinary",2024,2024-01-01,2024-12-31,0.0001,mean ÷ screening level,0.00737,85.43972,6726.0,,0.76571,,,,,2026-09-12
Other Health Risks,Clinton [A] POC 2,48-201-1035,Harris,pollutant,Isopropyl Benzene - Cumene,"Endocrine, Urinary",2025,2025-01-01,2025-12-31,0.0001,mean ÷ screening level,0.00704,85.43972,6812.0,,0.77763,,,,,2026-09-12
Other Health Risks,Clinton [A] POC 2,48-201-1035,Harris,pollutant,Isopropyl Benzene - Cumene,"Endocrine, Urinary",2026 YTD,2026-01-01,2026-09-12,0.0,mean ÷ screening level,0.00063,85.43972,4991.0,,0.81552,,,,,2026-09-12
Other Health Risks,Clinton [A] POC 2,48-201-1035,Harris,pollutant,Isopropyl Benzene - Cumene,"Endocrine, Urinary",Last 365 Days,2025-09-12,2026-09-12,0.0,mean ÷ screening level,0.00307,85.43972,7256.0,,0.82605,,,,,2026-09-12
Other Health Risks,Clinton [A] POC 2,48-201-1035,Harris,pollutant,Isopropyl Benzene - Cumene,"Endocrine, Urinary",Sep 2026,2026-09-01,2026-09-30,0.0,mean of weekly means ÷ screening level,0.00026,85.43972,302.0,2.0,0.89881,,,,,2026-09-12
Other Health Risks,Clinton [A] POC 2,48-201-1035,Harris,pollutant,Styrene,"Hematological, Hepatic, Nervous",2023,2023-01-01,2023-12-31,0.0001,mean ÷ screening level,0.02835,234.75756,7258.0,,0.82854,,,,,2026-09-12
Other Health Risks,Clinton [A] POC 2,48-201-1035,Harris,pollutant,Styrene,"Hematological, Hepatic, Nervous",2024,2024-01-01,2024-12-31,0.0001,mean ÷ screening level,0.01738,234.75756,6725.0,,0.7656,,,,,2026-09-12
Other Health Risks,Clinton [A] POC 2,48-201-1035,Harris,pollutant,Styrene,"Hematological, Hepatic, Nervous",2025,2025-01-01,2025-12-31,0.0001,mean ÷ screening level,0.02699,234.75756,6812.0,,0.77763,,,,,2026-09-12
Other Health Risks,Clinton [A] POC 2,48-201-1035,Harris,pollutant,Styrene,"Hematological, Hepatic, Nervous",2026 YTD,2026-01-01,2026-09-12,0.0001,mean ÷ screening level,0.02173,234.75756,4991.0,,0.81552,,,,,2026-09-12
Other Health Risks,Clinton [A] POC 2,48-201-1035,Harris,pollutant,Styrene,"Hematological, Hepatic, Nervous",Last 365 Days,2025-09-12,2026-09-12,0.0001,mean ÷ screening level,0.02103,234.75756,7256.0,,0.82605,,,,,2026-09-12
Other Health Risks,Clinton [A] POC 2,48-201-1035,Harris,pollutant,Styrene,"Hematological, Hepatic, Nervous",Sep 2026,2026-09-01,2026-09-30,0.0001,mean of weekly means ÷ screening level,0.02437,234.75756,453.0,3.0,0.89881,,,,,2026-09-12
Other Health Risks,Clinton [A] POC 2,48-201-1035,Harris,pollutant,Toluene,"Nervous, Urinary",2023,2023-01-01,2023-12-31,0.0003,mean ÷ screening level,0.40777,1379.85674,7258.0,,0.82854,,,,,2026-09-12
Other Health Risks,Clinton [A] POC 2,48-201-1035,Harris,pollutant,Toluene,"Nervous, Urinary",2024,2024-01-01,2024-12-31,0.0003,mean ÷ screening level,0.44291,1379.85674,6743.0,,0.76765,,,,,2026-09-12
Other Health Risks,Clinton [A] POC 2,48-201-1035,Harris,pollutant,Toluene,"Nervous, Urinary",2025,2025-01-01,2025-12-31,0.0004,mean ÷ screening level,0.48683,1379.85674,6814.0,,0.77785,,,,,2026-09-12
Other Health Risks,Clinton [A] POC 2,48-201-1035,Harris,pollutant,Toluene,"Nervous, Urinary",2026 YTD,2026-01-01,2026-09-12,0.0003,mean ÷ screening level,0.40786,1379.85674,4991.0,,0.81552,,,,,2026-09-12
Other Health Risks,Clinton [A] POC 2,48-201-1035,Harris,pollutant,Toluene,"Nervous, Urinary",Last 365 Days,2025-09-12,2026-09-12,0.0003,mean ÷ screening level,0.48076,1379.85674,7256.0,,0.82605,,,,,2026-09-12
Other Health Risks,Clinton [A] POC 2,48-201-1035,Harris,pollutant,Toluene,"Nervous, Urinary",Sep 2026,2026-09-01,2026-09-30,0.0003,mean of weekly means ÷ screening level,0.47775,1379.85674,302.0,2.0,0.89881,,,,,2026-09-12
Other Health Risks,Clinton [A] POC 2,48-201-1035,Harris,pollutant,n-Hexane,Nervous,2023,2023-01-01,2023-12-31,0.0017,mean ÷ screening level,0.35263,207.10722,7258.0,,0.82854,,,,,2026-09-12
Other Health Risks,Clinton [A] POC 2,48-201-1035,Harris,pollutant,n-Hexane,Nervous,2024,2024-01-01,2024-12-31,0.0019,mean ÷ screening level,0.38559,207.10722,6743.0,,0.76765,,,,,2026-09-12
Other Health Risks,Clinton [A] POC 2,48-201-1035,Harris,pollutant,n-Hexane,Nervous,2025,2025-01-01,2025-12-31,0.0021,mean ÷ screening level,0.43108,207.10722,6659.0,,0.76016,,,,,2026-09-12
Other Health Risks,Clinton [A] POC 2,48-201-1035,Harris,pollutant,n-Hexane,Nervous,2026 YTD,2026-01-01,2026-09-12,0.0015,mean ÷ screening level,0.30928,207.10722,4991.0,,0.81552,,,,,2026-09-12
Other Health Risks,Clinton [A] POC 2,48-201-1035,Harris,pollutant,n-Hexane,Nervous,Last 365 Days,2025-09-12,2026-09-12,0.0018,mean ÷ screening level,0.38263,207.10722,7127.0,,0.81136,,,,,2026-09-12
Other Health Risks,Clinton [A] POC 2,48-201-1035,Harris,pollutant,n-Hexane,Nervous,Sep 2026,2026-09-01,2026-09-30,0.0022,mean of weekly means ÷ screening level,0.46523,207.10722,151.0,1.0,0.89881,,,,,2026-09-12
Other Health Risks,Clinton [A] POC 2,48-201-1035,Harris,pollutant,o-Xylene,Nervous,2023,2023-01-01,2023-12-31,0.0024,mean ÷ screening level,0.05611,23.03,7258.0,,0.82854,,,,,2026-09-12
Other Health Risks,Clinton [A] POC 2,48-201-1035,Harris,pollutant,o-Xylene,Nervous,2024,2024-01-01,2024-12-31,0.0025,mean ÷ screening level,0.05658,23.03,6725.0,,0.7656,,,,,2026-09-12
Other Health Risks,Clinton [A] POC 2,48-201-1035,Harris,pollutant,o-Xylene,Nervous,2025,2025-01-01,2025-12-31,0.0037,mean ÷ screening level,0.08501,23.03,6814.0,,0.77785,,,,,2026-09-12
Other Health Risks,Clinton [A] POC 2,48-201-1035,Harris,pollutant,o-Xylene,Nervous,2026 YTD,2026-01-01,2026-09-12,0.0019,mean ÷ screening level,0.04472,23.03,4991.0,,0.81552,,,,,2026-09-12
Other Health Risks,Clinton [A] POC 2,48-201-1035,Harris,pollutant,o-Xylene,Nervous,Last 365 Days,2025-09-12,2026-09-12,0.0025,mean ÷ screening level,0.05677,23.03,7256.0,,0.82605,,,,,2026-09-12
Other Health Risks,Clinton [A] POC 2,48-201-1035,Harris,pollutant,o-Xylene,Nervous,Sep 2026,2026-09-01,2026-09-30,0.0026,mean of weekly means ÷ screening level,0.06007,23.03,151.0,1.0,0.89881,,,,,2026-09-12
Other Health Risks,Clinton [A] POC 2,48-201-1035,Harris,pollutant,p-Xylene + m-Xylene,Nervous,2023,2023-01-01,2023-12-31,0.0082,mean ÷ screening level,0.1881,23.03127,7258.0,,0.82854,,,,,2026-09-12
Other Health Risks,Clinton [A] POC 2,48-201-1035,Harris,pollutant,p-Xylene + m-Xylene,Nervous,2024,2024-01-01,2024-12-31,0.0083,mean ÷ screening level,0.19084,23.03127,6743.0,,0.76765,,,,,2026-09-12
Other Health Risks,Clinton [A] POC 2,48-201-1035,Harris,pollutant,p-Xylene + m-Xylene,Nervous,2025,2025-01-01,2025-12-31,0.0114,mean ÷ screening level,0.26298,23.03127,6814.0,,0.77785,,,,,2026-09-12
Other Health Risks,Clinton [A] POC 2,48-201-1035,Harris,pollutant,p-Xylene + m-Xylene,Nervous,2026 YTD,2026-01-01,2026-09-12,0.0092,mean ÷ screening level,0.21272,23.03127,4991.0,,0.81552,,,,,2026-09-12
Other Health Risks,Clinton [A] POC 2,48-201-1035,Harris,pollutant,p-Xylene + m-Xylene,Nervous,Last 365 Days,2025-09-12,2026-09-12,0.0107,mean ÷ screening level,0.24582,23.03127,7256.0,,0.82605,,,,,2026-09-12
Other Health Risks,Clinton [A] POC 2,48-201-1035,Harris,pollutant,p-Xylene + m-Xylene,Nervous,Sep 2026,2026-09-01,2026-09-30,0.0113,mean of weekly means ÷ screening level,0.26079,23.03127,151.0,1.0,0.89881,,,,,2026-09-12
Other Health Risks,Clinton [A] POC 2,48-201-1035,Harris,total,Total,,2023,2023-01-01,2023-12-31,0.1638,sum of pollutant ratios,,,,,0.80582,,,,,2026-09-12
Other Health Risks,Clinton [A] POC 2,48-201-1035,Harris,total,Total,,2024,2024-01-01,2024-12-31,0.1747,sum of pollutant ratios,,,,,0.7656,,,,,2026-09-12
Other Health Risks,Clinton [A] POC 2,48-201-1035,Harris,total,Total,,2025,2025-01-01,2025-12-31,0.1995,sum of pollutant ratios,,,,,0.71632,*,,,,2026-09-12
Other Health Risks,Clinton [A] POC 2,48-201-1035,Harris,total,Total,,2026 YTD,2026-01-01,2026-09-12,0.1569,sum of pollutant ratios,,,,,0.81552,,,,,2026-09-12
Other Health Risks,Clinton [A] POC 2,48-201-1035,Harris,total,Total,,Last 365 Days,2025-09-12,2026-09-12,0.1758,sum of pollutant ratios,,,,,0.81136,,,,,2026-09-12
Other Health Risks,Clinton [A] POC 2,48-201-1035,Harris,total,Total,,Sep 2026,2026-09-01,2026-09-30,0.2005,sum of pollutant ratios,,,,,0.89881,,,,,2026-09-12
Other Health Risks,Galena Park A1667 [53] [72] POC 6,48-201-0057,Harris,health_effect_total,Ability to have children,Reproductive,2023,2023-01-01,2023-12-31,0.2615,sum of pollutant ratios,,,,,0.86062,,,,,2026-09-12
Other Health Risks,Galena Park A1667 [53] [72] POC 6,48-201-0057,Harris,health_effect_total,Ability to have children,Reproductive,2024,2024-01-01,2024-12-31,0.2736,sum of pollutant ratios,,,,,0.84358,,,,,2026-09-12
Other Health Risks,Galena Park A1667 [53] [72] POC 6,48-201-0057,Harris,health_effect_total,Ability to have children,Reproductive,2025,2025-01-01,2025-12-31,0.3231,sum of pollutant ratios,,,,,0.81929,,,,,2026-09-12
Other Health Risks,Galena Park A1667 [53] [72] POC 6,48-201-0057,Harris,health_effect_total,Ability to have children,Reproductive,2026 YTD,2026-01-01,2026-09-12,0.303,sum of pollutant ratios,,,,,0.80784,,,,,2026-09-12
Other Health Risks,Galena Park A1667 [53] [72] POC 6,48-201-0057,Harris,health_effect_total,Ability to have children,Reproductive,Last 365 Days,2025-09-12,2026-09-12,0.3208,sum of pollutant ratios,,,,,0.81273,,,,,2026-09-12
Other Health Risks,Galena Park A1667 [53] [72] POC 6,48-201-0057,Harris,health_effect_total,Ability to have children,Reproductive,Sep 2026,2026-09-01,2026-09-30,0.5382,sum of pollutant ratios,,,,,0.89881,,,,,2026-09-12
Other Health Risks,Galena Park A1667 [53] [72] POC 6,48-201-0057,Harris,health_effect_total,Blood,Hematological,2023,2023-01-01,2023-12-31,0.012,sum of pollutant ratios,,,,,0.85274,,,,,2026-09-12
Other Health Risks,Galena Park A1667 [53] [72] POC 6,48-201-0057,Harris,health_effect_total,Blood,Hematological,2024,2024-01-01,2024-12-31,0.0107,sum of pollutant ratios,,,,,0.84164,,,,,2026-09-12
Other Health Risks,Galena Park A1667 [53] [72] POC 6,48-201-0057,Harris,health_effect_total,Blood,Hematological,2025,2025-01-01,2025-12-31,0.0081,sum of pollutant ratios,,,,,0.76119,,,,,2026-09-12
Other Health Risks,Galena Park A1667 [53] [72] POC 6,48-201-0057,Harris,health_effect_total,Blood,Hematological,2026 YTD,2026-01-01,2026-09-12,0.0114,sum of pollutant ratios,,,,,0.74428,*,,,,2026-09-12
Other Health Risks,Galena Park A1667 [53] [72] POC 6,48-201-0057,Harris,health_effect_total,Blood,Hematological,Last 365 Days,2025-09-12,2026-09-12,0.0109,sum of pollutant ratios,,,,,0.71744,*,,,,2026-09-12
Other Health Risks,Galena Park A1667 [53] [72] POC 6,48-201-0057,Harris,health_effect_total,Blood,Hematological,Sep 2026,2026-09-01,2026-09-30,0.0162,sum of pollutant ratios,,,,,0.89881,,,,,2026-09-12
Other Health Risks,Galena Park A1667 [53] [72] POC 6,48-201-0057,Harris,health_effect_total,Brain and nervous system,Nervous,2023,2023-01-01,2023-12-31,0.0365,sum of pollutant ratios,,,,,0.85274,,,,,2026-09-12
Other Health Risks,Galena Park A1667 [53] [72] POC 6,48-201-0057,Harris,health_effect_total,Brain and nervous system,Nervous,2024,2024-01-01,2024-12-31,0.04,sum of pollutant ratios,,,,,0.84164,,,,,2026-09-12
Other Health Risks,Galena Park A1667 [53] [72] POC 6,48-201-0057,Harris,health_effect_total,Brain and nervous system,Nervous,2025,2025-01-01,2025-12-31,0.0349,sum of pollutant ratios,,,,,0.76119,,,,,2026-09-12
Other Health Risks,Galena Park A1667 [53] [72] POC 6,48-201-0057,Harris,health_effect_total,Brain and nervous system,Nervous,2026 YTD,2026-01-01,2026-09-12,0.0391,sum of pollutant ratios,,,,,0.74428,*,,,,2026-09-12
Other Health Risks,Galena Park A1667 [53] [72] POC 6,48-201-0057,Harris,health_effect_total,Brain and nervous system,Nervous,Last 365 Days,2025-09-12,2026-09-12,0.0391,sum of pollutant ratios,,,,,0.71744,*,,,,2026-09-12
Other Health Risks,Galena Park A1667 [53] [72] POC 6,48-201-0057,Harris,health_effect_total,Brain and nervous system,Nervous,Sep 2026,2026-09-01,2026-09-30,0.0554,sum of pollutant ratios,,,,,0.89881,,,,,2026-09-12
Other Health Risks,Galena Park A1667 [53] [72] POC 6,48-201-0057,Harris,health_effect_total,Growth and development (children's),Developmental,2023,2023-01-01,2023-12-31,0.0107,sum of pollutant ratios,,,,,0.85274,,,,,2026-09-12
Other Health Risks,Galena Park A1667 [53] [72] POC 6,48-201-0057,Harris,health_effect_total,Growth and development (children's),Developmental,2024,2024-01-01,2024-12-31,0.0098,sum of pollutant ratios,,,,,0.84164,,,,,2026-09-12
Other Health Risks,Galena Park A1667 [53] [72] POC 6,48-201-0057,Harris,health_effect_total,Growth and development (children's),Developmental,2025,2025-01-01,2025-12-31,0.008,sum of pollutant ratios,,,,,0.76119,,,,,2026-09-12
Other Health Risks,Galena Park A1667 [53] [72] POC 6,48-201-0057,Harris,health_effect_total,Growth and development (children's),Developmental,2026 YTD,2026-01-01,2026-09-12,0.0111,sum of pollutant ratios,,,,,0.74428,*,,,,2026-09-12
Other Health Risks,Galena Park A1667 [53] [72] POC 6,48-201-0057,Harris,health_effect_total,Growth and development (children's),Developmental,Last 365 Days,2025-09-12,2026-09-12,0.0107,sum of pollutant ratios,,,,,0.71744,*,,,,2026-09-12
Other Health Risks,Galena Park A1667 [53] [72] POC 6,48-201-0057,Harris,health_effect_total,Growth and development (children's),Developmental,Sep 2026,2026-09-01,2026-09-30,0.0143,sum of pollutant ratios,,,,,0.89881,,,,,2026-09-12
Other Health Risks,Galena Park A1667 [53] [72] POC 6,48-201-0057,Harris,health_effect_total,Hormone system,Endocrine,2023,2023-01-01,2023-12-31,0.0006,sum of pollutant ratios,,,,,0.86062,,,,,2026-09-12
Other Health Risks,Galena Park A1667 [53] [72] POC 6,48-201-0057,Harris,health_effect_total,Hormone system,Endocrine,2024,2024-01-01,2024-12-31,0.0003,sum of pollutant ratios,,,,,0.84358,,,,,2026-09-12
Other Health Risks,Galena Park A1667 [53] [72] POC 6,48-201-0057,Harris,health_effect_total,Hormone system,Endocrine,2025,2025-01-01,2025-12-31,0.0002,sum of pollutant ratios,,,,,0.81929,,,,,2026-09-12
Other Health Risks,Galena Park A1667 [53] [72] POC 6,48-201-0057,Harris,health_effect_total,Hormone system,Endocrine,2026 YTD,2026-01-01,2026-09-12,0.0001,sum of pollutant ratios,,,,,0.80784,,,,,2026-09-12
Other Health Risks,Galena Park A1667 [53] [72] POC 6,48-201-0057,Harris,health_effect_total,Hormone system,Endocrine,Last 365 Days,2025-09-12,2026-09-12,0.0001,sum of pollutant ratios,,,,,0.81273,,,,,2026-09-12
Other Health Risks,Galena Park A1667 [53] [72] POC 6,48-201-0057,Harris,health_effect_total,Hormone system,Endocrine,Sep 2026,2026-09-01,2026-09-30,0.0001,sum of pollutant ratios,,,,,0.89881,,,,,2026-09-12
Other Health Risks,Galena Park A1667 [53] [72] POC 6,48-201-0057,Harris,health_effect_total,Immune system,Immune,2023,2023-01-01,2023-12-31,0.0663,sum of pollutant ratios,,,,,0.85719,,,,,2026-09-12
Other Health Risks,Galena Park A1667 [53] [72] POC 6,48-201-0057,Harris,health_effect_total,Immune system,Immune,2024,2024-01-01,2024-12-31,0.09,sum of pollutant ratios,,,,,0.84358,,,,,2026-09-12
Other Health Risks,Galena Park A1667 [53] [72] POC 6,48-201-0057,Harris,health_effect_total,Immune system,Immune,2025,2025-01-01,2025-12-31,0.1149,sum of pollutant ratios,,,,,0.81804,,,,,2026-09-12
Other Health Risks,Galena Park A1667 [53] [72] POC 6,48-201-0057,Harris,health_effect_total,Immune system,Immune,2026 YTD,2026-01-01,2026-09-12,0.1078,sum of pollutant ratios,,,,,0.80784,,,,,2026-09-12
Other Health Risks,Galena Park A1667 [53] [72] POC 6,48-201-0057,Harris,health_effect_total,Immune system,Immune,Last 365 Days,2025-09-12,2026-09-12,0.1178,sum of pollutant ratios,,,,,0.81148,,,,,2026-09-12
Other Health Risks,Galena Park A1667 [53] [72] POC 6,48-201-0057,Harris,health_effect_total,Immune system,Immune,Sep 2026,2026-09-01,2026-09-30,0.1581,sum of pollutant ratios,,,,,0.89881,,,,,2026-09-12
Other Health Risks,Galena Park A1667 [53] [72] POC 6,48-201-0057,Harris,health_effect_total,Kidneys and urinary system,Urinary,2023,2023-01-01,2023-12-31,0.0018,sum of pollutant ratios,,,,,0.85719,,,,,2026-09-12
Other Health Risks,Galena Park A1667 [53] [72] POC 6,48-201-0057,Harris,health_effect_total,Kidneys and urinary system,Urinary,2024,2024-01-01,2024-12-31,0.0018,sum of pollutant ratios,,,,,0.84358,,,,,2026-09-12
Other Health Risks,Galena Park A1667 [53] [72] POC 6,48-201-0057,Harris,health_effect_total,Kidneys and urinary system,Urinary,2025,2025-01-01,2025-12-31,0.0019,sum of pollutant ratios,,,,,0.81804,,,,,2026-09-12
Other Health Risks,Galena Park A1667 [53] [72] POC 6,48-201-0057,Harris,health_effect_total,Kidneys and urinary system,Urinary,2026 YTD,2026-01-01,2026-09-12,0.0015,sum of pollutant ratios,,,,,0.80784,,,,,2026-09-12
Other Health Risks,Galena Park A1667 [53] [72] POC 6,48-201-0057,Harris,health_effect_total,Kidneys and urinary system,Urinary,Last 365 Days,2025-09-12,2026-09-12,0.0017,sum of pollutant ratios,,,,,0.81148,,,,,2026-09-12
Other Health Risks,Galena Park A1667 [53] [72] POC 6,48-201-0057,Harris,health_effect_total,Kidneys and urinary system,Urinary,Sep 2026,2026-09-01,2026-09-30,0.0018,sum of pollutant ratios,,,,,0.89881,,,,,2026-09-12
Other Health Risks,Galena Park A1667 [53] [72] POC 6,48-201-0057,Harris,health_effect_total,Liver,Hepatic,2023,2023-01-01,2023-12-31,0.0008,sum of pollutant ratios,,,,,0.86062,,,,,2026-09-12
Other Health Risks,Galena Park A1667 [53] [72] POC 6,48-201-0057,Harris,health_effect_total,Liver,Hepatic,2024,2024-01-01,2024-12-31,0.0008,sum of pollutant ratios,,,,,0.84358,,,,,2026-09-12
Other Health Risks,Galena Park A1667 [53] [72] POC 6,48-201-0057,Harris,health_effect_total,Liver,Hepatic,2025,2025-01-01,2025-12-31,0.0009,sum of pollutant ratios,,,,,0.81929,,,,,2026-09-12
Other Health Risks,Galena Park A1667 [53] [72] POC 6,48-201-0057,Harris,health_effect_total,Liver,Hepatic,2026 YTD,2026-01-01,2026-09-12,0.0008,sum of pollutant ratios,,,,,0.80784,,,,,2026-09-12
Other Health Risks,Galena Park A1667 [53] [72] POC 6,48-201-0057,Harris,health_effect_total,Liver,Hepatic,Last 365 Days,2025-09-12,2026-09-12,0.0009,sum of pollutant ratios,,,,,0.81273,,,,,2026-09-12
Other Health Risks,Galena Park A1667 [53] [72] POC 6,48-201-0057,Harris,health_effect_total,Liver,Hepatic,Sep 2026,2026-09-01,2026-09-30,0.001,sum of pollutant ratios,,,,,0.89881,,,,,2026-09-12
Other Health Risks,Galena Park A1667 [53] [72] POC 6,48-201-0057,Harris,health_effect_total,Lungs & breathing,Respiratory,2023,2023-01-01,2023-12-31,0.0118,sum of pollutant ratios,,,,,0.85274,,,,,2026-09-12
Other Health Risks,Galena Park A1667 [53] [72] POC 6,48-201-0057,Harris,health_effect_total,Lungs & breathing,Respiratory,2024,2024-01-01,2024-12-31,0.0105,sum of pollutant ratios,,,,,0.84164,,,,,2026-09-12
Other Health Risks,Galena Park A1667 [53] [72] POC 6,48-201-0057,Harris,health_effect_total,Lungs & breathing,Respiratory,2025,2025-01-01,2025-12-31,0.0079,sum of pollutant ratios,,,,,0.76119,,,,,2026-09-12
Other Health Risks,Galena Park A1667 [53] [72] POC 6,48-201-0057,Harris,health_effect_total,Lungs & breathing,Respiratory,2026 YTD,2026-01-01,2026-09-12,0.0112,sum of pollutant ratios,,,,,0.74428,*,,,,2026-09-12
Other Health Risks,Galena Park A1667 [53] [72] POC 6,48-201-0057,Harris,health_effect_total,Lungs & breathing,Respiratory,Last 365 Days,2025-09-12,2026-09-12,0.0108,sum of pollutant ratios,,,,,0.71744,*,,,,2026-09-12
Other Health Risks,Galena Park A1667 [53] [72] POC 6,48-201-0057,Harris,health_effect_total,Lungs & breathing,Respiratory,Sep 2026,2026-09-01,2026-09-30,0.0159,sum of pollutant ratios,,,,,0.89881,,,,,2026-09-12
Other Health Risks,Galena Park A1667 [53] [72] POC 6,48-201-0057,Harris,pollutant,"1,2,3-Trimethylbenzene","Hematological, Nervous, Respiratory",2023,2023-01-01,2023-12-31,0.0042,mean ÷ screening level,0.05442,12.81596,7539.0,,0.86062,,,,,2026-09-12
Other Health Risks,Galena Park A1667 [53] [72] POC 6,48-201-0057,Harris,pollutant,"1,2,3-Trimethylbenzene","Hematological, Nervous, Respiratory",2024,2024-01-01,2024-12-31,0.0039,mean ÷ screening level,0.05052,12.81596,7410.0,,0.84358,,,,,2026-09-12
Other Health Risks,Galena Park A1667 [53] [72] POC 6,48-201-0057,Harris,pollutant,"1,2,3-Trimethylbenzene","Hematological, Nervous, Respiratory",2025,2025-01-01,2025-12-31,0.0025,mean ÷ screening level,0.03239,12.81596,7128.0,,0.8137,,,,,2026-09-12
Other Health Risks,Galena Park A1667 [53] [72] POC 6,48-201-0057,Harris,pollutant,"1,2,3-Trimethylbenzene","Hematological, Nervous, Respiratory",2026 YTD,2026-01-01,2026-09-12,0.0031,mean ÷ screening level,0.03998,12.81596,4870.0,,0.79575,,,,,2026-09-12
Other Health Risks,Galena Park A1667 [53] [72] POC 6,48-201-0057,Harris,pollutant,"1,2,3-Trimethylbenzene","Hematological, Nervous, Respiratory",Last 365 Days,2025-09-12,2026-09-12,0.0031,mean ÷ screening level,0.04027,12.81596,7016.0,,0.79872,,,,,2026-09-12
Other Health Risks,Galena Park A1667 [53] [72] POC 6,48-201-0057,Harris,pollutant,"1,2,3-Trimethylbenzene","Hematological, Nervous, Respiratory",Sep 2026,2026-09-01,2026-09-30,0.0061,mean of weekly means ÷ screening level,0.07868,12.81596,453.0,3.0,0.89881,,,,,2026-09-12
Other Health Risks,Galena Park A1667 [53] [72] POC 6,48-201-0057,Harris,pollutant,"1,2,4-Trimethylbenzene","Hematological, Nervous, Developmental, Respiratory",2023,2023-01-01,2023-12-31,0.0076,mean ÷ screening level,0.0973,12.81596,7470.0,,0.85274,,,,,2026-09-12
Other Health Risks,Galena Park A1667 [53] [72] POC 6,48-201-0057,Harris,pollutant,"1,2,4-Trimethylbenzene","Hematological, Nervous, Developmental, Respiratory",2024,2024-01-01,2024-12-31,0.0066,mean ÷ screening level,0.08428,12.81596,7393.0,,0.84164,,,,,2026-09-12
Other Health Risks,Galena Park A1667 [53] [72] POC 6,48-201-0057,Harris,pollutant,"1,2,4-Trimethylbenzene","Hematological, Nervous, Developmental, Respiratory",2025,2025-01-01,2025-12-31,0.0054,mean ÷ screening level,0.06915,12.81596,6668.0,,0.76119,,,,,2026-09-12
Other Health Risks,Galena Park A1667 [53] [72] POC 6,48-201-0057,Harris,pollutant,"1,2,4-Trimethylbenzene","Hematological, Nervous, Developmental, Respiratory",2026 YTD,2026-01-01,2026-09-12,0.0081,mean ÷ screening level,0.10414,12.81596,4555.0,,0.74428,*,,,,2026-09-12
Other Health Risks,Galena Park A1667 [53] [72] POC 6,48-201-0057,Harris,pollutant,"1,2,4-Trimethylbenzene","Hematological, Nervous, Developmental, Respiratory",Last 365 Days,2025-09-12,2026-09-12,0.0076,mean ÷ screening level,0.09766,12.81596,6302.0,,0.71744,*,,,,2026-09-12
Other Health Risks,Galena Park A1667 [53] [72] POC 6,48-201-0057,Harris,pollutant,"1,2,4-Trimethylbenzene","Hematological, Nervous, Developmental, Respiratory",Sep 2026,2026-09-01,2026-09-30,0.0098,mean of weekly means ÷ screening level,0.1255,12.81596,604.0,4.0,0.89881,,,,,2026-09-12
Other Health Risks,Galena Park A1667 [53] [72] POC 6,48-201-0057,Harris,pollutant,"1,3,5-Trimethylbenzene","Developmental, Nervous",2023,2023-01-01,2023-12-31,0.0023,mean ÷ screening level,0.02975,12.81596,7539.0,,0.86062,,,,,2026-09-12
Other Health Risks,Galena Park A1667 [53] [72] POC 6,48-201-0057,Harris,pollutant,"1,3,5-Trimethylbenzene","Developmental, Nervous",2024,2024-01-01,2024-12-31,0.0024,mean ÷ screening level,0.0304,12.81596,7410.0,,0.84358,,,,,2026-09-12
Other Health Risks,Galena Park A1667 [53] [72] POC 6,48-201-0057,Harris,pollutant,"1,3,5-Trimethylbenzene","Developmental, Nervous",2025,2025-01-01,2025-12-31,0.0017,mean ÷ screening level,0.02118,12.81596,7128.0,,0.8137,,,,,2026-09-12
Other Health Risks,Galena Park A1667 [53] [72] POC 6,48-201-0057,Harris,pollutant,"1,3,5-Trimethylbenzene","Developmental, Nervous",2026 YTD,2026-01-01,2026-09-12,0.0022,mean ÷ screening level,0.02825,12.81596,4870.0,,0.79575,,,,,2026-09-12
Other Health Risks,Galena Park A1667 [53] [72] POC 6,48-201-0057,Harris,pollutant,"1,3,5-Trimethylbenzene","Developmental, Nervous",Last 365 Days,2025-09-12,2026-09-12,0.0021,mean ÷ screening level,0.02673,12.81596,7016.0,,0.79872,,,,,2026-09-12
Other Health Risks,Galena Park A1667 [53] [72] POC 6,48-201-0057,Harris,pollutant,"1,3,5-Trimethylbenzene","Developmental, Nervous",Sep 2026,2026-09-01,2026-09-30,0.0034,mean of weekly means ÷ screening level,0.04364,12.81596,302.0,2.0,0.89881,,,,,2026-09-12
Other Health Risks,Galena Park A1667 [53] [72] POC 6,48-201-0057,Harris,pollutant,"1,3-Butadiene",Reproductive,2023,2023-01-01,2023-12-31,0.2615,mean ÷ screening level,0.24821,0.94925,7539.0,,0.86062,,,,,2026-09-12
Other Health Risks,Galena Park A1667 [53] [72] POC 6,48-201-0057,Harris,pollutant,"1,3-Butadiene",Reproductive,2024,2024-01-01,2024-12-31,0.2736,mean ÷ screening level,0.25972,0.94925,7410.0,,0.84358,,,,,2026-09-12
Other Health Risks,Galena Park A1667 [53] [72] POC 6,48-201-0057,Harris,pollutant,"1,3-Butadiene",Reproductive,2025,2025-01-01,2025-12-31,0.3231,mean ÷ screening level,0.30671,0.94925,7177.0,,0.81929,,,,,2026-09-12
Other Health Risks,Galena Park A1667 [53] [72] POC 6,48-201-0057,Harris,pollutant,"1,3-Butadiene",Reproductive,2026 YTD,2026-01-01,2026-09-12,0.303,mean ÷ screening level,0.2876,0.94925,4944.0,,0.80784,,,,,2026-09-12
Other Health Risks,Galena Park A1667 [53] [72] POC 6,48-201-0057,Harris,pollutant,"1,3-Butadiene",Reproductive,Last 365 Days,2025-09-12,2026-09-12,0.3208,mean ÷ screening level,0.30453,0.94925,7139.0,,0.81273,,,,,2026-09-12
Other Health Risks,Galena Park A1667 [53] [72] POC 6,48-201-0057,Harris,pollutant,"1,3-Butadiene",Reproductive,Sep 2026,2026-09-01,2026-09-30,0.5382,mean of weekly means ÷ screening level,0.51093,0.94925,151.0,1.0,0.89881,,,,,2026-09-12
Other Health Risks,Galena Park A1667 [53] [72] POC 6,48-201-0057,Harris,pollutant,Benzene,Immune,2023,2023-01-01,2023-12-31,0.0663,mean ÷ screening level,0.64316,9.70362,7509.0,,0.85719,,,,,2026-09-12
Other Health Risks,Galena Park A1667 [53] [72] POC 6,48-201-0057,Harris,pollutant,Benzene,Immune,2024,2024-01-01,2024-12-31,0.09,mean ÷ screening level,0.87316,9.70362,7410.0,,0.84358,,,,,2026-09-12
Other Health Risks,Galena Park A1667 [53] [72] POC 6,48-201-0057,Harris,pollutant,Benzene,Immune,2025,2025-01-01,2025-12-31,0.1149,mean ÷ screening level,1.11507,9.70362,7166.0,,0.81804,,,,,2026-09-12
Other Health Risks,Galena Park A1667 [53] [72] POC 6,48-201-0057,Harris,pollutant,Benzene,Immune,2026 YTD,2026-01-01,2026-09-12,0.1078,mean ÷ screening level,1.04561,9.70362,4944.0,,0.80784,,,,,2026-09-12
Other Health Risks,Galena Park A1667 [53] [72] POC 6,48-201-0057,Harris,pollutant,Benzene,Immune,Last 365 Days,2025-09-12,2026-09-12,0.1178,mean ÷ screening level,1.14344,9.70362,7128.0,,0.81148,,,,,2026-09-12
Other Health Risks,Galena Park A1667 [53] [72] POC 6,48-201-0057,Harris,pollutant,Benzene,Immune,Sep 2026,2026-09-01,2026-09-30,0.1581,mean of weekly means ÷ screening level,1.53391,9.70362,151.0,1.0,0.89881,,,,,2026-09-12
Other Health Risks,Galena Park A1667 [53] [72] POC 6,48-201-0057,Harris,pollutant,Cyclohexane,Developmental,2023,2023-01-01,2023-12-31,0.0002,mean ÷ screening level,0.27942,1830.26,7539.0,,0.86062,,,,,2026-09-12
Other Health Risks,Galena Park A1667 [53] [72] POC 6,48-201-0057,Harris,pollutant,Cyclohexane,Developmental,2024,2024-01-01,2024-12-31,0.0002,mean ÷ screening level,0.32555,1830.26,7410.0,,0.84358,,,,,2026-09-12
Other Health Risks,Galena Park A1667 [53] [72] POC 6,48-201-0057,Harris,pollutant,Cyclohexane,Developmental,2025,2025-01-01,2025-12-31,0.0002,mean ÷ screening level,0.33147,1830.26,7177.0,,0.81929,,,,,2026-09-12
Other Health Risks,Galena Park A1667 [53] [72] POC 6,48-201-0057,Harris,pollutant,Cyclohexane,Developmental,2026 YTD,2026-01-01,2026-09-12,0.0002,mean ÷ screening level,0.33979,1830.26,4944.0,,0.80784,,,,,2026-09-12
Other Health Risks,Galena Park A1667 [53] [72] POC 6,48-201-0057,Harris,pollutant,Cyclohexane,Developmental,Last 365 Days,2025-09-12,2026-09-12,0.0002,mean ÷ screening level,0.3592,1830.26,7139.0,,0.81273,,,,,2026-09-12
Other Health Risks,Galena Park A1667 [53] [72] POC 6,48-201-0057,Harris,pollutant,Cyclohexane,Developmental,Sep 2026,2026-09-01,2026-09-30,0.0003,mean of weekly means ÷ screening level,0.54583,1830.26,151.0,1.0,0.89881,,,,,2026-09-12
Other Health Risks,Galena Park A1667 [53] [72] POC 6,48-201-0057,Harris,pollutant,Ethyl Benzene,"Developmental, Hepatic, Urinary",2023,2023-01-01,2023-12-31,0.0006,mean ÷ screening level,0.14736,230.29755,7539.0,,0.86062,,,,,2026-09-12
Other Health Risks,Galena Park A1667 [53] [72] POC 6,48-201-0057,Harris,pollutant,Ethyl Benzene,"Developmental, Hepatic, Urinary",2024,2024-01-01,2024-12-31,0.0007,mean ÷ screening level,0.15792,230.29755,7410.0,,0.84358,,,,,2026-09-12
Other Health Risks,Galena Park A1667 [53] [72] POC 6,48-201-0057,Harris,pollutant,Ethyl Benzene,"Developmental, Hepatic, Urinary",2025,2025-01-01,2025-12-31,0.0008,mean ÷ screening level,0.18601,230.29755,7177.0,,0.81929,,,,,2026-09-12
Other Health Risks,Galena Park A1667 [53] [72] POC 6,48-201-0057,Harris,pollutant,Ethyl Benzene,"Developmental, Hepatic, Urinary",2026 YTD,2026-01-01,2026-09-12,0.0006,mean ÷ screening level,0.14434,230.29755,4944.0,,0.80784,,,,,2026-09-12
Other Health Risks,Galena Park A1667 [53] [72] POC 6,48-201-0057,Harris,pollutant,Ethyl Benzene,"Developmental, Hepatic, Urinary",Last 365 Days,2025-09-12,2026-09-12,0.0008,mean ÷ screening level,0.1806,230.29755,7139.0,,0.81273,,,,,2026-09-12
Other Health Risks,Galena Park A1667 [53] [72] POC 6,48-201-0057,Harris,pollutant,Ethyl Benzene,"Developmental, Hepatic, Urinary",Sep 2026,2026-09-01,2026-09-30,0.0008,mean of weekly means ÷ screening level,0.18238,230.29755,453.0,3.0,0.89881,,,,,2026-09-12
Other Health Risks,Galena Park A1667 [53] [72] POC 6,48-201-0057,Harris,pollutant,Isopropyl Benzene - Cumene,"Endocrine, Urinary",2023,2023-01-01,2023-12-31,0.0006,mean ÷ screening level,0.04922,85.43972,7539.0,,0.86062,,,,,2026-09-12
Other Health Risks,Galena Park A1667 [53] [72] POC 6,48-201-0057,Harris,pollutant,Isopropyl Benzene - Cumene,"Endocrine, Urinary",2024,2024-01-01,2024-12-31,0.0003,mean ÷ screening level,0.02541,85.43972,7410.0,,0.84358,,,,,2026-09-12
Other Health Risks,Galena Park A1667 [53] [72] POC 6,48-201-0057,Harris,pollutant,Isopropyl Benzene - Cumene,"Endocrine, Urinary",2025,2025-01-01,2025-12-31,0.0002,mean ÷ screening level,0.01819,85.43972,7177.0,,0.81929,,,,,2026-09-12
Other Health Risks,Galena Park A1667 [53] [72] POC 6,48-201-0057,Harris,pollutant,Isopropyl Benzene - Cumene,"Endocrine, Urinary",2026 YTD,2026-01-01,2026-09-12,0.0001,mean ÷ screening level,0.00677,85.43972,4944.0,,0.80784,,,,,2026-09-12
Other Health Risks,Galena Park A1667 [53] [72] POC 6,48-201-0057,Harris,pollutant,Isopropyl Benzene - Cumene,"Endocrine, Urinary",Last 365 Days,2025-09-12,2026-09-12,0.0001,mean ÷ screening level,0.01221,85.43972,7139.0,,0.81273,,,,,2026-09-12
Other Health Risks,Galena Park A1667 [53] [72] POC 6,48-201-0057,Harris,pollutant,Isopropyl Benzene - Cumene,"Endocrine, Urinary",Sep 2026,2026-09-01,2026-09-30,0.0001,mean of weekly means ÷ screening level,0.00808,85.43972,302.0,2.0,0.89881,,,,,2026-09-12
Other Health Risks,Galena Park A1667 [53] [72] POC 6,48-201-0057,Harris,pollutant,Styrene,"Hematological, Hepatic, Nervous",2023,2023-01-01,2023-12-31,0.0002,mean ÷ screening level,0.04596,234.75756,7539.0,,0.86062,,,,,2026-09-12
Other Health Risks,Galena Park A1667 [53] [72] POC 6,48-201-0057,Harris,pollutant,Styrene,"Hematological, Hepatic, Nervous",2024,2024-01-01,2024-12-31,0.0002,mean ÷ screening level,0.03616,234.75756,7410.0,,0.84358,,,,,2026-09-12
Other Health Risks,Galena Park A1667 [53] [72] POC 6,48-201-0057,Harris,pollutant,Styrene,"Hematological, Hepatic, Nervous",2025,2025-01-01,2025-12-31,0.0001,mean ÷ screening level,0.03066,234.75756,7177.0,,0.81929,,,,,2026-09-12
Other Health Risks,Galena Park A1667 [53] [72] POC 6,48-201-0057,Harris,pollutant,Styrene,"Hematological, Hepatic, Nervous",2026 YTD,2026-01-01,2026-09-12,0.0002,mean ÷ screening level,0.0381,234.75756,4944.0,,0.80784,,,,,2026-09-12
Other Health Risks,Galena Park A1667 [53] [72] POC 6,48-201-0057,Harris,pollutant,Styrene,"Hematological, Hepatic, Nervous",Last 365 Days,2025-09-12,2026-09-12,0.0002,mean ÷ screening level,0.03594,234.75756,7139.0,,0.81273,,,,,2026-09-12
Other Health Risks,Galena Park A1667 [53] [72] POC 6,48-201-0057,Harris,pollutant,Styrene,"Hematological, Hepatic, Nervous",Sep 2026,2026-09-01,2026-09-30,0.0003,mean of weekly means ÷ screening level,0.05987,234.75756,453.0,3.0,0.89881,,,,,2026-09-12
Other Health Risks,Galena Park A1667 [53] [72] POC 6,48-201-0057,Harris,pollutant,Toluene,"Nervous, Urinary",2023,2023-01-01,2023-12-31,0.0006,mean ÷ screening level,0.82323,1379.85674,7509.0,,0.85719,,,,,2026-09-12
Other Health Risks,Galena Park A1667 [53] [72] POC 6,48-201-0057,Harris,pollutant,Toluene,"Nervous, Urinary",2024,2024-01-01,2024-12-31,0.0008,mean ÷ screening level,1.09523,1379.85674,7410.0,,0.84358,,,,,2026-09-12
Other Health Risks,Galena Park A1667 [53] [72] POC 6,48-201-0057,Harris,pollutant,Toluene,"Nervous, Urinary",2025,2025-01-01,2025-12-31,0.0009,mean ÷ screening level,1.20154,1379.85674,7166.0,,0.81804,,,,,2026-09-12
Other Health Risks,Galena Park A1667 [53] [72] POC 6,48-201-0057,Harris,pollutant,Toluene,"Nervous, Urinary",2026 YTD,2026-01-01,2026-09-12,0.0008,mean ÷ screening level,1.13884,1379.85674,4944.0,,0.80784,,,,,2026-09-12
Other Health Risks,Galena Park A1667 [53] [72] POC 6,48-201-0057,Harris,pollutant,Toluene,"Nervous, Urinary",Last 365 Days,2025-09-12,2026-09-12,0.0008,mean ÷ screening level,1.13492,1379.85674,7128.0,,0.81148,,,,,2026-09-12
Other Health Risks,Galena Park A1667 [53] [72] POC 6,48-201-0057,Harris,pollutant,Toluene,"Nervous, Urinary",Sep 2026,2026-09-01,2026-09-30,0.0009,mean of weekly means ÷ screening level,1.23364,1379.85674,302.0,2.0,0.89881,,,,,2026-09-12
Other Health Risks,Galena Park A1667 [53] [72] POC 6,48-201-0057,Harris,pollutant,n-Hexane,Nervous,2023,2023-01-01,2023-12-31,0.0038,mean ÷ screening level,0.79467,207.10722,7509.0,,0.85719,,,,,2026-09-12
Other Health Risks,Galena Park A1667 [53] [72] POC 6,48-201-0057,Harris,pollutant,n-Hexane,Nervous,2024,2024-01-01,2024-12-31,0.0051,mean ÷ screening level,1.05639,207.10722,7410.0,,0.84358,,,,,2026-09-12
Other Health Risks,Galena Park A1667 [53] [72] POC 6,48-201-0057,Harris,pollutant,n-Hexane,Nervous,2025,2025-01-01,2025-12-31,0.0054,mean ÷ screening level,1.12371,207.10722,7166.0,,0.81804,,,,,2026-09-12
Other Health Risks,Galena Park A1667 [53] [72] POC 6,48-201-0057,Harris,pollutant,n-Hexane,Nervous,2026 YTD,2026-01-01,2026-09-12,0.0053,mean ÷ screening level,1.1039,207.10722,4944.0,,0.80784,,,,,2026-09-12
Other Health Risks,Galena Park A1667 [53] [72] POC 6,48-201-0057,Harris,pollutant,n-Hexane,Nervous,Last 365 Days,2025-09-12,2026-09-12,0.0056,mean ÷ screening level,1.16629,207.10722,7128.0,,0.81148,,,,,2026-09-12
Other Health Risks,Galena Park A1667 [53] [72] POC 6,48-201-0057,Harris,pollutant,n-Hexane,Nervous,Sep 2026,2026-09-01,2026-09-30,0.0089,mean of weekly means ÷ screening level,1.84702,207.10722,151.0,1.0,0.89881,,,,,2026-09-12
Other Health Risks,Galena Park A1667 [53] [72] POC 6,48-201-0057,Harris,pollutant,o-Xylene,Nervous,2023,2023-01-01,2023-12-31,0.0047,mean ÷ screening level,0.10786,23.03,7539.0,,0.86062,,,,,2026-09-12
Other Health Risks,Galena Park A1667 [53] [72] POC 6,48-201-0057,Harris,pollutant,o-Xylene,Nervous,2024,2024-01-01,2024-12-31,0.0052,mean ÷ screening level,0.11986,23.03,7410.0,,0.84358,,,,,2026-09-12
Other Health Risks,Galena Park A1667 [53] [72] POC 6,48-201-0057,Harris,pollutant,o-Xylene,Nervous,2025,2025-01-01,2025-12-31,0.0043,mean ÷ screening level,0.09839,23.03,7177.0,,0.81929,,,,,2026-09-12
Other Health Risks,Galena Park A1667 [53] [72] POC 6,48-201-0057,Harris,pollutant,o-Xylene,Nervous,2026 YTD,2026-01-01,2026-09-12,0.0043,mean ÷ screening level,0.09876,23.03,4944.0,,0.80784,,,,,2026-09-12
Other Health Risks,Galena Park A1667 [53] [72] POC 6,48-201-0057,Harris,pollutant,o-Xylene,Nervous,Last 365 Days,2025-09-12,2026-09-12,0.0044,mean ÷ screening level,0.10049,23.03,7139.0,,0.81273,,,,,2026-09-12
Other Health Risks,Galena Park A1667 [53] [72] POC 6,48-201-0057,Harris,pollutant,o-Xylene,Nervous,Sep 2026,2026-09-01,2026-09-30,0.0061,mean of weekly means ÷ screening level,0.1396,23.03,151.0,1.0,0.89881,,,,,2026-09-12
Other Health Risks,Galena Park A1667 [53] [72] POC 6,48-201-0057,Harris,pollutant,p-Xylene + m-Xylene,Nervous,2023,2023-01-01,2023-12-31,0.013,mean ÷ screening level,0.30014,23.03127,7539.0,,0.86062,,,,,2026-09-12
Other Health Risks,Galena Park A1667 [53] [72] POC 6,48-201-0057,Harris,pollutant,p-Xylene + m-Xylene,Nervous,2024,2024-01-01,2024-12-31,0.0159,mean ÷ screening level,0.36532,23.03127,7410.0,,0.84358,,,,,2026-09-12
Other Health Risks,Galena Park A1667 [53] [72] POC 6,48-201-0057,Harris,pollutant,p-Xylene + m-Xylene,Nervous,2025,2025-01-01,2025-12-31,0.0146,mean ÷ screening level,0.33719,23.03127,7144.0,,0.81553,,,,,2026-09-12
Other Health Risks,Galena Park A1667 [53] [72] POC 6,48-201-0057,Harris,pollutant,p-Xylene + m-Xylene,Nervous,2026 YTD,2026-01-01,2026-09-12,0.015,mean ÷ screening level,0.34563,23.03127,4934.0,,0.80621,,,,,2026-09-12
Other Health Risks,Galena Park A1667 [53] [72] POC 6,48-201-0057,Harris,pollutant,p-Xylene + m-Xylene,Nervous,Last 365 Days,2025-09-12,2026-09-12,0.0153,mean ÷ screening level,0.35143,23.03127,7113.0,,0.80977,,,,,2026-09-12
Other Health Risks,Galena Park A1667 [53] [72] POC 6,48-201-0057,Harris,pollutant,p-Xylene + m-Xylene,Nervous,Sep 2026,2026-09-01,2026-09-30,0.02,mean of weekly means ÷ screening level,0.4598,23.03127,151.0,1.0,0.89881,,,,,2026-09-12
Other Health Risks,Galena Park A1667 [53] [72] POC 6,48-201-0057,Harris,total,Total,,2023,2023-01-01,2023-12-31,0.3656,sum of pollutant ratios,,,,,0.85274,,,,,2026-09-12
Other Health Risks,Galena Park A1667 [53] [72] POC 6,48-201-0057,Harris,total,Total,,2024,2024-01-01,2024-12-31,0.4047,sum of pollutant ratios,,,,,0.84164,,,,,2026-09-12
Other Health Risks,Galena Park A1667 [53] [72] POC 6,48-201-0057,Harris,total,Total,,2025,2025-01-01,2025-12-31,0.4741,sum of pollutant ratios,,,,,0.76119,,,,,2026-09-12
Other Health Risks,Galena Park A1667 [53] [72] POC 6,48-201-0057,Harris,total,Total,,2026 YTD,2026-01-01,2026-09-12,0.4507,sum of pollutant ratios,,,,,0.74428,*,,,,2026-09-12
Other Health Risks,Galena Park A1667 [53] [72] POC 6,48-201-0057,Harris,total,Total,,Last 365 Days,2025-09-12,2026-09-12,0.4789,sum of pollutant ratios,,,,,0.71744,*,,,,2026-09-12
Other Health Risks,Galena Park A1667 [53] [72] POC 6,48-201-0057,Harris,total,Total,,Sep 2026,2026-09-01,2026-09-30,0.7529,sum of pollutant ratios,,,,,0.89881,,,,,2026-09-12
Other Health Risks,HRM-16 Deer Park [48] POC 1,48-201-1614,Harris,health_effect_total,Ability to have children,Reproductive,2023,2023-01-01,2023-12-31,0.2111,sum of pollutant ratios,,,,,0.85285,,,,,2026-09-12
Other Health Risks,HRM-16 Deer Park [48] POC 1,48-201-1614,Harris,health_effect_total,Ability to have children,Reproductive,2024,2024-01-01,2024-12-31,0.2452,sum of pollutant ratios,,,,,0.84028,,,,,2026-09-12
Other Health Risks,HRM-16 Deer Park [48] POC 1,48-201-1614,Harris,health_effect_total,Ability to have children,Reproductive,2025,2025-01-01,2025-12-31,0.5234,sum of pollutant ratios,,,,,0.86804,,,,,2026-09-12
Other Health Risks,HRM-16 Deer Park [48] POC 1,48-201-1614,Harris,health_effect_total,Ability to have children,Reproductive,2026 YTD,2026-01-01,2026-09-12,0.0954,sum of pollutant ratios,,,,,0.85572,,,,,2026-09-12
Other Health Risks,HRM-16 Deer Park [48] POC 1,48-201-1614,Harris,health_effect_total,Ability to have children,Reproductive,Last 365 Days,2025-09-12,2026-09-12,0.206,sum of pollutant ratios,,,,,0.85997,,,,,2026-09-12
Other Health Risks,HRM-16 Deer Park [48] POC 1,48-201-1614,Harris,health_effect_total,Ability to have children,Reproductive,Sep 2026,2026-09-01,2026-09-30,0.058,sum of pollutant ratios,,,,,0.89881,,,,,2026-09-12
Other Health Risks,HRM-16 Deer Park [48] POC 1,48-201-1614,Harris,health_effect_total,Blood,Hematological,2023,2023-01-01,2023-12-31,0.0029,sum of pollutant ratios,,,,,0.85148,,,,,2026-09-12
Other Health Risks,HRM-16 Deer Park [48] POC 1,48-201-1614,Harris,health_effect_total,Blood,Hematological,2024,2024-01-01,2024-12-31,0.0034,sum of pollutant ratios,,,,,0.84973,,,,,2026-09-12
Other Health Risks,HRM-16 Deer Park [48] POC 1,48-201-1614,Harris,health_effect_total,Blood,Hematological,2025,2025-01-01,2025-12-31,0.0034,sum of pollutant ratios,,,,,0.86792,,,,,2026-09-12
Other Health Risks,HRM-16 Deer Park [48] POC 1,48-201-1614,Harris,health_effect_total,Blood,Hematological,2026 YTD,2026-01-01,2026-09-12,0.0037,sum of pollutant ratios,,,,,0.84232,,,,,2026-09-12
Other Health Risks,HRM-16 Deer Park [48] POC 1,48-201-1614,Harris,health_effect_total,Blood,Hematological,Last 365 Days,2025-09-12,2026-09-12,0.0042,sum of pollutant ratios,,,,,0.65209,*,,,,2026-09-12
Other Health Risks,HRM-16 Deer Park [48] POC 1,48-201-1614,Harris,health_effect_total,Blood,Hematological,Sep 2026,2026-09-01,2026-09-30,0.0057,sum of pollutant ratios,,,,,0.89881,,,,,2026-09-12
Other Health Risks,HRM-16 Deer Park [48] POC 1,48-201-1614,Harris,health_effect_total,Brain and nervous system,Nervous,2023,2023-01-01,2023-12-31,0.0159,sum of pollutant ratios,,,,,0.85137,,,,,2026-09-12
Other Health Risks,HRM-16 Deer Park [48] POC 1,48-201-1614,Harris,health_effect_total,Brain and nervous system,Nervous,2024,2024-01-01,2024-12-31,0.0176,sum of pollutant ratios,,,,,0.84882,,,,,2026-09-12
Other Health Risks,HRM-16 Deer Park [48] POC 1,48-201-1614,Harris,health_effect_total,Brain and nervous system,Nervous,2025,2025-01-01,2025-12-31,0.0174,sum of pollutant ratios,,,,,0.86267,,,,,2026-09-12
Other Health Risks,HRM-16 Deer Park [48] POC 1,48-201-1614,Harris,health_effect_total,Brain and nervous system,Nervous,2026 YTD,2026-01-01,2026-09-12,0.015,sum of pollutant ratios,,,,,0.84232,,,,,2026-09-12
Other Health Risks,HRM-16 Deer Park [48] POC 1,48-201-1614,Harris,health_effect_total,Brain and nervous system,Nervous,Last 365 Days,2025-09-12,2026-09-12,0.0175,sum of pollutant ratios,,,,,0.65209,*,,,,2026-09-12
Other Health Risks,HRM-16 Deer Park [48] POC 1,48-201-1614,Harris,health_effect_total,Brain and nervous system,Nervous,Sep 2026,2026-09-01,2026-09-30,0.026,sum of pollutant ratios,,,,,0.89881,,,,,2026-09-12
Other Health Risks,HRM-16 Deer Park [48] POC 1,48-201-1614,Harris,health_effect_total,Growth and development (children's),Developmental,2023,2023-01-01,2023-12-31,0.0043,sum of pollutant ratios,,,,,0.85148,,,,,2026-09-12
Other Health Risks,HRM-16 Deer Park [48] POC 1,48-201-1614,Harris,health_effect_total,Growth and development (children's),Developmental,2024,2024-01-01,2024-12-31,0.0051,sum of pollutant ratios,,,,,0.84973,,,,,2026-09-12
Other Health Risks,HRM-16 Deer Park [48] POC 1,48-201-1614,Harris,health_effect_total,Growth and development (children's),Developmental,2025,2025-01-01,2025-12-31,0.0049,sum of pollutant ratios,,,,,0.86267,,,,,2026-09-12
Other Health Risks,HRM-16 Deer Park [48] POC 1,48-201-1614,Harris,health_effect_total,Growth and development (children's),Developmental,2026 YTD,2026-01-01,2026-09-12,0.0031,sum of pollutant ratios,,,,,0.85359,,,,,2026-09-12
Other Health Risks,HRM-16 Deer Park [48] POC 1,48-201-1614,Harris,health_effect_total,Growth and development (children's),Developmental,Last 365 Days,2025-09-12,2026-09-12,0.0038,sum of pollutant ratios,,,,,0.85849,,,,,2026-09-12
Other Health Risks,HRM-16 Deer Park [48] POC 1,48-201-1614,Harris,health_effect_total,Growth and development (children's),Developmental,Sep 2026,2026-09-01,2026-09-30,0.0045,sum of pollutant ratios,,,,,0.89881,,,,,2026-09-12
Other Health Risks,HRM-16 Deer Park [48] POC 1,48-201-1614,Harris,health_effect_total,Hormone system,Endocrine,2023,2023-01-01,2023-12-31,0.0002,sum of pollutant ratios,,,,,0.85274,,,,,2026-09-12
Other Health Risks,HRM-16 Deer Park [48] POC 1,48-201-1614,Harris,health_effect_total,Hormone system,Endocrine,2024,2024-01-01,2024-12-31,0.0002,sum of pollutant ratios,,,,,0.85064,,,,,2026-09-12
Other Health Risks,HRM-16 Deer Park [48] POC 1,48-201-1614,Harris,health_effect_total,Hormone system,Endocrine,2025,2025-01-01,2025-12-31,0.0007,sum of pollutant ratios,,,,,0.86792,,,,,2026-09-12
Other Health Risks,HRM-16 Deer Park [48] POC 1,48-201-1614,Harris,health_effect_total,Hormone system,Endocrine,2026 YTD,2026-01-01,2026-09-12,0.0001,sum of pollutant ratios,,,,,0.85359,,,,,2026-09-12
Other Health Risks,HRM-16 Deer Park [48] POC 1,48-201-1614,Harris,health_effect_total,Hormone system,Endocrine,Last 365 Days,2025-09-12,2026-09-12,0.0001,sum of pollutant ratios,,,,,0.85849,,,,,2026-09-12
Other Health Risks,HRM-16 Deer Park [48] POC 1,48-201-1614,Harris,health_effect_total,Hormone system,Endocrine,Sep 2026,2026-09-01,2026-09-30,0.0001,sum of pollutant ratios,,,,,0.89881,,,,,2026-09-12
Other Health Risks,HRM-16 Deer Park [48] POC 1,48-201-1614,Harris,health_effect_total,Immune system,Immune,2023,2023-01-01,2023-12-31,0.063,sum of pollutant ratios,,,,,0.85148,,,,,2026-09-12
Other Health Risks,HRM-16 Deer Park [48] POC 1,48-201-1614,Harris,health_effect_total,Immune system,Immune,2024,2024-01-01,2024-12-31,0.0593,sum of pollutant ratios,,,,,0.85064,,,,,2026-09-12
Other Health Risks,HRM-16 Deer Park [48] POC 1,48-201-1614,Harris,health_effect_total,Immune system,Immune,2025,2025-01-01,2025-12-31,0.0461,sum of pollutant ratios,,,,,0.86587,,,,,2026-09-12
Other Health Risks,HRM-16 Deer Park [48] POC 1,48-201-1614,Harris,health_effect_total,Immune system,Immune,2026 YTD,2026-01-01,2026-09-12,0.0231,sum of pollutant ratios,,,,,0.85359,,,,,2026-09-12
Other Health Risks,HRM-16 Deer Park [48] POC 1,48-201-1614,Harris,health_effect_total,Immune system,Immune,Last 365 Days,2025-09-12,2026-09-12,0.0331,sum of pollutant ratios,,,,,0.85849,,,,,2026-09-12
Other Health Risks,HRM-16 Deer Park [48] POC 1,48-201-1614,Harris,health_effect_total,Immune system,Immune,Sep 2026,2026-09-01,2026-09-30,0.0203,sum of pollutant ratios,,,,,0.89881,,,,,2026-09-12
Other Health Risks,HRM-16 Deer Park [48] POC 1,48-201-1614,Harris,health_effect_total,Kidneys and urinary system,Urinary,2023,2023-01-01,2023-12-31,0.0007,sum of pollutant ratios,,,,,0.85137,,,,,2026-09-12
Other Health Risks,HRM-16 Deer Park [48] POC 1,48-201-1614,Harris,health_effect_total,Kidneys and urinary system,Urinary,2024,2024-01-01,2024-12-31,0.0008,sum of pollutant ratios,,,,,0.85064,,,,,2026-09-12
Other Health Risks,HRM-16 Deer Park [48] POC 1,48-201-1614,Harris,health_effect_total,Kidneys and urinary system,Urinary,2025,2025-01-01,2025-12-31,0.0012,sum of pollutant ratios,,,,,0.86792,,,,,2026-09-12
Other Health Risks,HRM-16 Deer Park [48] POC 1,48-201-1614,Harris,health_effect_total,Kidneys and urinary system,Urinary,2026 YTD,2026-01-01,2026-09-12,0.0004,sum of pollutant ratios,,,,,0.85359,,,,,2026-09-12
Other Health Risks,HRM-16 Deer Park [48] POC 1,48-201-1614,Harris,health_effect_total,Kidneys and urinary system,Urinary,Last 365 Days,2025-09-12,2026-09-12,0.0005,sum of pollutant ratios,,,,,0.85849,,,,,2026-09-12
Other Health Risks,HRM-16 Deer Park [48] POC 1,48-201-1614,Harris,health_effect_total,Kidneys and urinary system,Urinary,Sep 2026,2026-09-01,2026-09-30,0.0005,sum of pollutant ratios,,,,,0.89881,,,,,2026-09-12
Other Health Risks,HRM-16 Deer Park [48] POC 1,48-201-1614,Harris,health_effect_total,Liver,Hepatic,2023,2023-01-01,2023-12-31,0.0003,sum of pollutant ratios,,,,,0.85251,,,,,2026-09-12
Other Health Risks,HRM-16 Deer Park [48] POC 1,48-201-1614,Harris,health_effect_total,Liver,Hepatic,2024,2024-01-01,2024-12-31,0.0003,sum of pollutant ratios,,,,,0.85064,,,,,2026-09-12
Other Health Risks,HRM-16 Deer Park [48] POC 1,48-201-1614,Harris,health_effect_total,Liver,Hepatic,2025,2025-01-01,2025-12-31,0.0003,sum of pollutant ratios,,,,,0.86792,,,,,2026-09-12
Other Health Risks,HRM-16 Deer Park [48] POC 1,48-201-1614,Harris,health_effect_total,Liver,Hepatic,2026 YTD,2026-01-01,2026-09-12,0.0002,sum of pollutant ratios,,,,,0.85359,,,,,2026-09-12
Other Health Risks,HRM-16 Deer Park [48] POC 1,48-201-1614,Harris,health_effect_total,Liver,Hepatic,Last 365 Days,2025-09-12,2026-09-12,0.0003,sum of pollutant ratios,,,,,0.85849,,,,,2026-09-12
Other Health Risks,HRM-16 Deer Park [48] POC 1,48-201-1614,Harris,health_effect_total,Liver,Hepatic,Sep 2026,2026-09-01,2026-09-30,0.0002,sum of pollutant ratios,,,,,0.89881,,,,,2026-09-12
Other Health Risks,HRM-16 Deer Park [48] POC 1,48-201-1614,Harris,health_effect_total,Lungs & breathing,Respiratory,2023,2023-01-01,2023-12-31,0.0028,sum of pollutant ratios,,,,,0.85148,,,,,2026-09-12
Other Health Risks,HRM-16 Deer Park [48] POC 1,48-201-1614,Harris,health_effect_total,Lungs & breathing,Respiratory,2024,2024-01-01,2024-12-31,0.0033,sum of pollutant ratios,,,,,0.84973,,,,,2026-09-12
Other Health Risks,HRM-16 Deer Park [48] POC 1,48-201-1614,Harris,health_effect_total,Lungs & breathing,Respiratory,2025,2025-01-01,2025-12-31,0.0033,sum of pollutant ratios,,,,,0.86792,,,,,2026-09-12
Other Health Risks,HRM-16 Deer Park [48] POC 1,48-201-1614,Harris,health_effect_total,Lungs & breathing,Respiratory,2026 YTD,2026-01-01,2026-09-12,0.0036,sum of pollutant ratios,,,,,0.84232,,,,,2026-09-12
Other Health Risks,HRM-16 Deer Park [48] POC 1,48-201-1614,Harris,health_effect_total,Lungs & breathing,Respiratory,Last 365 Days,2025-09-12,2026-09-12,0.0041,sum of pollutant ratios,,,,,0.65209,*,,,,2026-09-12
Other Health Risks,HRM-16 Deer Park [48] POC 1,48-201-1614,Harris,health_effect_total,Lungs & breathing,Respiratory,Sep 2026,2026-09-01,2026-09-30,0.0057,sum of pollutant ratios,,,,,0.89881,,,,,2026-09-12
Other Health Risks,HRM-16 Deer Park [48] POC 1,48-201-1614,Harris,pollutant,"1,2,3-Trimethylbenzene","Hematological, Nervous, Respiratory",2023,2023-01-01,2023-12-31,,mean ÷ screening level,,,,,,,,,,2026-09-12
Other Health Risks,HRM-16 Deer Park [48] POC 1,48-201-1614,Harris,pollutant,"1,2,3-Trimethylbenzene","Hematological, Nervous, Respiratory",2024,2024-01-01,2024-12-31,,mean ÷ screening level,,,,,,,,,,2026-09-12
Other Health Risks,HRM-16 Deer Park [48] POC 1,48-201-1614,Harris,pollutant,"1,2,3-Trimethylbenzene","Hematological, Nervous, Respiratory",2025,2025-01-01,2025-12-31,,mean ÷ screening level,,,,,,,,,,2026-09-12
Other Health Risks,HRM-16 Deer Park [48] POC 1,48-201-1614,Harris,pollutant,"1,2,3-Trimethylbenzene","Hematological, Nervous, Respiratory",2026 YTD,2026-01-01,2026-09-12,0.0016,mean ÷ screening level,0.02039,12.81596,5155.0,,0.84232,,,,,2026-09-12
Other Health Risks,HRM-16 Deer Park [48] POC 1,48-201-1614,Harris,pollutant,"1,2,3-Trimethylbenzene","Hematological, Nervous, Respiratory",Last 365 Days,2025-09-12,2026-09-12,0.0016,mean ÷ screening level,0.02074,12.81596,5728.0,,0.65209,*,,,,2026-09-12
Other Health Risks,HRM-16 Deer Park [48] POC 1,48-201-1614,Harris,pollutant,"1,2,3-Trimethylbenzene","Hematological, Nervous, Respiratory",Sep 2026,2026-09-01,2026-09-30,0.0027,mean of weekly means ÷ screening level,0.03437,12.81596,453.0,3.0,0.89881,,,,,2026-09-12
Other Health Risks,HRM-16 Deer Park [48] POC 1,48-201-1614,Harris,pollutant,"1,2,4-Trimethylbenzene","Hematological, Nervous, Developmental, Respiratory",2023,2023-01-01,2023-12-31,0.0028,mean ÷ screening level,0.03548,12.81596,7459.0,,0.85148,,,,,2026-09-12
Other Health Risks,HRM-16 Deer Park [48] POC 1,48-201-1614,Harris,pollutant,"1,2,4-Trimethylbenzene","Hematological, Nervous, Developmental, Respiratory",2024,2024-01-01,2024-12-31,0.0033,mean ÷ screening level,0.04257,12.81596,7464.0,,0.84973,,,,,2026-09-12
Other Health Risks,HRM-16 Deer Park [48] POC 1,48-201-1614,Harris,pollutant,"1,2,4-Trimethylbenzene","Hematological, Nervous, Developmental, Respiratory",2025,2025-01-01,2025-12-31,0.0033,mean ÷ screening level,0.04209,12.81596,7603.0,,0.86792,,,,,2026-09-12
Other Health Risks,HRM-16 Deer Park [48] POC 1,48-201-1614,Harris,pollutant,"1,2,4-Trimethylbenzene","Hematological, Nervous, Developmental, Respiratory",2026 YTD,2026-01-01,2026-09-12,0.002,mean ÷ screening level,0.02601,12.81596,5224.0,,0.85359,,,,,2026-09-12
Other Health Risks,HRM-16 Deer Park [48] POC 1,48-201-1614,Harris,pollutant,"1,2,4-Trimethylbenzene","Hematological, Nervous, Developmental, Respiratory",Last 365 Days,2025-09-12,2026-09-12,0.0025,mean ÷ screening level,0.03226,12.81596,7541.0,,0.85849,,,,,2026-09-12
Other Health Risks,HRM-16 Deer Park [48] POC 1,48-201-1614,Harris,pollutant,"1,2,4-Trimethylbenzene","Hematological, Nervous, Developmental, Respiratory",Sep 2026,2026-09-01,2026-09-30,0.003,mean of weekly means ÷ screening level,0.03821,12.81596,604.0,4.0,0.89881,,,,,2026-09-12
Other Health Risks,HRM-16 Deer Park [48] POC 1,48-201-1614,Harris,pollutant,"1,3,5-Trimethylbenzene","Developmental, Nervous",2023,2023-01-01,2023-12-31,0.0013,mean ÷ screening level,0.01615,12.81596,7471.0,,0.85285,,,,,2026-09-12
Other Health Risks,HRM-16 Deer Park [48] POC 1,48-201-1614,Harris,pollutant,"1,3,5-Trimethylbenzene","Developmental, Nervous",2024,2024-01-01,2024-12-31,0.0014,mean ÷ screening level,0.01834,12.81596,7472.0,,0.85064,,,,,2026-09-12
Other Health Risks,HRM-16 Deer Park [48] POC 1,48-201-1614,Harris,pollutant,"1,3,5-Trimethylbenzene","Developmental, Nervous",2025,2025-01-01,2025-12-31,0.0013,mean ÷ screening level,0.01698,12.81596,7557.0,,0.86267,,,,,2026-09-12
Other Health Risks,HRM-16 Deer Park [48] POC 1,48-201-1614,Harris,pollutant,"1,3,5-Trimethylbenzene","Developmental, Nervous",2026 YTD,2026-01-01,2026-09-12,0.0008,mean ÷ screening level,0.01077,12.81596,5224.0,,0.85359,,,,,2026-09-12
Other Health Risks,HRM-16 Deer Park [48] POC 1,48-201-1614,Harris,pollutant,"1,3,5-Trimethylbenzene","Developmental, Nervous",Last 365 Days,2025-09-12,2026-09-12,0.001,mean ÷ screening level,0.0133,12.81596,7541.0,,0.85849,,,,,2026-09-12
Other Health Risks,HRM-16 Deer Park [48] POC 1,48-201-1614,Harris,pollutant,"1,3,5-Trimethylbenzene","Developmental, Nervous",Sep 2026,2026-09-01,2026-09-30,0.0013,mean of weekly means ÷ screening level,0.01689,12.81596,302.0,2.0,0.89881,,,,,2026-09-12
Other Health Risks,HRM-16 Deer Park [48] POC 1,48-201-1614,Harris,pollutant,"1,3-Butadiene",Reproductive,2023,2023-01-01,2023-12-31,0.2111,mean ÷ screening level,0.20042,0.94925,7471.0,,0.85285,,,,,2026-09-12
Other Health Risks,HRM-16 Deer Park [48] POC 1,48-201-1614,Harris,pollutant,"1,3-Butadiene",Reproductive,2024,2024-01-01,2024-12-31,0.2452,mean ÷ screening level,0.2328,0.94925,7381.0,,0.84028,,,,,2026-09-12
Other Health Risks,HRM-16 Deer Park [48] POC 1,48-201-1614,Harris,pollutant,"1,3-Butadiene",Reproductive,2025,2025-01-01,2025-12-31,0.5234,mean ÷ screening level,0.49683,0.94925,7604.0,,0.86804,,,,,2026-09-12
Other Health Risks,HRM-16 Deer Park [48] POC 1,48-201-1614,Harris,pollutant,"1,3-Butadiene",Reproductive,2026 YTD,2026-01-01,2026-09-12,0.0954,mean ÷ screening level,0.09055,0.94925,5237.0,,0.85572,,,,,2026-09-12
Other Health Risks,HRM-16 Deer Park [48] POC 1,48-201-1614,Harris,pollutant,"1,3-Butadiene",Reproductive,Last 365 Days,2025-09-12,2026-09-12,0.206,mean ÷ screening level,0.19559,0.94925,7554.0,,0.85997,,,,,2026-09-12
Other Health Risks,HRM-16 Deer Park [48] POC 1,48-201-1614,Harris,pollutant,"1,3-Butadiene",Reproductive,Sep 2026,2026-09-01,2026-09-30,0.058,mean of weekly means ÷ screening level,0.05503,0.94925,151.0,1.0,0.89881,,,,,2026-09-12
Other Health Risks,HRM-16 Deer Park [48] POC 1,48-201-1614,Harris,pollutant,Benzene,Immune,2023,2023-01-01,2023-12-31,0.063,mean ÷ screening level,0.61153,9.70362,7459.0,,0.85148,,,,,2026-09-12
Other Health Risks,HRM-16 Deer Park [48] POC 1,48-201-1614,Harris,pollutant,Benzene,Immune,2024,2024-01-01,2024-12-31,0.0593,mean ÷ screening level,0.5752,9.70362,7472.0,,0.85064,,,,,2026-09-12
Other Health Risks,HRM-16 Deer Park [48] POC 1,48-201-1614,Harris,pollutant,Benzene,Immune,2025,2025-01-01,2025-12-31,0.0461,mean ÷ screening level,0.4474,9.70362,7585.0,,0.86587,,,,,2026-09-12
Other Health Risks,HRM-16 Deer Park [48] POC 1,48-201-1614,Harris,pollutant,Benzene,Immune,2026 YTD,2026-01-01,2026-09-12,0.0231,mean ÷ screening level,0.22379,9.70362,5224.0,,0.85359,,,,,2026-09-12
Other Health Risks,HRM-16 Deer Park [48] POC 1,48-201-1614,Harris,pollutant,Benzene,Immune,Last 365 Days,2025-09-12,2026-09-12,0.0331,mean ÷ screening level,0.3213,9.70362,7541.0,,0.85849,,,,,2026-09-12
Other Health Risks,HRM-16 Deer Park [48] POC 1,48-201-1614,Harris,pollutant,Benzene,Immune,Sep 2026,2026-09-01,2026-09-30,0.0203,mean of weekly means ÷ screening level,0.19689,9.70362,151.0,1.0,0.89881,,,,,2026-09-12
Other Health Risks,HRM-16 Deer Park [48] POC 1,48-201-1614,Harris,pollutant,Cyclohexane,Developmental,2023,2023-01-01,2023-12-31,0.0001,mean ÷ screening level,0.14486,1830.26,7471.0,,0.85285,,,,,2026-09-12
Other Health Risks,HRM-16 Deer Park [48] POC 1,48-201-1614,Harris,pollutant,Cyclohexane,Developmental,2024,2024-01-01,2024-12-31,0.0001,mean ÷ screening level,0.18256,1830.26,7472.0,,0.85064,,,,,2026-09-12
Other Health Risks,HRM-16 Deer Park [48] POC 1,48-201-1614,Harris,pollutant,Cyclohexane,Developmental,2025,2025-01-01,2025-12-31,0.0001,mean ÷ screening level,0.1428,1830.26,7603.0,,0.86792,,,,,2026-09-12
Other Health Risks,HRM-16 Deer Park [48] POC 1,48-201-1614,Harris,pollutant,Cyclohexane,Developmental,2026 YTD,2026-01-01,2026-09-12,0.0,mean ÷ screening level,0.08527,1830.26,5224.0,,0.85359,,,,,2026-09-12
Other Health Risks,HRM-16 Deer Park [48] POC 1,48-201-1614,Harris,pollutant,Cyclohexane,Developmental,Last 365 Days,2025-09-12,2026-09-12,0.0001,mean ÷ screening level,0.11298,1830.26,7541.0,,0.85849,,,,,2026-09-12
Other Health Risks,HRM-16 Deer Park [48] POC 1,48-201-1614,Harris,pollutant,Cyclohexane,Developmental,Sep 2026,2026-09-01,2026-09-30,0.0001,mean of weekly means ÷ screening level,0.16113,1830.26,151.0,1.0,0.89881,,,,,2026-09-12
Other Health Risks,HRM-16 Deer Park [48] POC 1,48-201-1614,Harris,pollutant,Ethyl Benzene,"Developmental, Hepatic, Urinary",2023,2023-01-01,2023-12-31,0.0002,mean ÷ screening level,0.05066,230.29755,7471.0,,0.85285,,,,,2026-09-12
Other Health Risks,HRM-16 Deer Park [48] POC 1,48-201-1614,Harris,pollutant,Ethyl Benzene,"Developmental, Hepatic, Urinary",2024,2024-01-01,2024-12-31,0.0002,mean ÷ screening level,0.05324,230.29755,7472.0,,0.85064,,,,,2026-09-12
Other Health Risks,HRM-16 Deer Park [48] POC 1,48-201-1614,Harris,pollutant,Ethyl Benzene,"Developmental, Hepatic, Urinary",2025,2025-01-01,2025-12-31,0.0002,mean ÷ screening level,0.05338,230.29755,7603.0,,0.86792,,,,,2026-09-12
Other Health Risks,HRM-16 Deer Park [48] POC 1,48-201-1614,Harris,pollutant,Ethyl Benzene,"Developmental, Hepatic, Urinary",2026 YTD,2026-01-01,2026-09-12,0.0001,mean ÷ screening level,0.03279,230.29755,5224.0,,0.85359,,,,,2026-09-12
Other Health Risks,HRM-16 Deer Park [48] POC 1,48-201-1614,Harris,pollutant,Ethyl Benzene,"Developmental, Hepatic, Urinary",Last 365 Days,2025-09-12,2026-09-12,0.0002,mean ÷ screening level,0.04435,230.29755,7541.0,,0.85849,,,,,2026-09-12
Other Health Risks,HRM-16 Deer Park [48] POC 1,48-201-1614,Harris,pollutant,Ethyl Benzene,"Developmental, Hepatic, Urinary",Sep 2026,2026-09-01,2026-09-30,0.0002,mean of weekly means ÷ screening level,0.03728,230.29755,453.0,3.0,0.89881,,,,,2026-09-12
Other Health Risks,HRM-16 Deer Park [48] POC 1,48-201-1614,Harris,pollutant,Isopropyl Benzene - Cumene,"Endocrine, Urinary",2023,2023-01-01,2023-12-31,0.0002,mean ÷ screening level,0.01856,85.43972,7470.0,,0.85274,,,,,2026-09-12
Other Health Risks,HRM-16 Deer Park [48] POC 1,48-201-1614,Harris,pollutant,Isopropyl Benzene - Cumene,"Endocrine, Urinary",2024,2024-01-01,2024-12-31,0.0002,mean ÷ screening level,0.01976,85.43972,7472.0,,0.85064,,,,,2026-09-12
Other Health Risks,HRM-16 Deer Park [48] POC 1,48-201-1614,Harris,pollutant,Isopropyl Benzene - Cumene,"Endocrine, Urinary",2025,2025-01-01,2025-12-31,0.0007,mean ÷ screening level,0.0585,85.43972,7603.0,,0.86792,,,,,2026-09-12
Other Health Risks,HRM-16 Deer Park [48] POC 1,48-201-1614,Harris,pollutant,Isopropyl Benzene - Cumene,"Endocrine, Urinary",2026 YTD,2026-01-01,2026-09-12,0.0001,mean ÷ screening level,0.00788,85.43972,5224.0,,0.85359,,,,,2026-09-12
Other Health Risks,HRM-16 Deer Park [48] POC 1,48-201-1614,Harris,pollutant,Isopropyl Benzene - Cumene,"Endocrine, Urinary",Last 365 Days,2025-09-12,2026-09-12,0.0001,mean ÷ screening level,0.00988,85.43972,7541.0,,0.85849,,,,,2026-09-12
Other Health Risks,HRM-16 Deer Park [48] POC 1,48-201-1614,Harris,pollutant,Isopropyl Benzene - Cumene,"Endocrine, Urinary",Sep 2026,2026-09-01,2026-09-30,0.0001,mean of weekly means ÷ screening level,0.00894,85.43972,302.0,2.0,0.89881,,,,,2026-09-12
Other Health Risks,HRM-16 Deer Park [48] POC 1,48-201-1614,Harris,pollutant,Styrene,"Hematological, Hepatic, Nervous",2023,2023-01-01,2023-12-31,0.0001,mean ÷ screening level,0.02446,234.75756,7468.0,,0.85251,,,,,2026-09-12
Other Health Risks,HRM-16 Deer Park [48] POC 1,48-201-1614,Harris,pollutant,Styrene,"Hematological, Hepatic, Nervous",2024,2024-01-01,2024-12-31,0.0001,mean ÷ screening level,0.02522,234.75756,7472.0,,0.85064,,,,,2026-09-12
Other Health Risks,HRM-16 Deer Park [48] POC 1,48-201-1614,Harris,pollutant,Styrene,"Hematological, Hepatic, Nervous",2025,2025-01-01,2025-12-31,0.0001,mean ÷ screening level,0.02431,234.75756,7603.0,,0.86792,,,,,2026-09-12
Other Health Risks,HRM-16 Deer Park [48] POC 1,48-201-1614,Harris,pollutant,Styrene,"Hematological, Hepatic, Nervous",2026 YTD,2026-01-01,2026-09-12,0.0001,mean ÷ screening level,0.01357,234.75756,5224.0,,0.85359,,,,,2026-09-12
Other Health Risks,HRM-16 Deer Park [48] POC 1,48-201-1614,Harris,pollutant,Styrene,"Hematological, Hepatic, Nervous",Last 365 Days,2025-09-12,2026-09-12,0.0001,mean ÷ screening level,0.018,234.75756,7541.0,,0.85849,,,,,2026-09-12
Other Health Risks,HRM-16 Deer Park [48] POC 1,48-201-1614,Harris,pollutant,Styrene,"Hematological, Hepatic, Nervous",Sep 2026,2026-09-01,2026-09-30,0.0001,mean of weekly means ÷ screening level,0.01523,234.75756,453.0,3.0,0.89881,,,,,2026-09-12
Other Health Risks,HRM-16 Deer Park [48] POC 1,48-201-1614,Harris,pollutant,Toluene,"Nervous, Urinary",2023,2023-01-01,2023-12-31,0.0002,mean ÷ screening level,0.32107,1379.85674,7458.0,,0.85137,,,,,2026-09-12
Other Health Risks,HRM-16 Deer Park [48] POC 1,48-201-1614,Harris,pollutant,Toluene,"Nervous, Urinary",2024,2024-01-01,2024-12-31,0.0003,mean ÷ screening level,0.40037,1379.85674,7472.0,,0.85064,,,,,2026-09-12
Other Health Risks,HRM-16 Deer Park [48] POC 1,48-201-1614,Harris,pollutant,Toluene,"Nervous, Urinary",2025,2025-01-01,2025-12-31,0.0003,mean ÷ screening level,0.393,1379.85674,7603.0,,0.86792,,,,,2026-09-12
Other Health Risks,HRM-16 Deer Park [48] POC 1,48-201-1614,Harris,pollutant,Toluene,"Nervous, Urinary",2026 YTD,2026-01-01,2026-09-12,0.0002,mean ÷ screening level,0.2629,1379.85674,5224.0,,0.85359,,,,,2026-09-12
Other Health Risks,HRM-16 Deer Park [48] POC 1,48-201-1614,Harris,pollutant,Toluene,"Nervous, Urinary",Last 365 Days,2025-09-12,2026-09-12,0.0002,mean ÷ screening level,0.32228,1379.85674,7541.0,,0.85849,,,,,2026-09-12
Other Health Risks,HRM-16 Deer Park [48] POC 1,48-201-1614,Harris,pollutant,Toluene,"Nervous, Urinary",Sep 2026,2026-09-01,2026-09-30,0.0003,mean of weekly means ÷ screening level,0.34715,1379.85674,302.0,2.0,0.89881,,,,,2026-09-12
Other Health Risks,HRM-16 Deer Park [48] POC 1,48-201-1614,Harris,pollutant,n-Hexane,Nervous,2023,2023-01-01,2023-12-31,0.0021,mean ÷ screening level,0.4292,207.10722,7464.0,,0.85205,,,,,2026-09-12
Other Health Risks,HRM-16 Deer Park [48] POC 1,48-201-1614,Harris,pollutant,n-Hexane,Nervous,2024,2024-01-01,2024-12-31,0.0021,mean ÷ screening level,0.44456,207.10722,7456.0,,0.84882,,,,,2026-09-12
Other Health Risks,HRM-16 Deer Park [48] POC 1,48-201-1614,Harris,pollutant,n-Hexane,Nervous,2025,2025-01-01,2025-12-31,0.0019,mean ÷ screening level,0.39436,207.10722,7591.0,,0.86655,,,,,2026-09-12
Other Health Risks,HRM-16 Deer Park [48] POC 1,48-201-1614,Harris,pollutant,n-Hexane,Nervous,2026 YTD,2026-01-01,2026-09-12,0.0014,mean ÷ screening level,0.28011,207.10722,5224.0,,0.85359,,,,,2026-09-12
Other Health Risks,HRM-16 Deer Park [48] POC 1,48-201-1614,Harris,pollutant,n-Hexane,Nervous,Last 365 Days,2025-09-12,2026-09-12,0.0016,mean ÷ screening level,0.33563,207.10722,7541.0,,0.85849,,,,,2026-09-12
Other Health Risks,HRM-16 Deer Park [48] POC 1,48-201-1614,Harris,pollutant,n-Hexane,Nervous,Sep 2026,2026-09-01,2026-09-30,0.002,mean of weekly means ÷ screening level,0.41589,207.10722,151.0,1.0,0.89881,,,,,2026-09-12
Other Health Risks,HRM-16 Deer Park [48] POC 1,48-201-1614,Harris,pollutant,o-Xylene,Nervous,2023,2023-01-01,2023-12-31,0.002,mean ÷ screening level,0.04619,23.03,7471.0,,0.85285,,,,,2026-09-12
Other Health Risks,HRM-16 Deer Park [48] POC 1,48-201-1614,Harris,pollutant,o-Xylene,Nervous,2024,2024-01-01,2024-12-31,0.0022,mean ÷ screening level,0.05121,23.03,7472.0,,0.85064,,,,,2026-09-12
Other Health Risks,HRM-16 Deer Park [48] POC 1,48-201-1614,Harris,pollutant,o-Xylene,Nervous,2025,2025-01-01,2025-12-31,0.0022,mean ÷ screening level,0.04973,23.03,7603.0,,0.86792,,,,,2026-09-12
Other Health Risks,HRM-16 Deer Park [48] POC 1,48-201-1614,Harris,pollutant,o-Xylene,Nervous,2026 YTD,2026-01-01,2026-09-12,0.0013,mean ÷ screening level,0.03023,23.03,5224.0,,0.85359,,,,,2026-09-12
Other Health Risks,HRM-16 Deer Park [48] POC 1,48-201-1614,Harris,pollutant,o-Xylene,Nervous,Last 365 Days,2025-09-12,2026-09-12,0.0018,mean ÷ screening level,0.0405,23.03,7541.0,,0.85849,,,,,2026-09-12
Other Health Risks,HRM-16 Deer Park [48] POC 1,48-201-1614,Harris,pollutant,o-Xylene,Nervous,Sep 2026,2026-09-01,2026-09-30,0.0017,mean of weekly means ÷ screening level,0.03934,23.03,151.0,1.0,0.89881,,,,,2026-09-12
Other Health Risks,HRM-16 Deer Park [48] POC 1,48-201-1614,Harris,pollutant,p-Xylene + m-Xylene,Nervous,2023,2023-01-01,2023-12-31,0.0075,mean ÷ screening level,0.17177,23.03127,7459.0,,0.85148,,,,,2026-09-12
Other Health Risks,HRM-16 Deer Park [48] POC 1,48-201-1614,Harris,pollutant,p-Xylene + m-Xylene,Nervous,2024,2024-01-01,2024-12-31,0.0081,mean ÷ screening level,0.18634,23.03127,7472.0,,0.85064,,,,,2026-09-12
Other Health Risks,HRM-16 Deer Park [48] POC 1,48-201-1614,Harris,pollutant,p-Xylene + m-Xylene,Nervous,2025,2025-01-01,2025-12-31,0.0083,mean ÷ screening level,0.19138,23.03127,7603.0,,0.86792,,,,,2026-09-12
Other Health Risks,HRM-16 Deer Park [48] POC 1,48-201-1614,Harris,pollutant,p-Xylene + m-Xylene,Nervous,2026 YTD,2026-01-01,2026-09-12,0.0076,mean ÷ screening level,0.17544,23.03127,5224.0,,0.85359,,,,,2026-09-12
Other Health Risks,HRM-16 Deer Park [48] POC 1,48-201-1614,Harris,pollutant,p-Xylene + m-Xylene,Nervous,Last 365 Days,2025-09-12,2026-09-12,0.0087,mean ÷ screening level,0.19934,23.03127,7541.0,,0.85849,,,,,2026-09-12
Other Health Risks,HRM-16 Deer Park [48] POC 1,48-201-1614,Harris,pollutant,p-Xylene + m-Xylene,Nervous,Sep 2026,2026-09-01,2026-09-30,0.015,mean of weekly means ÷ screening level,0.3457,23.03127,151.0,1.0,0.89881,,,,,2026-09-12
Other Health Risks,HRM-16 Deer Park [48] POC 1,48-201-1614,Harris,total,Total,,2023,2023-01-01,2023-12-31,0.2906,sum of pollutant ratios,,,,,0.85137,,,,,2026-09-12
Other Health Risks,HRM-16 Deer Park [48] POC 1,48-201-1614,Harris,total,Total,,2024,2024-01-01,2024-12-31,0.3227,sum of pollutant ratios,,,,,0.84028,,,,,2026-09-12
Other Health Risks,HRM-16 Deer Park [48] POC 1,48-201-1614,Harris,total,Total,,2025,2025-01-01,2025-12-31,0.5879,sum of pollutant ratios,,,,,0.86267,,,,,2026-09-12
Other Health Risks,HRM-16 Deer Park [48] POC 1,48-201-1614,Harris,total,Total,,2026 YTD,2026-01-01,2026-09-12,0.1337,sum of pollutant ratios,,,,,0.84232,,,,,2026-09-12
Other Health Risks,HRM-16 Deer Park [48] POC 1,48-201-1614,Harris,total,Total,,Last 365 Days,2025-09-12,2026-09-12,0.257,sum of pollutant ratios,,,,,0.65209,*,,,,2026-09-12
Other Health Risks,HRM-16 Deer Park [48] POC 1,48-201-1614,Harris,total,Total,,Sep 2026,2026-09-01,2026-09-30,0.1046,sum of pollutant ratios,,,,,0.89881,,,,,2026-09-12
Other Health Risks,HRM-3 Haden Road [B] [22] POC 3,48-201-0803,Harris,health_effect_total,Ability to have children,Reproductive,2023,2023-01-01,2023-12-31,0.1212,sum of pollutant ratios,,,,,0.84726,,,,,2026-09-12
Other Health Risks,HRM-3 Haden Road [B] [22] POC 3,48-201-0803,Harris,health_effect_total,Ability to have children,Reproductive,2024,2024-01-01,2024-12-31,0.1679,sum of pollutant ratios,,,,,0.79588,,,,,2026-09-12
Other Health Risks,HRM-3 Haden Road [B] [22] POC 3,48-201-0803,Harris,health_effect_total,Ability to have children,Reproductive,2025,2025-01-01,2025-12-31,0.142,sum of pollutant ratios,,,,,0.85674,,,,,2026-09-12
Other Health Risks,HRM-3 Haden Road [B] [22] POC 3,48-201-0803,Harris,health_effect_total,Ability to have children,Reproductive,2026 YTD,2026-01-01,2026-09-12,0.0846,sum of pollutant ratios,,,,,0.85016,,,,,2026-09-12
Other Health Risks,HRM-3 Haden Road [B] [22] POC 3,48-201-0803,Harris,health_effect_total,Ability to have children,Reproductive,Last 365 Days,2025-09-12,2026-09-12,0.0956,sum of pollutant ratios,,,,,0.8528,,,,,2026-09-12
Other Health Risks,HRM-3 Haden Road [B] [22] POC 3,48-201-0803,Harris,health_effect_total,Ability to have children,Reproductive,Sep 2026,2026-09-01,2026-09-30,0.1156,sum of pollutant ratios,,,,,0.82738,,,,,2026-09-12
Other Health Risks,HRM-3 Haden Road [B] [22] POC 3,48-201-0803,Harris,health_effect_total,Blood,Hematological,2023,2023-01-01,2023-12-31,0.006,sum of pollutant ratios,,,,,0.85651,,,,,2026-09-12
Other Health Risks,HRM-3 Haden Road [B] [22] POC 3,48-201-0803,Harris,health_effect_total,Blood,Hematological,2024,2024-01-01,2024-12-31,0.0093,sum of pollutant ratios,,,,,0.7763,,,,,2026-09-12
Other Health Risks,HRM-3 Haden Road [B] [22] POC 3,48-201-0803,Harris,health_effect_total,Blood,Hematological,2025,2025-01-01,2025-12-31,0.0067,sum of pollutant ratios,,,,,0.83858,,,,,2026-09-12
Other Health Risks,HRM-3 Haden Road [B] [22] POC 3,48-201-0803,Harris,health_effect_total,Blood,Hematological,2026 YTD,2026-01-01,2026-09-12,0.0053,sum of pollutant ratios,,,,,0.83056,,,,,2026-09-12
Other Health Risks,HRM-3 Haden Road [B] [22] POC 3,48-201-0803,Harris,health_effect_total,Blood,Hematological,Last 365 Days,2025-09-12,2026-09-12,0.0054,sum of pollutant ratios,,,,,0.82423,,,,,2026-09-12
Other Health Risks,HRM-3 Haden Road [B] [22] POC 3,48-201-0803,Harris,health_effect_total,Blood,Hematological,Sep 2026,2026-09-01,2026-09-30,0.0188,sum of pollutant ratios,,,,,0.82738,,,,,2026-09-12
Other Health Risks,HRM-3 Haden Road [B] [22] POC 3,48-201-0803,Harris,health_effect_total,Brain and nervous system,Nervous,2023,2023-01-01,2023-12-31,0.0243,sum of pollutant ratios,,,,,0.85651,,,,,2026-09-12
Other Health Risks,HRM-3 Haden Road [B] [22] POC 3,48-201-0803,Harris,health_effect_total,Brain and nervous system,Nervous,2024,2024-01-01,2024-12-31,0.0325,sum of pollutant ratios,,,,,0.7763,,,,,2026-09-12
Other Health Risks,HRM-3 Haden Road [B] [22] POC 3,48-201-0803,Harris,health_effect_total,Brain and nervous system,Nervous,2025,2025-01-01,2025-12-31,0.0259,sum of pollutant ratios,,,,,0.83858,,,,,2026-09-12
Other Health Risks,HRM-3 Haden Road [B] [22] POC 3,48-201-0803,Harris,health_effect_total,Brain and nervous system,Nervous,2026 YTD,2026-01-01,2026-09-12,0.0221,sum of pollutant ratios,,,,,0.83056,,,,,2026-09-12
Other Health Risks,HRM-3 Haden Road [B] [22] POC 3,48-201-0803,Harris,health_effect_total,Brain and nervous system,Nervous,Last 365 Days,2025-09-12,2026-09-12,0.0226,sum of pollutant ratios,,,,,0.82423,,,,,2026-09-12
Other Health Risks,HRM-3 Haden Road [B] [22] POC 3,48-201-0803,Harris,health_effect_total,Brain and nervous system,Nervous,Sep 2026,2026-09-01,2026-09-30,0.0444,sum of pollutant ratios,,,,,0.82738,,,,,2026-09-12
Other Health Risks,HRM-3 Haden Road [B] [22] POC 3,48-201-0803,Harris,health_effect_total,Growth and development (children's),Developmental,2023,2023-01-01,2023-12-31,0.0086,sum of pollutant ratios,,,,,0.85651,,,,,2026-09-12
Other Health Risks,HRM-3 Haden Road [B] [22] POC 3,48-201-0803,Harris,health_effect_total,Growth and development (children's),Developmental,2024,2024-01-01,2024-12-31,0.013,sum of pollutant ratios,,,,,0.7763,,,,,2026-09-12
Other Health Risks,HRM-3 Haden Road [B] [22] POC 3,48-201-0803,Harris,health_effect_total,Growth and development (children's),Developmental,2025,2025-01-01,2025-12-31,0.0097,sum of pollutant ratios,,,,,0.83858,,,,,2026-09-12
Other Health Risks,HRM-3 Haden Road [B] [22] POC 3,48-201-0803,Harris,health_effect_total,Growth and development (children's),Developmental,2026 YTD,2026-01-01,2026-09-12,0.0076,sum of pollutant ratios,,,,,0.83056,,,,,2026-09-12
Other Health Risks,HRM-3 Haden Road [B] [22] POC 3,48-201-0803,Harris,health_effect_total,Growth and development (children's),Developmental,Last 365 Days,2025-09-12,2026-09-12,0.0077,sum of pollutant ratios,,,,,0.82423,,,,,2026-09-12
Other Health Risks,HRM-3 Haden Road [B] [22] POC 3,48-201-0803,Harris,health_effect_total,Growth and development (children's),Developmental,Sep 2026,2026-09-01,2026-09-30,0.0126,sum of pollutant ratios,,,,,0.82738,,,,,2026-09-12
Other Health Risks,HRM-3 Haden Road [B] [22] POC 3,48-201-0803,Harris,health_effect_total,Hormone system,Endocrine,2023,2023-01-01,2023-12-31,0.0005,sum of pollutant ratios,,,,,0.85674,,,,,2026-09-12
Other Health Risks,HRM-3 Haden Road [B] [22] POC 3,48-201-0803,Harris,health_effect_total,Hormone system,Endocrine,2024,2024-01-01,2024-12-31,0.0004,sum of pollutant ratios,,,,,0.7763,,,,,2026-09-12
Other Health Risks,HRM-3 Haden Road [B] [22] POC 3,48-201-0803,Harris,health_effect_total,Hormone system,Endocrine,2025,2025-01-01,2025-12-31,0.0004,sum of pollutant ratios,,,,,0.85674,,,,,2026-09-12
Other Health Risks,HRM-3 Haden Road [B] [22] POC 3,48-201-0803,Harris,health_effect_total,Hormone system,Endocrine,2026 YTD,2026-01-01,2026-09-12,0.0002,sum of pollutant ratios,,,,,0.85016,,,,,2026-09-12
Other Health Risks,HRM-3 Haden Road [B] [22] POC 3,48-201-0803,Harris,health_effect_total,Hormone system,Endocrine,Last 365 Days,2025-09-12,2026-09-12,0.0003,sum of pollutant ratios,,,,,0.8528,,,,,2026-09-12
Other Health Risks,HRM-3 Haden Road [B] [22] POC 3,48-201-0803,Harris,health_effect_total,Hormone system,Endocrine,Sep 2026,2026-09-01,2026-09-30,0.0002,sum of pollutant ratios,,,,,0.82738,,,,,2026-09-12
Other Health Risks,HRM-3 Haden Road [B] [22] POC 3,48-201-0803,Harris,health_effect_total,Immune system,Immune,2023,2023-01-01,2023-12-31,0.0609,sum of pollutant ratios,,,,,0.85674,,,,,2026-09-12
Other Health Risks,HRM-3 Haden Road [B] [22] POC 3,48-201-0803,Harris,health_effect_total,Immune system,Immune,2024,2024-01-01,2024-12-31,0.0576,sum of pollutant ratios,,,,,0.7763,,,,,2026-09-12
Other Health Risks,HRM-3 Haden Road [B] [22] POC 3,48-201-0803,Harris,health_effect_total,Immune system,Immune,2025,2025-01-01,2025-12-31,0.041,sum of pollutant ratios,,,,,0.85674,,,,,2026-09-12
Other Health Risks,HRM-3 Haden Road [B] [22] POC 3,48-201-0803,Harris,health_effect_total,Immune system,Immune,2026 YTD,2026-01-01,2026-09-12,0.0285,sum of pollutant ratios,,,,,0.85016,,,,,2026-09-12
Other Health Risks,HRM-3 Haden Road [B] [22] POC 3,48-201-0803,Harris,health_effect_total,Immune system,Immune,Last 365 Days,2025-09-12,2026-09-12,0.0344,sum of pollutant ratios,,,,,0.8528,,,,,2026-09-12
Other Health Risks,HRM-3 Haden Road [B] [22] POC 3,48-201-0803,Harris,health_effect_total,Immune system,Immune,Sep 2026,2026-09-01,2026-09-30,0.0347,sum of pollutant ratios,,,,,0.82738,,,,,2026-09-12
Other Health Risks,HRM-3 Haden Road [B] [22] POC 3,48-201-0803,Harris,health_effect_total,Kidneys and urinary system,Urinary,2023,2023-01-01,2023-12-31,0.0012,sum of pollutant ratios,,,,,0.85674,,,,,2026-09-12
Other Health Risks,HRM-3 Haden Road [B] [22] POC 3,48-201-0803,Harris,health_effect_total,Kidneys and urinary system,Urinary,2024,2024-01-01,2024-12-31,0.0013,sum of pollutant ratios,,,,,0.7763,,,,,2026-09-12
Other Health Risks,HRM-3 Haden Road [B] [22] POC 3,48-201-0803,Harris,health_effect_total,Kidneys and urinary system,Urinary,2025,2025-01-01,2025-12-31,0.0011,sum of pollutant ratios,,,,,0.85674,,,,,2026-09-12
Other Health Risks,HRM-3 Haden Road [B] [22] POC 3,48-201-0803,Harris,health_effect_total,Kidneys and urinary system,Urinary,2026 YTD,2026-01-01,2026-09-12,0.0008,sum of pollutant ratios,,,,,0.85016,,,,,2026-09-12
Other Health Risks,HRM-3 Haden Road [B] [22] POC 3,48-201-0803,Harris,health_effect_total,Kidneys and urinary system,Urinary,Last 365 Days,2025-09-12,2026-09-12,0.0009,sum of pollutant ratios,,,,,0.8528,,,,,2026-09-12
Other Health Risks,HRM-3 Haden Road [B] [22] POC 3,48-201-0803,Harris,health_effect_total,Kidneys and urinary system,Urinary,Sep 2026,2026-09-01,2026-09-30,0.0011,sum of pollutant ratios,,,,,0.82738,,,,,2026-09-12
Other Health Risks,HRM-3 Haden Road [B] [22] POC 3,48-201-0803,Harris,health_effect_total,Liver,Hepatic,2023,2023-01-01,2023-12-31,0.0006,sum of pollutant ratios,,,,,0.85674,,,,,2026-09-12
Other Health Risks,HRM-3 Haden Road [B] [22] POC 3,48-201-0803,Harris,health_effect_total,Liver,Hepatic,2024,2024-01-01,2024-12-31,0.0007,sum of pollutant ratios,,,,,0.7763,,,,,2026-09-12
Other Health Risks,HRM-3 Haden Road [B] [22] POC 3,48-201-0803,Harris,health_effect_total,Liver,Hepatic,2025,2025-01-01,2025-12-31,0.0005,sum of pollutant ratios,,,,,0.85674,,,,,2026-09-12
Other Health Risks,HRM-3 Haden Road [B] [22] POC 3,48-201-0803,Harris,health_effect_total,Liver,Hepatic,2026 YTD,2026-01-01,2026-09-12,0.0004,sum of pollutant ratios,,,,,0.85016,,,,,2026-09-12
Other Health Risks,HRM-3 Haden Road [B] [22] POC 3,48-201-0803,Harris,health_effect_total,Liver,Hepatic,Last 365 Days,2025-09-12,2026-09-12,0.0005,sum of pollutant ratios,,,,,0.8528,,,,,2026-09-12
Other Health Risks,HRM-3 Haden Road [B] [22] POC 3,48-201-0803,Harris,health_effect_total,Liver,Hepatic,Sep 2026,2026-09-01,2026-09-30,0.0007,sum of pollutant ratios,,,,,0.82738,,,,,2026-09-12
Other Health Risks,HRM-3 Haden Road [B] [22] POC 3,48-201-0803,Harris,health_effect_total,Lungs & breathing,Respiratory,2023,2023-01-01,2023-12-31,0.0058,sum of pollutant ratios,,,,,0.85651,,,,,2026-09-12
Other Health Risks,HRM-3 Haden Road [B] [22] POC 3,48-201-0803,Harris,health_effect_total,Lungs & breathing,Respiratory,2024,2024-01-01,2024-12-31,0.009,sum of pollutant ratios,,,,,0.7763,,,,,2026-09-12
Other Health Risks,HRM-3 Haden Road [B] [22] POC 3,48-201-0803,Harris,health_effect_total,Lungs & breathing,Respiratory,2025,2025-01-01,2025-12-31,0.0065,sum of pollutant ratios,,,,,0.83858,,,,,2026-09-12
Other Health Risks,HRM-3 Haden Road [B] [22] POC 3,48-201-0803,Harris,health_effect_total,Lungs & breathing,Respiratory,2026 YTD,2026-01-01,2026-09-12,0.0052,sum of pollutant ratios,,,,,0.83056,,,,,2026-09-12
Other Health Risks,HRM-3 Haden Road [B] [22] POC 3,48-201-0803,Harris,health_effect_total,Lungs & breathing,Respiratory,Last 365 Days,2025-09-12,2026-09-12,0.0052,sum of pollutant ratios,,,,,0.82423,,,,,2026-09-12
Other Health Risks,HRM-3 Haden Road [B] [22] POC 3,48-201-0803,Harris,health_effect_total,Lungs & breathing,Respiratory,Sep 2026,2026-09-01,2026-09-30,0.0186,sum of pollutant ratios,,,,,0.82738,,,,,2026-09-12
Other Health Risks,HRM-3 Haden Road [B] [22] POC 3,48-201-0803,Harris,pollutant,"1,2,3-Trimethylbenzene","Hematological, Nervous, Respiratory",2023,2023-01-01,2023-12-31,,mean ÷ screening level,,,,,,,,,,2026-09-12
Other Health Risks,HRM-3 Haden Road [B] [22] POC 3,48-201-0803,Harris,pollutant,"1,2,3-Trimethylbenzene","Hematological, Nervous, Respiratory",2024,2024-01-01,2024-12-31,,mean ÷ screening level,,,,,,,,,,2026-09-12
Other Health Risks,HRM-3 Haden Road [B] [22] POC 3,48-201-0803,Harris,pollutant,"1,2,3-Trimethylbenzene","Hematological, Nervous, Respiratory",2025,2025-01-01,2025-12-31,,mean ÷ screening level,,,,,,,,,,2026-09-12
Other Health Risks,HRM-3 Haden Road [B] [22] POC 3,48-201-0803,Harris,pollutant,"1,2,3-Trimethylbenzene","Hematological, Nervous, Respiratory",2026 YTD,2026-01-01,2026-09-12,,mean ÷ screening level,,,,,,,,,,2026-09-12
Other Health Risks,HRM-3 Haden Road [B] [22] POC 3,48-201-0803,Harris,pollutant,"1,2,3-Trimethylbenzene","Hematological, Nervous, Respiratory",Last 365 Days,2025-09-12,2026-09-12,,mean ÷ screening level,,,,,,,,,,2026-09-12
Other Health Risks,HRM-3 Haden Road [B] [22] POC 3,48-201-0803,Harris,pollutant,"1,2,3-Trimethylbenzene","Hematological, Nervous, Respiratory",Sep 2026,2026-09-01,2026-09-30,0.0099,mean of weekly means ÷ screening level,0.12748,12.81596,417.0,3.0,0.82738,,,,,2026-09-12
Other Health Risks,HRM-3 Haden Road [B] [22] POC 3,48-201-0803,Harris,pollutant,"1,2,4-Trimethylbenzene","Hematological, Nervous, Developmental, Respiratory",2023,2023-01-01,2023-12-31,0.0058,mean ÷ screening level,0.07401,12.81596,7503.0,,0.85651,,,,,2026-09-12
Other Health Risks,HRM-3 Haden Road [B] [22] POC 3,48-201-0803,Harris,pollutant,"1,2,4-Trimethylbenzene","Hematological, Nervous, Developmental, Respiratory",2024,2024-01-01,2024-12-31,0.009,mean ÷ screening level,0.11567,12.81596,6819.0,,0.7763,,,,,2026-09-12
Other Health Risks,HRM-3 Haden Road [B] [22] POC 3,48-201-0803,Harris,pollutant,"1,2,4-Trimethylbenzene","Hematological, Nervous, Developmental, Respiratory",2025,2025-01-01,2025-12-31,0.0065,mean ÷ screening level,0.0838,12.81596,7346.0,,0.83858,,,,,2026-09-12
Other Health Risks,HRM-3 Haden Road [B] [22] POC 3,48-201-0803,Harris,pollutant,"1,2,4-Trimethylbenzene","Hematological, Nervous, Developmental, Respiratory",2026 YTD,2026-01-01,2026-09-12,0.0052,mean ÷ screening level,0.06644,12.81596,5083.0,,0.83056,,,,,2026-09-12
Other Health Risks,HRM-3 Haden Road [B] [22] POC 3,48-201-0803,Harris,pollutant,"1,2,4-Trimethylbenzene","Hematological, Nervous, Developmental, Respiratory",Last 365 Days,2025-09-12,2026-09-12,0.0052,mean ÷ screening level,0.06719,12.81596,7240.0,,0.82423,,,,,2026-09-12
Other Health Risks,HRM-3 Haden Road [B] [22] POC 3,48-201-0803,Harris,pollutant,"1,2,4-Trimethylbenzene","Hematological, Nervous, Developmental, Respiratory",Sep 2026,2026-09-01,2026-09-30,0.0087,mean of weekly means ÷ screening level,0.11115,12.81596,556.0,4.0,0.82738,,,,,2026-09-12
Other Health Risks,HRM-3 Haden Road [B] [22] POC 3,48-201-0803,Harris,pollutant,"1,3,5-Trimethylbenzene","Developmental, Nervous",2023,2023-01-01,2023-12-31,0.0024,mean ÷ screening level,0.03028,12.81596,7505.0,,0.85674,,,,,2026-09-12
Other Health Risks,HRM-3 Haden Road [B] [22] POC 3,48-201-0803,Harris,pollutant,"1,3,5-Trimethylbenzene","Developmental, Nervous",2024,2024-01-01,2024-12-31,0.0034,mean ÷ screening level,0.04407,12.81596,6819.0,,0.7763,,,,,2026-09-12
Other Health Risks,HRM-3 Haden Road [B] [22] POC 3,48-201-0803,Harris,pollutant,"1,3,5-Trimethylbenzene","Developmental, Nervous",2025,2025-01-01,2025-12-31,0.0027,mean ÷ screening level,0.03404,12.81596,7346.0,,0.83858,,,,,2026-09-12
Other Health Risks,HRM-3 Haden Road [B] [22] POC 3,48-201-0803,Harris,pollutant,"1,3,5-Trimethylbenzene","Developmental, Nervous",2026 YTD,2026-01-01,2026-09-12,0.002,mean ÷ screening level,0.02528,12.81596,5083.0,,0.83056,,,,,2026-09-12
Other Health Risks,HRM-3 Haden Road [B] [22] POC 3,48-201-0803,Harris,pollutant,"1,3,5-Trimethylbenzene","Developmental, Nervous",Last 365 Days,2025-09-12,2026-09-12,0.002,mean ÷ screening level,0.02581,12.81596,7240.0,,0.82423,,,,,2026-09-12
Other Health Risks,HRM-3 Haden Road [B] [22] POC 3,48-201-0803,Harris,pollutant,"1,3,5-Trimethylbenzene","Developmental, Nervous",Sep 2026,2026-09-01,2026-09-30,0.0033,mean of weekly means ÷ screening level,0.0423,12.81596,278.0,2.0,0.82738,,,,,2026-09-12
Other Health Risks,HRM-3 Haden Road [B] [22] POC 3,48-201-0803,Harris,pollutant,"1,3-Butadiene",Reproductive,2023,2023-01-01,2023-12-31,0.1212,mean ÷ screening level,0.11501,0.94925,7422.0,,0.84726,,,,,2026-09-12
Other Health Risks,HRM-3 Haden Road [B] [22] POC 3,48-201-0803,Harris,pollutant,"1,3-Butadiene",Reproductive,2024,2024-01-01,2024-12-31,0.1679,mean ÷ screening level,0.15942,0.94925,6991.0,,0.79588,,,,,2026-09-12
Other Health Risks,HRM-3 Haden Road [B] [22] POC 3,48-201-0803,Harris,pollutant,"1,3-Butadiene",Reproductive,2025,2025-01-01,2025-12-31,0.142,mean ÷ screening level,0.13481,0.94925,7505.0,,0.85674,,,,,2026-09-12
Other Health Risks,HRM-3 Haden Road [B] [22] POC 3,48-201-0803,Harris,pollutant,"1,3-Butadiene",Reproductive,2026 YTD,2026-01-01,2026-09-12,0.0846,mean ÷ screening level,0.08032,0.94925,5203.0,,0.85016,,,,,2026-09-12
Other Health Risks,HRM-3 Haden Road [B] [22] POC 3,48-201-0803,Harris,pollutant,"1,3-Butadiene",Reproductive,Last 365 Days,2025-09-12,2026-09-12,0.0956,mean ÷ screening level,0.09072,0.94925,7491.0,,0.8528,,,,,2026-09-12
Other Health Risks,HRM-3 Haden Road [B] [22] POC 3,48-201-0803,Harris,pollutant,"1,3-Butadiene",Reproductive,Sep 2026,2026-09-01,2026-09-30,0.1156,mean of weekly means ÷ screening level,0.10971,0.94925,139.0,1.0,0.82738,,,,,2026-09-12
Other Health Risks,HRM-3 Haden Road [B] [22] POC 3,48-201-0803,Harris,pollutant,Benzene,Immune,2023,2023-01-01,2023-12-31,0.0609,mean ÷ screening level,0.59061,9.70362,7505.0,,0.85674,,,,,2026-09-12
Other Health Risks,HRM-3 Haden Road [B] [22] POC 3,48-201-0803,Harris,pollutant,Benzene,Immune,2024,2024-01-01,2024-12-31,0.0576,mean ÷ screening level,0.55899,9.70362,6819.0,,0.7763,,,,,2026-09-12
Other Health Risks,HRM-3 Haden Road [B] [22] POC 3,48-201-0803,Harris,pollutant,Benzene,Immune,2025,2025-01-01,2025-12-31,0.041,mean ÷ screening level,0.39827,9.70362,7505.0,,0.85674,,,,,2026-09-12
Other Health Risks,HRM-3 Haden Road [B] [22] POC 3,48-201-0803,Harris,pollutant,Benzene,Immune,2026 YTD,2026-01-01,2026-09-12,0.0285,mean ÷ screening level,0.27697,9.70362,5203.0,,0.85016,,,,,2026-09-12
Other Health Risks,HRM-3 Haden Road [B] [22] POC 3,48-201-0803,Harris,pollutant,Benzene,Immune,Last 365 Days,2025-09-12,2026-09-12,0.0344,mean ÷ screening level,0.33353,9.70362,7491.0,,0.8528,,,,,2026-09-12
Other Health Risks,HRM-3 Haden Road [B] [22] POC 3,48-201-0803,Harris,pollutant,Benzene,Immune,Sep 2026,2026-09-01,2026-09-30,0.0347,mean of weekly means ÷ screening level,0.33683,9.70362,139.0,1.0,0.82738,,,,,2026-09-12
Other Health Risks,HRM-3 Haden Road [B] [22] POC 3,48-201-0803,Harris,pollutant,Cyclohexane,Developmental,2023,2023-01-01,2023-12-31,0.0001,mean ÷ screening level,0.20776,1830.26,7505.0,,0.85674,,,,,2026-09-12
Other Health Risks,HRM-3 Haden Road [B] [22] POC 3,48-201-0803,Harris,pollutant,Cyclohexane,Developmental,2024,2024-01-01,2024-12-31,0.0001,mean ÷ screening level,0.24959,1830.26,6819.0,,0.7763,,,,,2026-09-12
Other Health Risks,HRM-3 Haden Road [B] [22] POC 3,48-201-0803,Harris,pollutant,Cyclohexane,Developmental,2025,2025-01-01,2025-12-31,0.0001,mean ÷ screening level,0.20229,1830.26,7505.0,,0.85674,,,,,2026-09-12
Other Health Risks,HRM-3 Haden Road [B] [22] POC 3,48-201-0803,Harris,pollutant,Cyclohexane,Developmental,2026 YTD,2026-01-01,2026-09-12,0.0001,mean ÷ screening level,0.19701,1830.26,5203.0,,0.85016,,,,,2026-09-12
Other Health Risks,HRM-3 Haden Road [B] [22] POC 3,48-201-0803,Harris,pollutant,Cyclohexane,Developmental,Last 365 Days,2025-09-12,2026-09-12,0.0001,mean ÷ screening level,0.20677,1830.26,7491.0,,0.8528,,,,,2026-09-12
Other Health Risks,HRM-3 Haden Road [B] [22] POC 3,48-201-0803,Harris,pollutant,Cyclohexane,Developmental,Sep 2026,2026-09-01,2026-09-30,0.0002,mean of weekly means ÷ screening level,0.34417,1830.26,139.0,1.0,0.82738,,,,,2026-09-12
Other Health Risks,HRM-3 Haden Road [B] [22] POC 3,48-201-0803,Harris,pollutant,Ethyl Benzene,"Developmental, Hepatic, Urinary",2023,2023-01-01,2023-12-31,0.0004,mean ÷ screening level,0.08491,230.29755,7505.0,,0.85674,,,,,2026-09-12
Other Health Risks,HRM-3 Haden Road [B] [22] POC 3,48-201-0803,Harris,pollutant,Ethyl Benzene,"Developmental, Hepatic, Urinary",2024,2024-01-01,2024-12-31,0.0004,mean ÷ screening level,0.09597,230.29755,6819.0,,0.7763,,,,,2026-09-12
Other Health Risks,HRM-3 Haden Road [B] [22] POC 3,48-201-0803,Harris,pollutant,Ethyl Benzene,"Developmental, Hepatic, Urinary",2025,2025-01-01,2025-12-31,0.0004,mean ÷ screening level,0.08441,230.29755,7505.0,,0.85674,,,,,2026-09-12
Other Health Risks,HRM-3 Haden Road [B] [22] POC 3,48-201-0803,Harris,pollutant,Ethyl Benzene,"Developmental, Hepatic, Urinary",2026 YTD,2026-01-01,2026-09-12,0.0003,mean ÷ screening level,0.07216,230.29755,5203.0,,0.85016,,,,,2026-09-12
Other Health Risks,HRM-3 Haden Road [B] [22] POC 3,48-201-0803,Harris,pollutant,Ethyl Benzene,"Developmental, Hepatic, Urinary",Last 365 Days,2025-09-12,2026-09-12,0.0003,mean ÷ screening level,0.07867,230.29755,7491.0,,0.8528,,,,,2026-09-12
Other Health Risks,HRM-3 Haden Road [B] [22] POC 3,48-201-0803,Harris,pollutant,Ethyl Benzene,"Developmental, Hepatic, Urinary",Sep 2026,2026-09-01,2026-09-30,0.0004,mean of weekly means ÷ screening level,0.10108,230.29755,417.0,3.0,0.82738,,,,,2026-09-12
Other Health Risks,HRM-3 Haden Road [B] [22] POC 3,48-201-0803,Harris,pollutant,Isopropyl Benzene - Cumene,"Endocrine, Urinary",2023,2023-01-01,2023-12-31,0.0005,mean ÷ screening level,0.04348,85.43972,7505.0,,0.85674,,,,,2026-09-12
Other Health Risks,HRM-3 Haden Road [B] [22] POC 3,48-201-0803,Harris,pollutant,Isopropyl Benzene - Cumene,"Endocrine, Urinary",2024,2024-01-01,2024-12-31,0.0004,mean ÷ screening level,0.0381,85.43972,6819.0,,0.7763,,,,,2026-09-12
Other Health Risks,HRM-3 Haden Road [B] [22] POC 3,48-201-0803,Harris,pollutant,Isopropyl Benzene - Cumene,"Endocrine, Urinary",2025,2025-01-01,2025-12-31,0.0004,mean ÷ screening level,0.03347,85.43972,7505.0,,0.85674,,,,,2026-09-12
Other Health Risks,HRM-3 Haden Road [B] [22] POC 3,48-201-0803,Harris,pollutant,Isopropyl Benzene - Cumene,"Endocrine, Urinary",2026 YTD,2026-01-01,2026-09-12,0.0002,mean ÷ screening level,0.01917,85.43972,5203.0,,0.85016,,,,,2026-09-12
Other Health Risks,HRM-3 Haden Road [B] [22] POC 3,48-201-0803,Harris,pollutant,Isopropyl Benzene - Cumene,"Endocrine, Urinary",Last 365 Days,2025-09-12,2026-09-12,0.0003,mean ÷ screening level,0.02469,85.43972,7491.0,,0.8528,,,,,2026-09-12
Other Health Risks,HRM-3 Haden Road [B] [22] POC 3,48-201-0803,Harris,pollutant,Isopropyl Benzene - Cumene,"Endocrine, Urinary",Sep 2026,2026-09-01,2026-09-30,0.0002,mean of weekly means ÷ screening level,0.02043,85.43972,278.0,2.0,0.82738,,,,,2026-09-12
Other Health Risks,HRM-3 Haden Road [B] [22] POC 3,48-201-0803,Harris,pollutant,Styrene,"Hematological, Hepatic, Nervous",2023,2023-01-01,2023-12-31,0.0003,mean ÷ screening level,0.05993,234.75756,7505.0,,0.85674,,,,,2026-09-12
Other Health Risks,HRM-3 Haden Road [B] [22] POC 3,48-201-0803,Harris,pollutant,Styrene,"Hematological, Hepatic, Nervous",2024,2024-01-01,2024-12-31,0.0002,mean ÷ screening level,0.0561,234.75756,6819.0,,0.7763,,,,,2026-09-12
Other Health Risks,HRM-3 Haden Road [B] [22] POC 3,48-201-0803,Harris,pollutant,Styrene,"Hematological, Hepatic, Nervous",2025,2025-01-01,2025-12-31,0.0002,mean ÷ screening level,0.0419,234.75756,7505.0,,0.85674,,,,,2026-09-12
Other Health Risks,HRM-3 Haden Road [B] [22] POC 3,48-201-0803,Harris,pollutant,Styrene,"Hematological, Hepatic, Nervous",2026 YTD,2026-01-01,2026-09-12,0.0001,mean ÷ screening level,0.02928,234.75756,5203.0,,0.85016,,,,,2026-09-12
Other Health Risks,HRM-3 Haden Road [B] [22] POC 3,48-201-0803,Harris,pollutant,Styrene,"Hematological, Hepatic, Nervous",Last 365 Days,2025-09-12,2026-09-12,0.0001,mean ÷ screening level,0.03455,234.75756,7491.0,,0.8528,,,,,2026-09-12
Other Health Risks,HRM-3 Haden Road [B] [22] POC 3,48-201-0803,Harris,pollutant,Styrene,"Hematological, Hepatic, Nervous",Sep 2026,2026-09-01,2026-09-30,0.0002,mean of weekly means ÷ screening level,0.05144,234.75756,417.0,3.0,0.82738,,,,,2026-09-12
Other Health Risks,HRM-3 Haden Road [B] [22] POC 3,48-201-0803,Harris,pollutant,Toluene,"Nervous, Urinary",2023,2023-01-01,2023-12-31,0.0003,mean ÷ screening level,0.46442,1379.85674,7505.0,,0.85674,,,,,2026-09-12
Other Health Risks,HRM-3 Haden Road [B] [22] POC 3,48-201-0803,Harris,pollutant,Toluene,"Nervous, Urinary",2024,2024-01-01,2024-12-31,0.0004,mean ÷ screening level,0.57978,1379.85674,6819.0,,0.7763,,,,,2026-09-12
Other Health Risks,HRM-3 Haden Road [B] [22] POC 3,48-201-0803,Harris,pollutant,Toluene,"Nervous, Urinary",2025,2025-01-01,2025-12-31,0.0003,mean ÷ screening level,0.44901,1379.85674,7505.0,,0.85674,,,,,2026-09-12
Other Health Risks,HRM-3 Haden Road [B] [22] POC 3,48-201-0803,Harris,pollutant,Toluene,"Nervous, Urinary",2026 YTD,2026-01-01,2026-09-12,0.0003,mean ÷ screening level,0.38725,1379.85674,5203.0,,0.85016,,,,,2026-09-12
Other Health Risks,HRM-3 Haden Road [B] [22] POC 3,48-201-0803,Harris,pollutant,Toluene,"Nervous, Urinary",Last 365 Days,2025-09-12,2026-09-12,0.0003,mean ÷ screening level,0.41524,1379.85674,7491.0,,0.8528,,,,,2026-09-12
Other Health Risks,HRM-3 Haden Road [B] [22] POC 3,48-201-0803,Harris,pollutant,Toluene,"Nervous, Urinary",Sep 2026,2026-09-01,2026-09-30,0.0004,mean of weekly means ÷ screening level,0.53367,1379.85674,278.0,2.0,0.82738,,,,,2026-09-12
Other Health Risks,HRM-3 Haden Road [B] [22] POC 3,48-201-0803,Harris,pollutant,n-Hexane,Nervous,2023,2023-01-01,2023-12-31,0.0027,mean ÷ screening level,0.55363,207.10722,7505.0,,0.85674,,,,,2026-09-12
Other Health Risks,HRM-3 Haden Road [B] [22] POC 3,48-201-0803,Harris,pollutant,n-Hexane,Nervous,2024,2024-01-01,2024-12-31,0.003,mean ÷ screening level,0.61365,207.10722,6819.0,,0.7763,,,,,2026-09-12
Other Health Risks,HRM-3 Haden Road [B] [22] POC 3,48-201-0803,Harris,pollutant,n-Hexane,Nervous,2025,2025-01-01,2025-12-31,0.0028,mean ÷ screening level,0.58879,207.10722,7505.0,,0.85674,,,,,2026-09-12
Other Health Risks,HRM-3 Haden Road [B] [22] POC 3,48-201-0803,Harris,pollutant,n-Hexane,Nervous,2026 YTD,2026-01-01,2026-09-12,0.0032,mean ÷ screening level,0.65373,207.10722,5203.0,,0.85016,,,,,2026-09-12
Other Health Risks,HRM-3 Haden Road [B] [22] POC 3,48-201-0803,Harris,pollutant,n-Hexane,Nervous,Last 365 Days,2025-09-12,2026-09-12,0.0032,mean ÷ screening level,0.66118,207.10722,7491.0,,0.8528,,,,,2026-09-12
Other Health Risks,HRM-3 Haden Road [B] [22] POC 3,48-201-0803,Harris,pollutant,n-Hexane,Nervous,Sep 2026,2026-09-01,2026-09-30,0.0057,mean of weekly means ÷ screening level,1.17727,207.10722,139.0,1.0,0.82738,,,,,2026-09-12
Other Health Risks,HRM-3 Haden Road [B] [22] POC 3,48-201-0803,Harris,pollutant,o-Xylene,Nervous,2023,2023-01-01,2023-12-31,0.0034,mean ÷ screening level,0.07739,23.03,7505.0,,0.85674,,,,,2026-09-12
Other Health Risks,HRM-3 Haden Road [B] [22] POC 3,48-201-0803,Harris,pollutant,o-Xylene,Nervous,2024,2024-01-01,2024-12-31,0.0043,mean ÷ screening level,0.09795,23.03,6819.0,,0.7763,,,,,2026-09-12
Other Health Risks,HRM-3 Haden Road [B] [22] POC 3,48-201-0803,Harris,pollutant,o-Xylene,Nervous,2025,2025-01-01,2025-12-31,0.0035,mean ÷ screening level,0.08044,23.03,7505.0,,0.85674,,,,,2026-09-12
Other Health Risks,HRM-3 Haden Road [B] [22] POC 3,48-201-0803,Harris,pollutant,o-Xylene,Nervous,2026 YTD,2026-01-01,2026-09-12,0.0028,mean ÷ screening level,0.06554,23.03,5203.0,,0.85016,,,,,2026-09-12
Other Health Risks,HRM-3 Haden Road [B] [22] POC 3,48-201-0803,Harris,pollutant,o-Xylene,Nervous,Last 365 Days,2025-09-12,2026-09-12,0.0029,mean ÷ screening level,0.06765,23.03,7491.0,,0.8528,,,,,2026-09-12
Other Health Risks,HRM-3 Haden Road [B] [22] POC 3,48-201-0803,Harris,pollutant,o-Xylene,Nervous,Sep 2026,2026-09-01,2026-09-30,0.0043,mean of weekly means ÷ screening level,0.09993,23.03,139.0,1.0,0.82738,,,,,2026-09-12
Other Health Risks,HRM-3 Haden Road [B] [22] POC 3,48-201-0803,Harris,pollutant,p-Xylene + m-Xylene,Nervous,2023,2023-01-01,2023-12-31,0.0095,mean ÷ screening level,0.2192,23.03127,7505.0,,0.85674,,,,,2026-09-12
Other Health Risks,HRM-3 Haden Road [B] [22] POC 3,48-201-0803,Harris,pollutant,p-Xylene + m-Xylene,Nervous,2024,2024-01-01,2024-12-31,0.0121,mean ÷ screening level,0.27932,23.03127,6819.0,,0.7763,,,,,2026-09-12
Other Health Risks,HRM-3 Haden Road [B] [22] POC 3,48-201-0803,Harris,pollutant,p-Xylene + m-Xylene,Nervous,2025,2025-01-01,2025-12-31,0.0099,mean ÷ screening level,0.22756,23.03127,7505.0,,0.85674,,,,,2026-09-12
Other Health Risks,HRM-3 Haden Road [B] [22] POC 3,48-201-0803,Harris,pollutant,p-Xylene + m-Xylene,Nervous,2026 YTD,2026-01-01,2026-09-12,0.0086,mean ÷ screening level,0.1971,23.03127,5203.0,,0.85016,,,,,2026-09-12
Other Health Risks,HRM-3 Haden Road [B] [22] POC 3,48-201-0803,Harris,pollutant,p-Xylene + m-Xylene,Nervous,Last 365 Days,2025-09-12,2026-09-12,0.0088,mean ÷ screening level,0.20257,23.03127,7491.0,,0.8528,,,,,2026-09-12
Other Health Risks,HRM-3 Haden Road [B] [22] POC 3,48-201-0803,Harris,pollutant,p-Xylene + m-Xylene,Nervous,Sep 2026,2026-09-01,2026-09-30,0.0119,mean of weekly means ÷ screening level,0.27381,23.03127,139.0,1.0,0.82738,,,,,2026-09-12
Other Health Risks,HRM-3 Haden Road [B] [22] POC 3,48-201-0803,Harris,total,Total,,2023,2023-01-01,2023-12-31,0.2073,sum of pollutant ratios,,,,,0.84726,,,,,2026-09-12
Other Health Risks,HRM-3 Haden Road [B] [22] POC 3,48-201-0803,Harris,total,Total,,2024,2024-01-01,2024-12-31,0.259,sum of pollutant ratios,,,,,0.7763,,,,,2026-09-12
Other Health Risks,HRM-3 Haden Road [B] [22] POC 3,48-201-0803,Harris,total,Total,,2025,2025-01-01,2025-12-31,0.2098,sum of pollutant ratios,,,,,0.83858,,,,,2026-09-12
Other Health Risks,HRM-3 Haden Road [B] [22] POC 3,48-201-0803,Harris,total,Total,,2026 YTD,2026-01-01,2026-09-12,0.1359,sum of pollutant ratios,,,,,0.83056,,,,,2026-09-12
Other Health Risks,HRM-3 Haden Road [B] [22] POC 3,48-201-0803,Harris,total,Total,,Last 365 Days,2025-09-12,2026-09-12,0.1533,sum of pollutant ratios,,,,,0.82423,,,,,2026-09-12
Other Health Risks,HRM-3 Haden Road [B] [22] POC 3,48-201-0803,Harris,total,Total,,Sep 2026,2026-09-01,2026-09-30,0.1956,sum of pollutant ratios,,,,,0.82738,,,,,2026-09-12
Other Health Risks,HRM-7 W Baytown [S] [47] POC 2,48-201-0807,Harris,health_effect_total,Ability to have children,Reproductive,2023,2023-01-01,2023-12-31,0.3521,sum of pollutant ratios,,,,,0.79874,,,,,2026-09-12
Other Health Risks,HRM-7 W Baytown [S] [47] POC 2,48-201-0807,Harris,health_effect_total,Ability to have children,Reproductive,2024,2024-01-01,2024-12-31,0.4657,sum of pollutant ratios,,,,,0.79372,,,,,2026-09-12
Other Health Risks,HRM-7 W Baytown [S] [47] POC 2,48-201-0807,Harris,health_effect_total,Ability to have children,Reproductive,2025,2025-01-01,2025-12-31,0.4376,sum of pollutant ratios,,,,,0.84132,,,,,2026-09-12
Other Health Risks,HRM-7 W Baytown [S] [47] POC 2,48-201-0807,Harris,health_effect_total,Ability to have children,Reproductive,2026 YTD,2026-01-01,2026-09-12,0.1441,sum of pollutant ratios,,,,,0.69624,*,,,,2026-09-12
Other Health Risks,HRM-7 W Baytown [S] [47] POC 2,48-201-0807,Harris,health_effect_total,Ability to have children,Reproductive,Last 365 Days,2025-09-12,2026-09-12,0.1678,sum of pollutant ratios,,,,,0.7459,*,,,,2026-09-12
Other Health Risks,HRM-7 W Baytown [S] [47] POC 2,48-201-0807,Harris,health_effect_total,Ability to have children,Reproductive,Sep 2026,2026-09-01,2026-09-30,,sum of pollutant ratios,,,,,,,,,,2026-09-12
Other Health Risks,HRM-7 W Baytown [S] [47] POC 2,48-201-0807,Harris,health_effect_total,Blood,Hematological,2023,2023-01-01,2023-12-31,0.0061,sum of pollutant ratios,,,,,0.79726,,,,,2026-09-12
Other Health Risks,HRM-7 W Baytown [S] [47] POC 2,48-201-0807,Harris,health_effect_total,Blood,Hematological,2024,2024-01-01,2024-12-31,0.0063,sum of pollutant ratios,,,,,0.78848,,,,,2026-09-12
Other Health Risks,HRM-7 W Baytown [S] [47] POC 2,48-201-0807,Harris,health_effect_total,Blood,Hematological,2025,2025-01-01,2025-12-31,0.0041,sum of pollutant ratios,,,,,0.84463,,,,,2026-09-12
Other Health Risks,HRM-7 W Baytown [S] [47] POC 2,48-201-0807,Harris,health_effect_total,Blood,Hematological,2026 YTD,2026-01-01,2026-09-12,0.0046,sum of pollutant ratios,,,,,0.69069,*,,,,2026-09-12
Other Health Risks,HRM-7 W Baytown [S] [47] POC 2,48-201-0807,Harris,health_effect_total,Blood,Hematological,Last 365 Days,2025-09-12,2026-09-12,0.0045,sum of pollutant ratios,,,,,0.7459,*,,,,2026-09-12
Other Health Risks,HRM-7 W Baytown [S] [47] POC 2,48-201-0807,Harris,health_effect_total,Blood,Hematological,Sep 2026,2026-09-01,2026-09-30,,sum of pollutant ratios,,,,,,,,,,2026-09-12
Other Health Risks,HRM-7 W Baytown [S] [47] POC 2,48-201-0807,Harris,health_effect_total,Brain and nervous system,Nervous,2023,2023-01-01,2023-12-31,0.0321,sum of pollutant ratios,,,,,0.79269,,,,,2026-09-12
Other Health Risks,HRM-7 W Baytown [S] [47] POC 2,48-201-0807,Harris,health_effect_total,Brain and nervous system,Nervous,2024,2024-01-01,2024-12-31,0.0407,sum of pollutant ratios,,,,,0.78848,,,,,2026-09-12
Other Health Risks,HRM-7 W Baytown [S] [47] POC 2,48-201-0807,Harris,health_effect_total,Brain and nervous system,Nervous,2025,2025-01-01,2025-12-31,0.027,sum of pollutant ratios,,,,,0.8347,,,,,2026-09-12
Other Health Risks,HRM-7 W Baytown [S] [47] POC 2,48-201-0807,Harris,health_effect_total,Brain and nervous system,Nervous,2026 YTD,2026-01-01,2026-09-12,0.0292,sum of pollutant ratios,,,,,0.69069,*,,,,2026-09-12
Other Health Risks,HRM-7 W Baytown [S] [47] POC 2,48-201-0807,Harris,health_effect_total,Brain and nervous system,Nervous,Last 365 Days,2025-09-12,2026-09-12,0.0286,sum of pollutant ratios,,,,,0.7451,*,,,,2026-09-12
Other Health Risks,HRM-7 W Baytown [S] [47] POC 2,48-201-0807,Harris,health_effect_total,Brain and nervous system,Nervous,Sep 2026,2026-09-01,2026-09-30,,sum of pollutant ratios,,,,,,,,,,2026-09-12
Other Health Risks,HRM-7 W Baytown [S] [47] POC 2,48-201-0807,Harris,health_effect_total,Growth and development (children's),Developmental,2023,2023-01-01,2023-12-31,0.0112,sum of pollutant ratios,,,,,0.79726,,,,,2026-09-12
Other Health Risks,HRM-7 W Baytown [S] [47] POC 2,48-201-0807,Harris,health_effect_total,Growth and development (children's),Developmental,2024,2024-01-01,2024-12-31,0.0205,sum of pollutant ratios,,,,,0.78848,,,,,2026-09-12
Other Health Risks,HRM-7 W Baytown [S] [47] POC 2,48-201-0807,Harris,health_effect_total,Growth and development (children's),Developmental,2025,2025-01-01,2025-12-31,0.008,sum of pollutant ratios,,,,,0.82808,,,,,2026-09-12
Other Health Risks,HRM-7 W Baytown [S] [47] POC 2,48-201-0807,Harris,health_effect_total,Growth and development (children's),Developmental,2026 YTD,2026-01-01,2026-09-12,0.0075,sum of pollutant ratios,,,,,0.69069,*,,,,2026-09-12
Other Health Risks,HRM-7 W Baytown [S] [47] POC 2,48-201-0807,Harris,health_effect_total,Growth and development (children's),Developmental,Last 365 Days,2025-09-12,2026-09-12,0.0078,sum of pollutant ratios,,,,,0.7459,*,,,,2026-09-12
Other Health Risks,HRM-7 W Baytown [S] [47] POC 2,48-201-0807,Harris,health_effect_total,Growth and development (children's),Developmental,Sep 2026,2026-09-01,2026-09-30,,sum of pollutant ratios,,,,,,,,,,2026-09-12
Other Health Risks,HRM-7 W Baytown [S] [47] POC 2,48-201-0807,Harris,health_effect_total,Hormone system,Endocrine,2023,2023-01-01,2023-12-31,0.0002,sum of pollutant ratios,,,,,0.79874,,,,,2026-09-12
Other Health Risks,HRM-7 W Baytown [S] [47] POC 2,48-201-0807,Harris,health_effect_total,Hormone system,Endocrine,2024,2024-01-01,2024-12-31,0.0002,sum of pollutant ratios,,,,,0.7936,,,,,2026-09-12
Other Health Risks,HRM-7 W Baytown [S] [47] POC 2,48-201-0807,Harris,health_effect_total,Hormone system,Endocrine,2025,2025-01-01,2025-12-31,0.0001,sum of pollutant ratios,,,,,0.84463,,,,,2026-09-12
Other Health Risks,HRM-7 W Baytown [S] [47] POC 2,48-201-0807,Harris,health_effect_total,Hormone system,Endocrine,2026 YTD,2026-01-01,2026-09-12,0.0001,sum of pollutant ratios,,,,,0.69624,*,,,,2026-09-12
Other Health Risks,HRM-7 W Baytown [S] [47] POC 2,48-201-0807,Harris,health_effect_total,Hormone system,Endocrine,Last 365 Days,2025-09-12,2026-09-12,0.0001,sum of pollutant ratios,,,,,0.74977,*,,,,2026-09-12
Other Health Risks,HRM-7 W Baytown [S] [47] POC 2,48-201-0807,Harris,health_effect_total,Hormone system,Endocrine,Sep 2026,2026-09-01,2026-09-30,,sum of pollutant ratios,,,,,,,,,,2026-09-12
Other Health Risks,HRM-7 W Baytown [S] [47] POC 2,48-201-0807,Harris,health_effect_total,Immune system,Immune,2023,2023-01-01,2023-12-31,0.0482,sum of pollutant ratios,,,,,0.79772,,,,,2026-09-12
Other Health Risks,HRM-7 W Baytown [S] [47] POC 2,48-201-0807,Harris,health_effect_total,Immune system,Immune,2024,2024-01-01,2024-12-31,0.0543,sum of pollutant ratios,,,,,0.79235,,,,,2026-09-12
Other Health Risks,HRM-7 W Baytown [S] [47] POC 2,48-201-0807,Harris,health_effect_total,Immune system,Immune,2025,2025-01-01,2025-12-31,0.0462,sum of pollutant ratios,,,,,0.84452,,,,,2026-09-12
Other Health Risks,HRM-7 W Baytown [S] [47] POC 2,48-201-0807,Harris,health_effect_total,Immune system,Immune,2026 YTD,2026-01-01,2026-09-12,0.0479,sum of pollutant ratios,,,,,0.69624,*,,,,2026-09-12
Other Health Risks,HRM-7 W Baytown [S] [47] POC 2,48-201-0807,Harris,health_effect_total,Immune system,Immune,Last 365 Days,2025-09-12,2026-09-12,0.0528,sum of pollutant ratios,,,,,0.74977,*,,,,2026-09-12
Other Health Risks,HRM-7 W Baytown [S] [47] POC 2,48-201-0807,Harris,health_effect_total,Immune system,Immune,Sep 2026,2026-09-01,2026-09-30,,sum of pollutant ratios,,,,,,,,,,2026-09-12
Other Health Risks,HRM-7 W Baytown [S] [47] POC 2,48-201-0807,Harris,health_effect_total,Kidneys and urinary system,Urinary,2023,2023-01-01,2023-12-31,0.0011,sum of pollutant ratios,,,,,0.7984,,,,,2026-09-12
Other Health Risks,HRM-7 W Baytown [S] [47] POC 2,48-201-0807,Harris,health_effect_total,Kidneys and urinary system,Urinary,2024,2024-01-01,2024-12-31,0.0012,sum of pollutant ratios,,,,,0.7936,,,,,2026-09-12
Other Health Risks,HRM-7 W Baytown [S] [47] POC 2,48-201-0807,Harris,health_effect_total,Kidneys and urinary system,Urinary,2025,2025-01-01,2025-12-31,0.001,sum of pollutant ratios,,,,,0.82808,,,,,2026-09-12
Other Health Risks,HRM-7 W Baytown [S] [47] POC 2,48-201-0807,Harris,health_effect_total,Kidneys and urinary system,Urinary,2026 YTD,2026-01-01,2026-09-12,0.0009,sum of pollutant ratios,,,,,0.69624,*,,,,2026-09-12
Other Health Risks,HRM-7 W Baytown [S] [47] POC 2,48-201-0807,Harris,health_effect_total,Kidneys and urinary system,Urinary,Last 365 Days,2025-09-12,2026-09-12,0.0009,sum of pollutant ratios,,,,,0.74977,*,,,,2026-09-12
Other Health Risks,HRM-7 W Baytown [S] [47] POC 2,48-201-0807,Harris,health_effect_total,Kidneys and urinary system,Urinary,Sep 2026,2026-09-01,2026-09-30,,sum of pollutant ratios,,,,,,,,,,2026-09-12
Other Health Risks,HRM-7 W Baytown [S] [47] POC 2,48-201-0807,Harris,health_effect_total,Liver,Hepatic,2023,2023-01-01,2023-12-31,0.0006,sum of pollutant ratios,,,,,0.7984,,,,,2026-09-12
Other Health Risks,HRM-7 W Baytown [S] [47] POC 2,48-201-0807,Harris,health_effect_total,Liver,Hepatic,2024,2024-01-01,2024-12-31,0.0007,sum of pollutant ratios,,,,,0.79372,,,,,2026-09-12
Other Health Risks,HRM-7 W Baytown [S] [47] POC 2,48-201-0807,Harris,health_effect_total,Liver,Hepatic,2025,2025-01-01,2025-12-31,0.0005,sum of pollutant ratios,,,,,0.82808,,,,,2026-09-12
Other Health Risks,HRM-7 W Baytown [S] [47] POC 2,48-201-0807,Harris,health_effect_total,Liver,Hepatic,2026 YTD,2026-01-01,2026-09-12,0.0005,sum of pollutant ratios,,,,,0.69624,*,,,,2026-09-12
Other Health Risks,HRM-7 W Baytown [S] [47] POC 2,48-201-0807,Harris,health_effect_total,Liver,Hepatic,Last 365 Days,2025-09-12,2026-09-12,0.0005,sum of pollutant ratios,,,,,0.74977,*,,,,2026-09-12
Other Health Risks,HRM-7 W Baytown [S] [47] POC 2,48-201-0807,Harris,health_effect_total,Liver,Hepatic,Sep 2026,2026-09-01,2026-09-30,,sum of pollutant ratios,,,,,,,,,,2026-09-12
Other Health Risks,HRM-7 W Baytown [S] [47] POC 2,48-201-0807,Harris,health_effect_total,Lungs & breathing,Respiratory,2023,2023-01-01,2023-12-31,0.0059,sum of pollutant ratios,,,,,0.79726,,,,,2026-09-12
Other Health Risks,HRM-7 W Baytown [S] [47] POC 2,48-201-0807,Harris,health_effect_total,Lungs & breathing,Respiratory,2024,2024-01-01,2024-12-31,0.006,sum of pollutant ratios,,,,,0.78848,,,,,2026-09-12
Other Health Risks,HRM-7 W Baytown [S] [47] POC 2,48-201-0807,Harris,health_effect_total,Lungs & breathing,Respiratory,2025,2025-01-01,2025-12-31,0.0039,sum of pollutant ratios,,,,,0.84463,,,,,2026-09-12
Other Health Risks,HRM-7 W Baytown [S] [47] POC 2,48-201-0807,Harris,health_effect_total,Lungs & breathing,Respiratory,2026 YTD,2026-01-01,2026-09-12,0.0044,sum of pollutant ratios,,,,,0.69069,*,,,,2026-09-12
Other Health Risks,HRM-7 W Baytown [S] [47] POC 2,48-201-0807,Harris,health_effect_total,Lungs & breathing,Respiratory,Last 365 Days,2025-09-12,2026-09-12,0.0043,sum of pollutant ratios,,,,,0.7459,*,,,,2026-09-12
Other Health Risks,HRM-7 W Baytown [S] [47] POC 2,48-201-0807,Harris,health_effect_total,Lungs & breathing,Respiratory,Sep 2026,2026-09-01,2026-09-30,,sum of pollutant ratios,,,,,,,,,,2026-09-12
Other Health Risks,HRM-7 W Baytown [S] [47] POC 2,48-201-0807,Harris,pollutant,"1,2,3-Trimethylbenzene","Hematological, Nervous, Respiratory",2023,2023-01-01,2023-12-31,,mean ÷ screening level,,,,,,,,,,2026-09-12
Other Health Risks,HRM-7 W Baytown [S] [47] POC 2,48-201-0807,Harris,pollutant,"1,2,3-Trimethylbenzene","Hematological, Nervous, Respiratory",2024,2024-01-01,2024-12-31,,mean ÷ screening level,,,,,,,,,,2026-09-12
Other Health Risks,HRM-7 W Baytown [S] [47] POC 2,48-201-0807,Harris,pollutant,"1,2,3-Trimethylbenzene","Hematological, Nervous, Respiratory",2025,2025-01-01,2025-12-31,,mean ÷ screening level,,,,,,,,,,2026-09-12
Other Health Risks,HRM-7 W Baytown [S] [47] POC 2,48-201-0807,Harris,pollutant,"1,2,3-Trimethylbenzene","Hematological, Nervous, Respiratory",2026 YTD,2026-01-01,2026-09-12,,mean ÷ screening level,,,,,,,,,,2026-09-12
Other Health Risks,HRM-7 W Baytown [S] [47] POC 2,48-201-0807,Harris,pollutant,"1,2,3-Trimethylbenzene","Hematological, Nervous, Respiratory",Last 365 Days,2025-09-12,2026-09-12,,mean ÷ screening level,,,,,,,,,,2026-09-12
Other Health Risks,HRM-7 W Baytown [S] [47] POC 2,48-201-0807,Harris,pollutant,"1,2,3-Trimethylbenzene","Hematological, Nervous, Respiratory",Sep 2026,2026-09-01,2026-09-30,,mean ÷ screening level,,,,,,,,,,2026-09-12
Other Health Risks,HRM-7 W Baytown [S] [47] POC 2,48-201-0807,Harris,pollutant,"1,2,4-Trimethylbenzene","Hematological, Nervous, Developmental, Respiratory",2023,2023-01-01,2023-12-31,0.0059,mean ÷ screening level,0.07535,12.81596,6984.0,,0.79726,,,,,2026-09-12
Other Health Risks,HRM-7 W Baytown [S] [47] POC 2,48-201-0807,Harris,pollutant,"1,2,4-Trimethylbenzene","Hematological, Nervous, Developmental, Respiratory",2024,2024-01-01,2024-12-31,0.006,mean ÷ screening level,0.07662,12.81596,6926.0,,0.78848,,,,,2026-09-12
Other Health Risks,HRM-7 W Baytown [S] [47] POC 2,48-201-0807,Harris,pollutant,"1,2,4-Trimethylbenzene","Hematological, Nervous, Developmental, Respiratory",2025,2025-01-01,2025-12-31,0.0039,mean ÷ screening level,0.0506,12.81596,7399.0,,0.84463,,,,,2026-09-12
Other Health Risks,HRM-7 W Baytown [S] [47] POC 2,48-201-0807,Harris,pollutant,"1,2,4-Trimethylbenzene","Hematological, Nervous, Developmental, Respiratory",2026 YTD,2026-01-01,2026-09-12,0.0044,mean ÷ screening level,0.05641,12.81596,4227.0,,0.69069,*,,,,2026-09-12
Other Health Risks,HRM-7 W Baytown [S] [47] POC 2,48-201-0807,Harris,pollutant,"1,2,4-Trimethylbenzene","Hematological, Nervous, Developmental, Respiratory",Last 365 Days,2025-09-12,2026-09-12,0.0043,mean ÷ screening level,0.05558,12.81596,6552.0,,0.7459,*,,,,2026-09-12
Other Health Risks,HRM-7 W Baytown [S] [47] POC 2,48-201-0807,Harris,pollutant,"1,2,4-Trimethylbenzene","Hematological, Nervous, Developmental, Respiratory",Sep 2026,2026-09-01,2026-09-30,,mean ÷ screening level,,,,,,,,,,2026-09-12
Other Health Risks,HRM-7 W Baytown [S] [47] POC 2,48-201-0807,Harris,pollutant,"1,3,5-Trimethylbenzene","Developmental, Nervous",2023,2023-01-01,2023-12-31,0.0022,mean ÷ screening level,0.02828,12.81596,6997.0,,0.79874,,,,,2026-09-12
Other Health Risks,HRM-7 W Baytown [S] [47] POC 2,48-201-0807,Harris,pollutant,"1,3,5-Trimethylbenzene","Developmental, Nervous",2024,2024-01-01,2024-12-31,0.003,mean ÷ screening level,0.03819,12.81596,6927.0,,0.78859,,,,,2026-09-12
Other Health Risks,HRM-7 W Baytown [S] [47] POC 2,48-201-0807,Harris,pollutant,"1,3,5-Trimethylbenzene","Developmental, Nervous",2025,2025-01-01,2025-12-31,0.0021,mean ÷ screening level,0.0273,12.81596,7399.0,,0.84463,,,,,2026-09-12
Other Health Risks,HRM-7 W Baytown [S] [47] POC 2,48-201-0807,Harris,pollutant,"1,3,5-Trimethylbenzene","Developmental, Nervous",2026 YTD,2026-01-01,2026-09-12,0.0019,mean ÷ screening level,0.0247,12.81596,4227.0,,0.69069,*,,,,2026-09-12
Other Health Risks,HRM-7 W Baytown [S] [47] POC 2,48-201-0807,Harris,pollutant,"1,3,5-Trimethylbenzene","Developmental, Nervous",Last 365 Days,2025-09-12,2026-09-12,0.002,mean ÷ screening level,0.02557,12.81596,6552.0,,0.7459,*,,,,2026-09-12
Other Health Risks,HRM-7 W Baytown [S] [47] POC 2,48-201-0807,Harris,pollutant,"1,3,5-Trimethylbenzene","Developmental, Nervous",Sep 2026,2026-09-01,2026-09-30,,mean ÷ screening level,,,,,,,,,,2026-09-12
Other Health Risks,HRM-7 W Baytown [S] [47] POC 2,48-201-0807,Harris,pollutant,"1,3-Butadiene",Reproductive,2023,2023-01-01,2023-12-31,0.3521,mean ÷ screening level,0.33422,0.94925,6997.0,,0.79874,,,,,2026-09-12
Other Health Risks,HRM-7 W Baytown [S] [47] POC 2,48-201-0807,Harris,pollutant,"1,3-Butadiene",Reproductive,2024,2024-01-01,2024-12-31,0.4657,mean ÷ screening level,0.44202,0.94925,6972.0,,0.79372,,,,,2026-09-12
Other Health Risks,HRM-7 W Baytown [S] [47] POC 2,48-201-0807,Harris,pollutant,"1,3-Butadiene",Reproductive,2025,2025-01-01,2025-12-31,0.4376,mean ÷ screening level,0.41541,0.94925,7370.0,,0.84132,,,,,2026-09-12
Other Health Risks,HRM-7 W Baytown [S] [47] POC 2,48-201-0807,Harris,pollutant,"1,3-Butadiene",Reproductive,2026 YTD,2026-01-01,2026-09-12,0.1441,mean ÷ screening level,0.13679,0.94925,4261.0,,0.69624,*,,,,2026-09-12
Other Health Risks,HRM-7 W Baytown [S] [47] POC 2,48-201-0807,Harris,pollutant,"1,3-Butadiene",Reproductive,Last 365 Days,2025-09-12,2026-09-12,0.1678,mean ÷ screening level,0.1593,0.94925,6552.0,,0.7459,*,,,,2026-09-12
Other Health Risks,HRM-7 W Baytown [S] [47] POC 2,48-201-0807,Harris,pollutant,"1,3-Butadiene",Reproductive,Sep 2026,2026-09-01,2026-09-30,,mean ÷ screening level,,,,,,,,,,2026-09-12
Other Health Risks,HRM-7 W Baytown [S] [47] POC 2,48-201-0807,Harris,pollutant,Benzene,Immune,2023,2023-01-01,2023-12-31,0.0482,mean ÷ screening level,0.46734,9.70362,6988.0,,0.79772,,,,,2026-09-12
Other Health Risks,HRM-7 W Baytown [S] [47] POC 2,48-201-0807,Harris,pollutant,Benzene,Immune,2024,2024-01-01,2024-12-31,0.0543,mean ÷ screening level,0.52698,9.70362,6960.0,,0.79235,,,,,2026-09-12
Other Health Risks,HRM-7 W Baytown [S] [47] POC 2,48-201-0807,Harris,pollutant,Benzene,Immune,2025,2025-01-01,2025-12-31,0.0462,mean ÷ screening level,0.44854,9.70362,7398.0,,0.84452,,,,,2026-09-12
Other Health Risks,HRM-7 W Baytown [S] [47] POC 2,48-201-0807,Harris,pollutant,Benzene,Immune,2026 YTD,2026-01-01,2026-09-12,0.0479,mean ÷ screening level,0.46507,9.70362,4261.0,,0.69624,*,,,,2026-09-12
Other Health Risks,HRM-7 W Baytown [S] [47] POC 2,48-201-0807,Harris,pollutant,Benzene,Immune,Last 365 Days,2025-09-12,2026-09-12,0.0528,mean ÷ screening level,0.51274,9.70362,6586.0,,0.74977,*,,,,2026-09-12
Other Health Risks,HRM-7 W Baytown [S] [47] POC 2,48-201-0807,Harris,pollutant,Benzene,Immune,Sep 2026,2026-09-01,2026-09-30,,mean ÷ screening level,,,,,,,,,,2026-09-12
Other Health Risks,HRM-7 W Baytown [S] [47] POC 2,48-201-0807,Harris,pollutant,Cyclohexane,Developmental,2023,2023-01-01,2023-12-31,0.0027,mean ÷ screening level,5.03255,1830.26,6997.0,,0.79874,,,,,2026-09-12
Other Health Risks,HRM-7 W Baytown [S] [47] POC 2,48-201-0807,Harris,pollutant,Cyclohexane,Developmental,2024,2024-01-01,2024-12-31,0.0111,mean ÷ screening level,20.3178,1830.26,6970.0,,0.79349,,,,,2026-09-12
Other Health Risks,HRM-7 W Baytown [S] [47] POC 2,48-201-0807,Harris,pollutant,Cyclohexane,Developmental,2025,2025-01-01,2025-12-31,0.0016,mean ÷ screening level,2.95956,1830.26,7399.0,,0.84463,,,,,2026-09-12
Other Health Risks,HRM-7 W Baytown [S] [47] POC 2,48-201-0807,Harris,pollutant,Cyclohexane,Developmental,2026 YTD,2026-01-01,2026-09-12,0.0009,mean ÷ screening level,1.56937,1830.26,4261.0,,0.69624,*,,,,2026-09-12
Other Health Risks,HRM-7 W Baytown [S] [47] POC 2,48-201-0807,Harris,pollutant,Cyclohexane,Developmental,Last 365 Days,2025-09-12,2026-09-12,0.0012,mean ÷ screening level,2.1181,1830.26,6586.0,,0.74977,*,,,,2026-09-12
Other Health Risks,HRM-7 W Baytown [S] [47] POC 2,48-201-0807,Harris,pollutant,Cyclohexane,Developmental,Sep 2026,2026-09-01,2026-09-30,,mean ÷ screening level,,,,,,,,,,2026-09-12
Other Health Risks,HRM-7 W Baytown [S] [47] POC 2,48-201-0807,Harris,pollutant,Ethyl Benzene,"Developmental, Hepatic, Urinary",2023,2023-01-01,2023-12-31,0.0004,mean ÷ screening level,0.09282,230.29755,6994.0,,0.7984,,,,,2026-09-12
Other Health Risks,HRM-7 W Baytown [S] [47] POC 2,48-201-0807,Harris,pollutant,Ethyl Benzene,"Developmental, Hepatic, Urinary",2024,2024-01-01,2024-12-31,0.0005,mean ÷ screening level,0.1044,230.29755,6972.0,,0.79372,,,,,2026-09-12
Other Health Risks,HRM-7 W Baytown [S] [47] POC 2,48-201-0807,Harris,pollutant,Ethyl Benzene,"Developmental, Hepatic, Urinary",2025,2025-01-01,2025-12-31,0.0003,mean ÷ screening level,0.07634,230.29755,7254.0,,0.82808,,,,,2026-09-12
Other Health Risks,HRM-7 W Baytown [S] [47] POC 2,48-201-0807,Harris,pollutant,Ethyl Benzene,"Developmental, Hepatic, Urinary",2026 YTD,2026-01-01,2026-09-12,0.0003,mean ÷ screening level,0.06865,230.29755,4261.0,,0.69624,*,,,,2026-09-12
Other Health Risks,HRM-7 W Baytown [S] [47] POC 2,48-201-0807,Harris,pollutant,Ethyl Benzene,"Developmental, Hepatic, Urinary",Last 365 Days,2025-09-12,2026-09-12,0.0003,mean ÷ screening level,0.07054,230.29755,6586.0,,0.74977,*,,,,2026-09-12
Other Health Risks,HRM-7 W Baytown [S] [47] POC 2,48-201-0807,Harris,pollutant,Ethyl Benzene,"Developmental, Hepatic, Urinary",Sep 2026,2026-09-01,2026-09-30,,mean ÷ screening level,,,,,,,,,,2026-09-12
Other Health Risks,HRM-7 W Baytown [S] [47] POC 2,48-201-0807,Harris,pollutant,Isopropyl Benzene - Cumene,"Endocrine, Urinary",2023,2023-01-01,2023-12-31,0.0002,mean ÷ screening level,0.01841,85.43972,6997.0,,0.79874,,,,,2026-09-12
Other Health Risks,HRM-7 W Baytown [S] [47] POC 2,48-201-0807,Harris,pollutant,Isopropyl Benzene - Cumene,"Endocrine, Urinary",2024,2024-01-01,2024-12-31,0.0002,mean ÷ screening level,0.01745,85.43972,6971.0,,0.7936,,,,,2026-09-12
Other Health Risks,HRM-7 W Baytown [S] [47] POC 2,48-201-0807,Harris,pollutant,Isopropyl Benzene - Cumene,"Endocrine, Urinary",2025,2025-01-01,2025-12-31,0.0001,mean ÷ screening level,0.01242,85.43972,7399.0,,0.84463,,,,,2026-09-12
Other Health Risks,HRM-7 W Baytown [S] [47] POC 2,48-201-0807,Harris,pollutant,Isopropyl Benzene - Cumene,"Endocrine, Urinary",2026 YTD,2026-01-01,2026-09-12,0.0001,mean ÷ screening level,0.01027,85.43972,4261.0,,0.69624,*,,,,2026-09-12
Other Health Risks,HRM-7 W Baytown [S] [47] POC 2,48-201-0807,Harris,pollutant,Isopropyl Benzene - Cumene,"Endocrine, Urinary",Last 365 Days,2025-09-12,2026-09-12,0.0001,mean ÷ screening level,0.01135,85.43972,6586.0,,0.74977,*,,,,2026-09-12
Other Health Risks,HRM-7 W Baytown [S] [47] POC 2,48-201-0807,Harris,pollutant,Isopropyl Benzene - Cumene,"Endocrine, Urinary",Sep 2026,2026-09-01,2026-09-30,,mean ÷ screening level,,,,,,,,,,2026-09-12
Other Health Risks,HRM-7 W Baytown [S] [47] POC 2,48-201-0807,Harris,pollutant,Styrene,"Hematological, Hepatic, Nervous",2023,2023-01-01,2023-12-31,0.0002,mean ÷ screening level,0.04227,234.75756,6997.0,,0.79874,,,,,2026-09-12
Other Health Risks,HRM-7 W Baytown [S] [47] POC 2,48-201-0807,Harris,pollutant,Styrene,"Hematological, Hepatic, Nervous",2024,2024-01-01,2024-12-31,0.0003,mean ÷ screening level,0.06728,234.75756,6972.0,,0.79372,,,,,2026-09-12
Other Health Risks,HRM-7 W Baytown [S] [47] POC 2,48-201-0807,Harris,pollutant,Styrene,"Hematological, Hepatic, Nervous",2025,2025-01-01,2025-12-31,0.0002,mean ÷ screening level,0.04563,234.75756,7399.0,,0.84463,,,,,2026-09-12
Other Health Risks,HRM-7 W Baytown [S] [47] POC 2,48-201-0807,Harris,pollutant,Styrene,"Hematological, Hepatic, Nervous",2026 YTD,2026-01-01,2026-09-12,0.0002,mean ÷ screening level,0.03657,234.75756,4261.0,,0.69624,*,,,,2026-09-12
Other Health Risks,HRM-7 W Baytown [S] [47] POC 2,48-201-0807,Harris,pollutant,Styrene,"Hematological, Hepatic, Nervous",Last 365 Days,2025-09-12,2026-09-12,0.0002,mean ÷ screening level,0.04244,234.75756,6586.0,,0.74977,*,,,,2026-09-12
Other Health Risks,HRM-7 W Baytown [S] [47] POC 2,48-201-0807,Harris,pollutant,Styrene,"Hematological, Hepatic, Nervous",Sep 2026,2026-09-01,2026-09-30,,mean ÷ screening level,,,,,,,,,,2026-09-12
Other Health Risks,HRM-7 W Baytown [S] [47] POC 2,48-201-0807,Harris,pollutant,Toluene,"Nervous, Urinary",2023,2023-01-01,2023-12-31,0.0004,mean ÷ screening level,0.60372,1379.85674,6997.0,,0.79874,,,,,2026-09-12
Other Health Risks,HRM-7 W Baytown [S] [47] POC 2,48-201-0807,Harris,pollutant,Toluene,"Nervous, Urinary",2024,2024-01-01,2024-12-31,0.0005,mean ÷ screening level,0.74819,1379.85674,6972.0,,0.79372,,,,,2026-09-12
Other Health Risks,HRM-7 W Baytown [S] [47] POC 2,48-201-0807,Harris,pollutant,Toluene,"Nervous, Urinary",2025,2025-01-01,2025-12-31,0.0005,mean ÷ screening level,0.72622,1379.85674,7399.0,,0.84463,,,,,2026-09-12
Other Health Risks,HRM-7 W Baytown [S] [47] POC 2,48-201-0807,Harris,pollutant,Toluene,"Nervous, Urinary",2026 YTD,2026-01-01,2026-09-12,0.0004,mean ÷ screening level,0.61513,1379.85674,4261.0,,0.69624,*,,,,2026-09-12
Other Health Risks,HRM-7 W Baytown [S] [47] POC 2,48-201-0807,Harris,pollutant,Toluene,"Nervous, Urinary",Last 365 Days,2025-09-12,2026-09-12,0.0005,mean ÷ screening level,0.69159,1379.85674,6586.0,,0.74977,*,,,,2026-09-12
Other Health Risks,HRM-7 W Baytown [S] [47] POC 2,48-201-0807,Harris,pollutant,Toluene,"Nervous, Urinary",Sep 2026,2026-09-01,2026-09-30,,mean ÷ screening level,,,,,,,,,,2026-09-12
Other Health Risks,HRM-7 W Baytown [S] [47] POC 2,48-201-0807,Harris,pollutant,n-Hexane,Nervous,2023,2023-01-01,2023-12-31,0.0049,mean ÷ screening level,1.02314,207.10722,6944.0,,0.79269,,,,,2026-09-12
Other Health Risks,HRM-7 W Baytown [S] [47] POC 2,48-201-0807,Harris,pollutant,n-Hexane,Nervous,2024,2024-01-01,2024-12-31,0.008,mean ÷ screening level,1.66613,207.10722,6941.0,,0.79019,,,,,2026-09-12
Other Health Risks,HRM-7 W Baytown [S] [47] POC 2,48-201-0807,Harris,pollutant,n-Hexane,Nervous,2025,2025-01-01,2025-12-31,0.0041,mean ÷ screening level,0.84088,207.10722,7312.0,,0.8347,,,,,2026-09-12
Other Health Risks,HRM-7 W Baytown [S] [47] POC 2,48-201-0807,Harris,pollutant,n-Hexane,Nervous,2026 YTD,2026-01-01,2026-09-12,0.0041,mean ÷ screening level,0.85196,207.10722,4257.0,,0.69559,*,,,,2026-09-12
Other Health Risks,HRM-7 W Baytown [S] [47] POC 2,48-201-0807,Harris,pollutant,n-Hexane,Nervous,Last 365 Days,2025-09-12,2026-09-12,0.0042,mean ÷ screening level,0.87233,207.10722,6545.0,,0.7451,*,,,,2026-09-12
Other Health Risks,HRM-7 W Baytown [S] [47] POC 2,48-201-0807,Harris,pollutant,n-Hexane,Nervous,Sep 2026,2026-09-01,2026-09-30,,mean ÷ screening level,,,,,,,,,,2026-09-12
Other Health Risks,HRM-7 W Baytown [S] [47] POC 2,48-201-0807,Harris,pollutant,o-Xylene,Nervous,2023,2023-01-01,2023-12-31,0.0038,mean ÷ screening level,0.08727,23.03,6997.0,,0.79874,,,,,2026-09-12
Other Health Risks,HRM-7 W Baytown [S] [47] POC 2,48-201-0807,Harris,pollutant,o-Xylene,Nervous,2024,2024-01-01,2024-12-31,0.0043,mean ÷ screening level,0.09798,23.03,6971.0,,0.7936,,,,,2026-09-12
Other Health Risks,HRM-7 W Baytown [S] [47] POC 2,48-201-0807,Harris,pollutant,o-Xylene,Nervous,2025,2025-01-01,2025-12-31,0.0034,mean ÷ screening level,0.07732,23.03,7398.0,,0.84452,,,,,2026-09-12
Other Health Risks,HRM-7 W Baytown [S] [47] POC 2,48-201-0807,Harris,pollutant,o-Xylene,Nervous,2026 YTD,2026-01-01,2026-09-12,0.0029,mean ÷ screening level,0.0673,23.03,4261.0,,0.69624,*,,,,2026-09-12
Other Health Risks,HRM-7 W Baytown [S] [47] POC 2,48-201-0807,Harris,pollutant,o-Xylene,Nervous,Last 365 Days,2025-09-12,2026-09-12,0.0031,mean ÷ screening level,0.07064,23.03,6586.0,,0.74977,*,,,,2026-09-12
Other Health Risks,HRM-7 W Baytown [S] [47] POC 2,48-201-0807,Harris,pollutant,o-Xylene,Nervous,Sep 2026,2026-09-01,2026-09-30,,mean ÷ screening level,,,,,,,,,,2026-09-12
Other Health Risks,HRM-7 W Baytown [S] [47] POC 2,48-201-0807,Harris,pollutant,p-Xylene + m-Xylene,Nervous,2023,2023-01-01,2023-12-31,0.0146,mean ÷ screening level,0.33724,23.03127,6997.0,,0.79874,,,,,2026-09-12
Other Health Risks,HRM-7 W Baytown [S] [47] POC 2,48-201-0807,Harris,pollutant,p-Xylene + m-Xylene,Nervous,2024,2024-01-01,2024-12-31,0.0186,mean ÷ screening level,0.42864,23.03127,6972.0,,0.79372,,,,,2026-09-12
Other Health Risks,HRM-7 W Baytown [S] [47] POC 2,48-201-0807,Harris,pollutant,p-Xylene + m-Xylene,Nervous,2025,2025-01-01,2025-12-31,0.0128,mean ÷ screening level,0.29422,23.03127,7399.0,,0.84463,,,,,2026-09-12
Other Health Risks,HRM-7 W Baytown [S] [47] POC 2,48-201-0807,Harris,pollutant,p-Xylene + m-Xylene,Nervous,2026 YTD,2026-01-01,2026-09-12,0.0152,mean ÷ screening level,0.35044,23.03127,4261.0,,0.69624,*,,,,2026-09-12
Other Health Risks,HRM-7 W Baytown [S] [47] POC 2,48-201-0807,Harris,pollutant,p-Xylene + m-Xylene,Nervous,Last 365 Days,2025-09-12,2026-09-12,0.0143,mean ÷ screening level,0.33,23.03127,6586.0,,0.74977,*,,,,2026-09-12
Other Health Risks,HRM-7 W Baytown [S] [47] POC 2,48-201-0807,Harris,pollutant,p-Xylene + m-Xylene,Nervous,Sep 2026,2026-09-01,2026-09-30,,mean ÷ screening level,,,,,,,,,,2026-09-12
Other Health Risks,HRM-7 W Baytown [S] [47] POC 2,48-201-0807,Harris,total,Total,,2023,2023-01-01,2023-12-31,0.4357,sum of pollutant ratios,,,,,0.79269,,,,,2026-09-12
Other Health Risks,HRM-7 W Baytown [S] [47] POC 2,48-201-0807,Harris,total,Total,,2024,2024-01-01,2024-12-31,0.5724,sum of pollutant ratios,,,,,0.78848,,,,,2026-09-12
Other Health Risks,HRM-7 W Baytown [S] [47] POC 2,48-201-0807,Harris,total,Total,,2025,2025-01-01,2025-12-31,0.5129,sum of pollutant ratios,,,,,0.82808,,,,,2026-09-12
Other Health Risks,HRM-7 W Baytown [S] [47] POC 2,48-201-0807,Harris,total,Total,,2026 YTD,2026-01-01,2026-09-12,0.2225,sum of pollutant ratios,,,,,0.69069,*,,,,2026-09-12
Other Health Risks,HRM-7 W Baytown [S] [47] POC 2,48-201-0807,Harris,total,Total,,Last 365 Days,2025-09-12,2026-09-12,0.2509,sum of pollutant ratios,,,,,0.7451,*,,,,2026-09-12
Other Health Risks,HRM-7 W Baytown [S] [47] POC 2,48-201-0807,Harris,total,Total,,Sep 2026,2026-09-01,2026-09-30,,sum of pollutant ratios,,,,,,,,,,2026-09-12
Other Health Risks,Hou.DeerPrk2 POC 1,48-201-1039,Harris,health_effect_total,Ability to have children,Reproductive,2023,2023-01-01,2023-12-31,0.436,sum of pollutant ratios,,,,,0.85217,,,,,2026-09-12
Other Health Risks,Hou.DeerPrk2 POC 1,48-201-1039,Harris,health_effect_total,Ability to have children,Reproductive,2024,2024-01-01,2024-12-31,0.0948,sum of pollutant ratios,,,,,0.82297,,,,,2026-09-12
Other Health Risks,Hou.DeerPrk2 POC 1,48-201-1039,Harris,health_effect_total,Ability to have children,Reproductive,2025,2025-01-01,2025-12-31,0.1248,sum of pollutant ratios,,,,,0.81941,,,,,2026-09-12
Other Health Risks,Hou.DeerPrk2 POC 1,48-201-1039,Harris,health_effect_total,Ability to have children,Reproductive,2026 YTD,2026-01-01,2026-09-12,0.043,sum of pollutant ratios,,,,,0.85212,,,,,2026-09-12
Other Health Risks,Hou.DeerPrk2 POC 1,48-201-1039,Harris,health_effect_total,Ability to have children,Reproductive,Last 365 Days,2025-09-12,2026-09-12,0.0777,sum of pollutant ratios,,,,,0.86555,,,,,2026-09-12
Other Health Risks,Hou.DeerPrk2 POC 1,48-201-1039,Harris,health_effect_total,Ability to have children,Reproductive,Sep 2026,2026-09-01,2026-09-30,0.0235,sum of pollutant ratios,,,,,0.88095,,,,,2026-09-12
Other Health Risks,Hou.DeerPrk2 POC 1,48-201-1039,Harris,health_effect_total,Blood,Hematological,2023,2023-01-01,2023-12-31,0.0037,sum of pollutant ratios,,,,,0.84715,,,,,2026-09-12
Other Health Risks,Hou.DeerPrk2 POC 1,48-201-1039,Harris,health_effect_total,Blood,Hematological,2024,2024-01-01,2024-12-31,0.0044,sum of pollutant ratios,,,,,0.80931,,,,,2026-09-12
Other Health Risks,Hou.DeerPrk2 POC 1,48-201-1039,Harris,health_effect_total,Blood,Hematological,2025,2025-01-01,2025-12-31,0.004,sum of pollutant ratios,,,,,0.76701,,,,,2026-09-12
Other Health Risks,Hou.DeerPrk2 POC 1,48-201-1039,Harris,health_effect_total,Blood,Hematological,2026 YTD,2026-01-01,2026-09-12,0.0067,sum of pollutant ratios,,,,,0.85212,,,,,2026-09-12
Other Health Risks,Hou.DeerPrk2 POC 1,48-201-1039,Harris,health_effect_total,Blood,Hematological,Last 365 Days,2025-09-12,2026-09-12,0.0073,sum of pollutant ratios,,,,,0.80647,,,,,2026-09-12
Other Health Risks,Hou.DeerPrk2 POC 1,48-201-1039,Harris,health_effect_total,Blood,Hematological,Sep 2026,2026-09-01,2026-09-30,0.0093,sum of pollutant ratios,,,,,0.88095,,,,,2026-09-12
Other Health Risks,Hou.DeerPrk2 POC 1,48-201-1039,Harris,health_effect_total,Brain and nervous system,Nervous,2023,2023-01-01,2023-12-31,0.014,sum of pollutant ratios,,,,,0.84715,,,,,2026-09-12
Other Health Risks,Hou.DeerPrk2 POC 1,48-201-1039,Harris,health_effect_total,Brain and nervous system,Nervous,2024,2024-01-01,2024-12-31,0.0157,sum of pollutant ratios,,,,,0.80464,,,,,2026-09-12
Other Health Risks,Hou.DeerPrk2 POC 1,48-201-1039,Harris,health_effect_total,Brain and nervous system,Nervous,2025,2025-01-01,2025-12-31,0.0128,sum of pollutant ratios,,,,,0.76701,,,,,2026-09-12
Other Health Risks,Hou.DeerPrk2 POC 1,48-201-1039,Harris,health_effect_total,Brain and nervous system,Nervous,2026 YTD,2026-01-01,2026-09-12,0.0126,sum of pollutant ratios,,,,,0.85212,,,,,2026-09-12
Other Health Risks,Hou.DeerPrk2 POC 1,48-201-1039,Harris,health_effect_total,Brain and nervous system,Nervous,Last 365 Days,2025-09-12,2026-09-12,0.015,sum of pollutant ratios,,,,,0.80647,,,,,2026-09-12
Other Health Risks,Hou.DeerPrk2 POC 1,48-201-1039,Harris,health_effect_total,Brain and nervous system,Nervous,Sep 2026,2026-09-01,2026-09-30,0.0169,sum of pollutant ratios,,,,,0.88095,,,,,2026-09-12
Other Health Risks,Hou.DeerPrk2 POC 1,48-201-1039,Harris,health_effect_total,Growth and development (children's),Developmental,2023,2023-01-01,2023-12-31,0.0046,sum of pollutant ratios,,,,,0.84703,,,,,2026-09-12
Other Health Risks,Hou.DeerPrk2 POC 1,48-201-1039,Harris,health_effect_total,Growth and development (children's),Developmental,2024,2024-01-01,2024-12-31,0.0056,sum of pollutant ratios,,,,,0.80931,,,,,2026-09-12
Other Health Risks,Hou.DeerPrk2 POC 1,48-201-1039,Harris,health_effect_total,Growth and development (children's),Developmental,2025,2025-01-01,2025-12-31,0.0045,sum of pollutant ratios,,,,,0.76701,,,,,2026-09-12
Other Health Risks,Hou.DeerPrk2 POC 1,48-201-1039,Harris,health_effect_total,Growth and development (children's),Developmental,2026 YTD,2026-01-01,2026-09-12,0.0032,sum of pollutant ratios,,,,,0.85212,,,,,2026-09-12
Other Health Risks,Hou.DeerPrk2 POC 1,48-201-1039,Harris,health_effect_total,Growth and development (children's),Developmental,Last 365 Days,2025-09-12,2026-09-12,0.004,sum of pollutant ratios,,,,,0.81409,,,,,2026-09-12
Other Health Risks,Hou.DeerPrk2 POC 1,48-201-1039,Harris,health_effect_total,Growth and development (children's),Developmental,Sep 2026,2026-09-01,2026-09-30,0.0031,sum of pollutant ratios,,,,,0.88095,,,,,2026-09-12
Other Health Risks,Hou.DeerPrk2 POC 1,48-201-1039,Harris,health_effect_total,Hormone system,Endocrine,2023,2023-01-01,2023-12-31,0.0001,sum of pollutant ratios,,,,,0.84726,,,,,2026-09-12
Other Health Risks,Hou.DeerPrk2 POC 1,48-201-1039,Harris,health_effect_total,Hormone system,Endocrine,2024,2024-01-01,2024-12-31,0.0002,sum of pollutant ratios,,,,,0.80931,,,,,2026-09-12
Other Health Risks,Hou.DeerPrk2 POC 1,48-201-1039,Harris,health_effect_total,Hormone system,Endocrine,2025,2025-01-01,2025-12-31,0.0001,sum of pollutant ratios,,,,,0.8145,,,,,2026-09-12
Other Health Risks,Hou.DeerPrk2 POC 1,48-201-1039,Harris,health_effect_total,Hormone system,Endocrine,2026 YTD,2026-01-01,2026-09-12,0.0,sum of pollutant ratios,,,,,0.85212,,,,,2026-09-12
Other Health Risks,Hou.DeerPrk2 POC 1,48-201-1039,Harris,health_effect_total,Hormone system,Endocrine,Last 365 Days,2025-09-12,2026-09-12,0.0001,sum of pollutant ratios,,,,,0.86054,,,,,2026-09-12
Other Health Risks,Hou.DeerPrk2 POC 1,48-201-1039,Harris,health_effect_total,Hormone system,Endocrine,Sep 2026,2026-09-01,2026-09-30,0.0,sum of pollutant ratios,,,,,0.88095,,,,,2026-09-12
Other Health Risks,Hou.DeerPrk2 POC 1,48-201-1039,Harris,health_effect_total,Immune system,Immune,2023,2023-01-01,2023-12-31,0.0307,sum of pollutant ratios,,,,,0.84715,,,,,2026-09-12
Other Health Risks,Hou.DeerPrk2 POC 1,48-201-1039,Harris,health_effect_total,Immune system,Immune,2024,2024-01-01,2024-12-31,0.034,sum of pollutant ratios,,,,,0.8092,,,,,2026-09-12
Other Health Risks,Hou.DeerPrk2 POC 1,48-201-1039,Harris,health_effect_total,Immune system,Immune,2025,2025-01-01,2025-12-31,0.027,sum of pollutant ratios,,,,,0.81952,,,,,2026-09-12
Other Health Risks,Hou.DeerPrk2 POC 1,48-201-1039,Harris,health_effect_total,Immune system,Immune,2026 YTD,2026-01-01,2026-09-12,0.0131,sum of pollutant ratios,,,,,0.85212,,,,,2026-09-12
Other Health Risks,Hou.DeerPrk2 POC 1,48-201-1039,Harris,health_effect_total,Immune system,Immune,Last 365 Days,2025-09-12,2026-09-12,0.021,sum of pollutant ratios,,,,,0.86555,,,,,2026-09-12
Other Health Risks,Hou.DeerPrk2 POC 1,48-201-1039,Harris,health_effect_total,Immune system,Immune,Sep 2026,2026-09-01,2026-09-30,0.0073,sum of pollutant ratios,,,,,0.88095,,,,,2026-09-12
Other Health Risks,Hou.DeerPrk2 POC 1,48-201-1039,Harris,health_effect_total,Kidneys and urinary system,Urinary,2023,2023-01-01,2023-12-31,0.0005,sum of pollutant ratios,,,,,0.84715,,,,,2026-09-12
Other Health Risks,Hou.DeerPrk2 POC 1,48-201-1039,Harris,health_effect_total,Kidneys and urinary system,Urinary,2024,2024-01-01,2024-12-31,0.0007,sum of pollutant ratios,,,,,0.80931,,,,,2026-09-12
Other Health Risks,Hou.DeerPrk2 POC 1,48-201-1039,Harris,health_effect_total,Kidneys and urinary system,Urinary,2025,2025-01-01,2025-12-31,0.0005,sum of pollutant ratios,,,,,0.8145,,,,,2026-09-12
Other Health Risks,Hou.DeerPrk2 POC 1,48-201-1039,Harris,health_effect_total,Kidneys and urinary system,Urinary,2026 YTD,2026-01-01,2026-09-12,0.0003,sum of pollutant ratios,,,,,0.85212,,,,,2026-09-12
Other Health Risks,Hou.DeerPrk2 POC 1,48-201-1039,Harris,health_effect_total,Kidneys and urinary system,Urinary,Last 365 Days,2025-09-12,2026-09-12,0.0004,sum of pollutant ratios,,,,,0.86054,,,,,2026-09-12
Other Health Risks,Hou.DeerPrk2 POC 1,48-201-1039,Harris,health_effect_total,Kidneys and urinary system,Urinary,Sep 2026,2026-09-01,2026-09-30,0.0003,sum of pollutant ratios,,,,,0.88095,,,,,2026-09-12
Other Health Risks,Hou.DeerPrk2 POC 1,48-201-1039,Harris,health_effect_total,Liver,Hepatic,2023,2023-01-01,2023-12-31,0.0002,sum of pollutant ratios,,,,,0.84726,,,,,2026-09-12
Other Health Risks,Hou.DeerPrk2 POC 1,48-201-1039,Harris,health_effect_total,Liver,Hepatic,2024,2024-01-01,2024-12-31,0.0003,sum of pollutant ratios,,,,,0.80931,,,,,2026-09-12
Other Health Risks,Hou.DeerPrk2 POC 1,48-201-1039,Harris,health_effect_total,Liver,Hepatic,2025,2025-01-01,2025-12-31,0.0002,sum of pollutant ratios,,,,,0.8145,,,,,2026-09-12
Other Health Risks,Hou.DeerPrk2 POC 1,48-201-1039,Harris,health_effect_total,Liver,Hepatic,2026 YTD,2026-01-01,2026-09-12,0.0001,sum of pollutant ratios,,,,,0.85212,,,,,2026-09-12
Other Health Risks,Hou.DeerPrk2 POC 1,48-201-1039,Harris,health_effect_total,Liver,Hepatic,Last 365 Days,2025-09-12,2026-09-12,0.0001,sum of pollutant ratios,,,,,0.86054,,,,,2026-09-12
Other Health Risks,Hou.DeerPrk2 POC 1,48-201-1039,Harris,health_effect_total,Liver,Hepatic,Sep 2026,2026-09-01,2026-09-30,0.0001,sum of pollutant ratios,,,,,0.88095,,,,,2026-09-12
Other Health Risks,Hou.DeerPrk2 POC 1,48-201-1039,Harris,health_effect_total,Lungs & breathing,Respiratory,2023,2023-01-01,2023-12-31,0.0037,sum of pollutant ratios,,,,,0.84715,,,,,2026-09-12
Other Health Risks,Hou.DeerPrk2 POC 1,48-201-1039,Harris,health_effect_total,Lungs & breathing,Respiratory,2024,2024-01-01,2024-12-31,0.0043,sum of pollutant ratios,,,,,0.80931,,,,,2026-09-12
Other Health Risks,Hou.DeerPrk2 POC 1,48-201-1039,Harris,health_effect_total,Lungs & breathing,Respiratory,2025,2025-01-01,2025-12-31,0.0039,sum of pollutant ratios,,,,,0.76701,,,,,2026-09-12
Other Health Risks,Hou.DeerPrk2 POC 1,48-201-1039,Harris,health_effect_total,Lungs & breathing,Respiratory,2026 YTD,2026-01-01,2026-09-12,0.0067,sum of pollutant ratios,,,,,0.85212,,,,,2026-09-12
Other Health Risks,Hou.DeerPrk2 POC 1,48-201-1039,Harris,health_effect_total,Lungs & breathing,Respiratory,Last 365 Days,2025-09-12,2026-09-12,0.0072,sum of pollutant ratios,,,,,0.80647,,,,,2026-09-12
Other Health Risks,Hou.DeerPrk2 POC 1,48-201-1039,Harris,health_effect_total,Lungs & breathing,Respiratory,Sep 2026,2026-09-01,2026-09-30,0.0093,sum of pollutant ratios,,,,,0.88095,,,,,2026-09-12
Other Health Risks,Hou.DeerPrk2 POC 1,48-201-1039,Harris,pollutant,"1,2,3-Trimethylbenzene","Hematological, Nervous, Respiratory",2023,2023-01-01,2023-12-31,,mean ÷ screening level,,,,,,,,,,2026-09-12
Other Health Risks,Hou.DeerPrk2 POC 1,48-201-1039,Harris,pollutant,"1,2,3-Trimethylbenzene","Hematological, Nervous, Respiratory",2024,2024-01-01,2024-12-31,,mean ÷ screening level,,,,,,,,,,2026-09-12
Other Health Risks,Hou.DeerPrk2 POC 1,48-201-1039,Harris,pollutant,"1,2,3-Trimethylbenzene","Hematological, Nervous, Respiratory",2025,2025-01-01,2025-12-31,,mean ÷ screening level,,,,,,,,,,2026-09-12
Other Health Risks,Hou.DeerPrk2 POC 1,48-201-1039,Harris,pollutant,"1,2,3-Trimethylbenzene","Hematological, Nervous, Respiratory",2026 YTD,2026-01-01,2026-09-12,0.0039,mean ÷ screening level,0.04975,12.81596,5215.0,,0.85212,,,,,2026-09-12
Other Health Risks,Hou.DeerPrk2 POC 1,48-201-1039,Harris,pollutant,"1,2,3-Trimethylbenzene","Hematological, Nervous, Respiratory",Last 365 Days,2025-09-12,2026-09-12,0.0038,mean ÷ screening level,0.04879,12.81596,7084.0,,0.80647,,,,,2026-09-12
Other Health Risks,Hou.DeerPrk2 POC 1,48-201-1039,Harris,pollutant,"1,2,3-Trimethylbenzene","Hematological, Nervous, Respiratory",Sep 2026,2026-09-01,2026-09-30,0.0065,mean of weekly means ÷ screening level,0.08318,12.81596,444.0,3.0,0.88095,,,,,2026-09-12
Other Health Risks,Hou.DeerPrk2 POC 1,48-201-1039,Harris,pollutant,"1,2,4-Trimethylbenzene","Hematological, Nervous, Developmental, Respiratory",2023,2023-01-01,2023-12-31,0.0037,mean ÷ screening level,0.04694,12.81596,7421.0,,0.84715,,,,,2026-09-12
Other Health Risks,Hou.DeerPrk2 POC 1,48-201-1039,Harris,pollutant,"1,2,4-Trimethylbenzene","Hematological, Nervous, Developmental, Respiratory",2024,2024-01-01,2024-12-31,0.0043,mean ÷ screening level,0.05512,12.81596,7109.0,,0.80931,,,,,2026-09-12
Other Health Risks,Hou.DeerPrk2 POC 1,48-201-1039,Harris,pollutant,"1,2,4-Trimethylbenzene","Hematological, Nervous, Developmental, Respiratory",2025,2025-01-01,2025-12-31,0.0039,mean ÷ screening level,0.05021,12.81596,6719.0,,0.76701,,,,,2026-09-12
Other Health Risks,Hou.DeerPrk2 POC 1,48-201-1039,Harris,pollutant,"1,2,4-Trimethylbenzene","Hematological, Nervous, Developmental, Respiratory",2026 YTD,2026-01-01,2026-09-12,0.0028,mean ÷ screening level,0.03602,12.81596,5215.0,,0.85212,,,,,2026-09-12
Other Health Risks,Hou.DeerPrk2 POC 1,48-201-1039,Harris,pollutant,"1,2,4-Trimethylbenzene","Hematological, Nervous, Developmental, Respiratory",Last 365 Days,2025-09-12,2026-09-12,0.0034,mean ÷ screening level,0.04408,12.81596,7151.0,,0.81409,,,,,2026-09-12
Other Health Risks,Hou.DeerPrk2 POC 1,48-201-1039,Harris,pollutant,"1,2,4-Trimethylbenzene","Hematological, Nervous, Developmental, Respiratory",Sep 2026,2026-09-01,2026-09-30,0.0028,mean of weekly means ÷ screening level,0.03574,12.81596,592.0,4.0,0.88095,,,,,2026-09-12
Other Health Risks,Hou.DeerPrk2 POC 1,48-201-1039,Harris,pollutant,"1,3,5-Trimethylbenzene","Developmental, Nervous",2023,2023-01-01,2023-12-31,0.0007,mean ÷ screening level,0.00902,12.81596,7421.0,,0.84715,,,,,2026-09-12
Other Health Risks,Hou.DeerPrk2 POC 1,48-201-1039,Harris,pollutant,"1,3,5-Trimethylbenzene","Developmental, Nervous",2024,2024-01-01,2024-12-31,0.0011,mean ÷ screening level,0.01363,12.81596,7109.0,,0.80931,,,,,2026-09-12
Other Health Risks,Hou.DeerPrk2 POC 1,48-201-1039,Harris,pollutant,"1,3,5-Trimethylbenzene","Developmental, Nervous",2025,2025-01-01,2025-12-31,0.0004,mean ÷ screening level,0.00554,12.81596,7069.0,,0.80696,,,,,2026-09-12
Other Health Risks,Hou.DeerPrk2 POC 1,48-201-1039,Harris,pollutant,"1,3,5-Trimethylbenzene","Developmental, Nervous",2026 YTD,2026-01-01,2026-09-12,0.0003,mean ÷ screening level,0.00341,12.81596,5215.0,,0.85212,,,,,2026-09-12
Other Health Risks,Hou.DeerPrk2 POC 1,48-201-1039,Harris,pollutant,"1,3,5-Trimethylbenzene","Developmental, Nervous",Last 365 Days,2025-09-12,2026-09-12,0.0004,mean ÷ screening level,0.0049,12.81596,7493.0,,0.85303,,,,,2026-09-12
Other Health Risks,Hou.DeerPrk2 POC 1,48-201-1039,Harris,pollutant,"1,3,5-Trimethylbenzene","Developmental, Nervous",Sep 2026,2026-09-01,2026-09-30,0.0002,mean of weekly means ÷ screening level,0.00291,12.81596,296.0,2.0,0.88095,,,,,2026-09-12
Other Health Risks,Hou.DeerPrk2 POC 1,48-201-1039,Harris,pollutant,"1,3-Butadiene",Reproductive,2023,2023-01-01,2023-12-31,0.436,mean ÷ screening level,0.41389,0.94925,7465.0,,0.85217,,,,,2026-09-12
Other Health Risks,Hou.DeerPrk2 POC 1,48-201-1039,Harris,pollutant,"1,3-Butadiene",Reproductive,2024,2024-01-01,2024-12-31,0.0948,mean ÷ screening level,0.09001,0.94925,7229.0,,0.82297,,,,,2026-09-12
Other Health Risks,Hou.DeerPrk2 POC 1,48-201-1039,Harris,pollutant,"1,3-Butadiene",Reproductive,2025,2025-01-01,2025-12-31,0.1248,mean ÷ screening level,0.11848,0.94925,7178.0,,0.81941,,,,,2026-09-12
Other Health Risks,Hou.DeerPrk2 POC 1,48-201-1039,Harris,pollutant,"1,3-Butadiene",Reproductive,2026 YTD,2026-01-01,2026-09-12,0.043,mean ÷ screening level,0.04079,0.94925,5215.0,,0.85212,,,,,2026-09-12
Other Health Risks,Hou.DeerPrk2 POC 1,48-201-1039,Harris,pollutant,"1,3-Butadiene",Reproductive,Last 365 Days,2025-09-12,2026-09-12,0.0777,mean ÷ screening level,0.07378,0.94925,7603.0,,0.86555,,,,,2026-09-12
Other Health Risks,Hou.DeerPrk2 POC 1,48-201-1039,Harris,pollutant,"1,3-Butadiene",Reproductive,Sep 2026,2026-09-01,2026-09-30,0.0235,mean of weekly means ÷ screening level,0.0223,0.94925,148.0,1.0,0.88095,,,,,2026-09-12
Other Health Risks,Hou.DeerPrk2 POC 1,48-201-1039,Harris,pollutant,Benzene,Immune,2023,2023-01-01,2023-12-31,0.0307,mean ÷ screening level,0.29769,9.70362,7421.0,,0.84715,,,,,2026-09-12
Other Health Risks,Hou.DeerPrk2 POC 1,48-201-1039,Harris,pollutant,Benzene,Immune,2024,2024-01-01,2024-12-31,0.034,mean ÷ screening level,0.33016,9.70362,7108.0,,0.8092,,,,,2026-09-12
Other Health Risks,Hou.DeerPrk2 POC 1,48-201-1039,Harris,pollutant,Benzene,Immune,2025,2025-01-01,2025-12-31,0.027,mean ÷ screening level,0.26186,9.70362,7179.0,,0.81952,,,,,2026-09-12
Other Health Risks,Hou.DeerPrk2 POC 1,48-201-1039,Harris,pollutant,Benzene,Immune,2026 YTD,2026-01-01,2026-09-12,0.0131,mean ÷ screening level,0.12682,9.70362,5215.0,,0.85212,,,,,2026-09-12
Other Health Risks,Hou.DeerPrk2 POC 1,48-201-1039,Harris,pollutant,Benzene,Immune,Last 365 Days,2025-09-12,2026-09-12,0.021,mean ÷ screening level,0.20346,9.70362,7603.0,,0.86555,,,,,2026-09-12
Other Health Risks,Hou.DeerPrk2 POC 1,48-201-1039,Harris,pollutant,Benzene,Immune,Sep 2026,2026-09-01,2026-09-30,0.0073,mean of weekly means ÷ screening level,0.07101,9.70362,148.0,1.0,0.88095,,,,,2026-09-12
Other Health Risks,Hou.DeerPrk2 POC 1,48-201-1039,Harris,pollutant,Cyclohexane,Developmental,2023,2023-01-01,2023-12-31,0.0001,mean ÷ screening level,0.11228,1830.26,7420.0,,0.84703,,,,,2026-09-12
Other Health Risks,Hou.DeerPrk2 POC 1,48-201-1039,Harris,pollutant,Cyclohexane,Developmental,2024,2024-01-01,2024-12-31,0.0001,mean ÷ screening level,0.14218,1830.26,7109.0,,0.80931,,,,,2026-09-12
Other Health Risks,Hou.DeerPrk2 POC 1,48-201-1039,Harris,pollutant,Cyclohexane,Developmental,2025,2025-01-01,2025-12-31,0.0001,mean ÷ screening level,0.09528,1830.26,7179.0,,0.81952,,,,,2026-09-12
Other Health Risks,Hou.DeerPrk2 POC 1,48-201-1039,Harris,pollutant,Cyclohexane,Developmental,2026 YTD,2026-01-01,2026-09-12,0.0,mean ÷ screening level,0.05257,1830.26,5215.0,,0.85212,,,,,2026-09-12
Other Health Risks,Hou.DeerPrk2 POC 1,48-201-1039,Harris,pollutant,Cyclohexane,Developmental,Last 365 Days,2025-09-12,2026-09-12,0.0,mean ÷ screening level,0.07694,1830.26,7603.0,,0.86555,,,,,2026-09-12
Other Health Risks,Hou.DeerPrk2 POC 1,48-201-1039,Harris,pollutant,Cyclohexane,Developmental,Sep 2026,2026-09-01,2026-09-30,0.0,mean of weekly means ÷ screening level,0.09,1830.26,148.0,1.0,0.88095,,,,,2026-09-12
Other Health Risks,Hou.DeerPrk2 POC 1,48-201-1039,Harris,pollutant,Ethyl Benzene,"Developmental, Hepatic, Urinary",2023,2023-01-01,2023-12-31,0.0002,mean ÷ screening level,0.039,230.29755,7422.0,,0.84726,,,,,2026-09-12
Other Health Risks,Hou.DeerPrk2 POC 1,48-201-1039,Harris,pollutant,Ethyl Benzene,"Developmental, Hepatic, Urinary",2024,2024-01-01,2024-12-31,0.0002,mean ÷ screening level,0.04327,230.29755,7109.0,,0.80931,,,,,2026-09-12
Other Health Risks,Hou.DeerPrk2 POC 1,48-201-1039,Harris,pollutant,Ethyl Benzene,"Developmental, Hepatic, Urinary",2025,2025-01-01,2025-12-31,0.0001,mean ÷ screening level,0.02899,230.29755,7179.0,,0.81952,,,,,2026-09-12
Other Health Risks,Hou.DeerPrk2 POC 1,48-201-1039,Harris,pollutant,Ethyl Benzene,"Developmental, Hepatic, Urinary",2026 YTD,2026-01-01,2026-09-12,0.0001,mean ÷ screening level,0.01596,230.29755,5215.0,,0.85212,,,,,2026-09-12
Other Health Risks,Hou.DeerPrk2 POC 1,48-201-1039,Harris,pollutant,Ethyl Benzene,"Developmental, Hepatic, Urinary",Last 365 Days,2025-09-12,2026-09-12,0.0001,mean ÷ screening level,0.02422,230.29755,7603.0,,0.86555,,,,,2026-09-12
Other Health Risks,Hou.DeerPrk2 POC 1,48-201-1039,Harris,pollutant,Ethyl Benzene,"Developmental, Hepatic, Urinary",Sep 2026,2026-09-01,2026-09-30,0.0001,mean of weekly means ÷ screening level,0.01764,230.29755,444.0,3.0,0.88095,,,,,2026-09-12
Other Health Risks,Hou.DeerPrk2 POC 1,48-201-1039,Harris,pollutant,Isopropyl Benzene - Cumene,"Endocrine, Urinary",2023,2023-01-01,2023-12-31,0.0001,mean ÷ screening level,0.00953,85.43972,7422.0,,0.84726,,,,,2026-09-12
Other Health Risks,Hou.DeerPrk2 POC 1,48-201-1039,Harris,pollutant,Isopropyl Benzene - Cumene,"Endocrine, Urinary",2024,2024-01-01,2024-12-31,0.0002,mean ÷ screening level,0.02021,85.43972,7109.0,,0.80931,,,,,2026-09-12
Other Health Risks,Hou.DeerPrk2 POC 1,48-201-1039,Harris,pollutant,Isopropyl Benzene - Cumene,"Endocrine, Urinary",2025,2025-01-01,2025-12-31,0.0001,mean ÷ screening level,0.01256,85.43972,7135.0,,0.8145,,,,,2026-09-12
Other Health Risks,Hou.DeerPrk2 POC 1,48-201-1039,Harris,pollutant,Isopropyl Benzene - Cumene,"Endocrine, Urinary",2026 YTD,2026-01-01,2026-09-12,0.0,mean ÷ screening level,0.00213,85.43972,5215.0,,0.85212,,,,,2026-09-12
Other Health Risks,Hou.DeerPrk2 POC 1,48-201-1039,Harris,pollutant,Isopropyl Benzene - Cumene,"Endocrine, Urinary",Last 365 Days,2025-09-12,2026-09-12,0.0001,mean ÷ screening level,0.00669,85.43972,7559.0,,0.86054,,,,,2026-09-12
Other Health Risks,Hou.DeerPrk2 POC 1,48-201-1039,Harris,pollutant,Isopropyl Benzene - Cumene,"Endocrine, Urinary",Sep 2026,2026-09-01,2026-09-30,0.0,mean of weekly means ÷ screening level,0.00243,85.43972,296.0,2.0,0.88095,,,,,2026-09-12
Other Health Risks,Hou.DeerPrk2 POC 1,48-201-1039,Harris,pollutant,Styrene,"Hematological, Hepatic, Nervous",2023,2023-01-01,2023-12-31,0.0001,mean ÷ screening level,0.01372,234.75756,7422.0,,0.84726,,,,,2026-09-12
Other Health Risks,Hou.DeerPrk2 POC 1,48-201-1039,Harris,pollutant,Styrene,"Hematological, Hepatic, Nervous",2024,2024-01-01,2024-12-31,0.0001,mean ÷ screening level,0.01937,234.75756,7109.0,,0.80931,,,,,2026-09-12
Other Health Risks,Hou.DeerPrk2 POC 1,48-201-1039,Harris,pollutant,Styrene,"Hematological, Hepatic, Nervous",2025,2025-01-01,2025-12-31,0.0,mean ÷ screening level,0.00885,234.75756,7135.0,,0.8145,,,,,2026-09-12
Other Health Risks,Hou.DeerPrk2 POC 1,48-201-1039,Harris,pollutant,Styrene,"Hematological, Hepatic, Nervous",2026 YTD,2026-01-01,2026-09-12,0.0,mean ÷ screening level,0.00872,234.75756,5215.0,,0.85212,,,,,2026-09-12
Other Health Risks,Hou.DeerPrk2 POC 1,48-201-1039,Harris,pollutant,Styrene,"Hematological, Hepatic, Nervous",Last 365 Days,2025-09-12,2026-09-12,0.0,mean ÷ screening level,0.00945,234.75756,7559.0,,0.86054,,,,,2026-09-12
Other Health Risks,Hou.DeerPrk2 POC 1,48-201-1039,Harris,pollutant,Styrene,"Hematological, Hepatic, Nervous",Sep 2026,2026-09-01,2026-09-30,0.0,mean of weekly means ÷ screening level,0.00264,234.75756,444.0,3.0,0.88095,,,,,2026-09-12
Other Health Risks,Hou.DeerPrk2 POC 1,48-201-1039,Harris,pollutant,Toluene,"Nervous, Urinary",2023,2023-01-01,2023-12-31,0.0002,mean ÷ screening level,0.33523,1379.85674,7421.0,,0.84715,,,,,2026-09-12
Other Health Risks,Hou.DeerPrk2 POC 1,48-201-1039,Harris,pollutant,Toluene,"Nervous, Urinary",2024,2024-01-01,2024-12-31,0.0003,mean ÷ screening level,0.37522,1379.85674,7109.0,,0.80931,,,,,2026-09-12
Other Health Risks,Hou.DeerPrk2 POC 1,48-201-1039,Harris,pollutant,Toluene,"Nervous, Urinary",2025,2025-01-01,2025-12-31,0.0003,mean ÷ screening level,0.35292,1379.85674,7179.0,,0.81952,,,,,2026-09-12
Other Health Risks,Hou.DeerPrk2 POC 1,48-201-1039,Harris,pollutant,Toluene,"Nervous, Urinary",2026 YTD,2026-01-01,2026-09-12,0.0002,mean ÷ screening level,0.22939,1379.85674,5215.0,,0.85212,,,,,2026-09-12
Other Health Risks,Hou.DeerPrk2 POC 1,48-201-1039,Harris,pollutant,Toluene,"Nervous, Urinary",Last 365 Days,2025-09-12,2026-09-12,0.0002,mean ÷ screening level,0.30515,1379.85674,7603.0,,0.86555,,,,,2026-09-12
Other Health Risks,Hou.DeerPrk2 POC 1,48-201-1039,Harris,pollutant,Toluene,"Nervous, Urinary",Sep 2026,2026-09-01,2026-09-30,0.0002,mean of weekly means ÷ screening level,0.2677,1379.85674,296.0,2.0,0.88095,,,,,2026-09-12
Other Health Risks,Hou.DeerPrk2 POC 1,48-201-1039,Harris,pollutant,n-Hexane,Nervous,2023,2023-01-01,2023-12-31,0.0014,mean ÷ screening level,0.30018,207.10722,7422.0,,0.84726,,,,,2026-09-12
Other Health Risks,Hou.DeerPrk2 POC 1,48-201-1039,Harris,pollutant,n-Hexane,Nervous,2024,2024-01-01,2024-12-31,0.0018,mean ÷ screening level,0.3666,207.10722,7068.0,,0.80464,,,,,2026-09-12
Other Health Risks,Hou.DeerPrk2 POC 1,48-201-1039,Harris,pollutant,n-Hexane,Nervous,2025,2025-01-01,2025-12-31,0.0016,mean ÷ screening level,0.3232,207.10722,7179.0,,0.81952,,,,,2026-09-12
Other Health Risks,Hou.DeerPrk2 POC 1,48-201-1039,Harris,pollutant,n-Hexane,Nervous,2026 YTD,2026-01-01,2026-09-12,0.0009,mean ÷ screening level,0.18938,207.10722,5215.0,,0.85212,,,,,2026-09-12
Other Health Risks,Hou.DeerPrk2 POC 1,48-201-1039,Harris,pollutant,n-Hexane,Nervous,Last 365 Days,2025-09-12,2026-09-12,0.0013,mean ÷ screening level,0.26327,207.10722,7603.0,,0.86555,,,,,2026-09-12
Other Health Risks,Hou.DeerPrk2 POC 1,48-201-1039,Harris,pollutant,n-Hexane,Nervous,Sep 2026,2026-09-01,2026-09-30,0.0013,mean of weekly means ÷ screening level,0.26764,207.10722,148.0,1.0,0.88095,,,,,2026-09-12
Other Health Risks,Hou.DeerPrk2 POC 1,48-201-1039,Harris,pollutant,o-Xylene,Nervous,2023,2023-01-01,2023-12-31,0.0015,mean ÷ screening level,0.03473,23.03,7422.0,,0.84726,,,,,2026-09-12
Other Health Risks,Hou.DeerPrk2 POC 1,48-201-1039,Harris,pollutant,o-Xylene,Nervous,2024,2024-01-01,2024-12-31,0.0018,mean ÷ screening level,0.04094,23.03,7109.0,,0.80931,,,,,2026-09-12
Other Health Risks,Hou.DeerPrk2 POC 1,48-201-1039,Harris,pollutant,o-Xylene,Nervous,2025,2025-01-01,2025-12-31,0.0012,mean ÷ screening level,0.02806,23.03,7135.0,,0.8145,,,,,2026-09-12
Other Health Risks,Hou.DeerPrk2 POC 1,48-201-1039,Harris,pollutant,o-Xylene,Nervous,2026 YTD,2026-01-01,2026-09-12,0.0006,mean ÷ screening level,0.01413,23.03,5215.0,,0.85212,,,,,2026-09-12
Other Health Risks,Hou.DeerPrk2 POC 1,48-201-1039,Harris,pollutant,o-Xylene,Nervous,Last 365 Days,2025-09-12,2026-09-12,0.001,mean ÷ screening level,0.02219,23.03,7559.0,,0.86054,,,,,2026-09-12
Other Health Risks,Hou.DeerPrk2 POC 1,48-201-1039,Harris,pollutant,o-Xylene,Nervous,Sep 2026,2026-09-01,2026-09-30,0.0009,mean of weekly means ÷ screening level,0.02081,23.03,148.0,1.0,0.88095,,,,,2026-09-12
Other Health Risks,Hou.DeerPrk2 POC 1,48-201-1039,Harris,pollutant,p-Xylene + m-Xylene,Nervous,2023,2023-01-01,2023-12-31,0.0064,mean ÷ screening level,0.14703,23.03127,7422.0,,0.84726,,,,,2026-09-12
Other Health Risks,Hou.DeerPrk2 POC 1,48-201-1039,Harris,pollutant,p-Xylene + m-Xylene,Nervous,2024,2024-01-01,2024-12-31,0.0064,mean ÷ screening level,0.14841,23.03127,7109.0,,0.80931,,,,,2026-09-12
Other Health Risks,Hou.DeerPrk2 POC 1,48-201-1039,Harris,pollutant,p-Xylene + m-Xylene,Nervous,2025,2025-01-01,2025-12-31,0.0054,mean ÷ screening level,0.125,23.03127,7135.0,,0.8145,,,,,2026-09-12
Other Health Risks,Hou.DeerPrk2 POC 1,48-201-1039,Harris,pollutant,p-Xylene + m-Xylene,Nervous,2026 YTD,2026-01-01,2026-09-12,0.0039,mean ÷ screening level,0.09019,23.03127,5215.0,,0.85212,,,,,2026-09-12
Other Health Risks,Hou.DeerPrk2 POC 1,48-201-1039,Harris,pollutant,p-Xylene + m-Xylene,Nervous,Last 365 Days,2025-09-12,2026-09-12,0.0049,mean ÷ screening level,0.11334,23.03127,7559.0,,0.86054,,,,,2026-09-12
Other Health Risks,Hou.DeerPrk2 POC 1,48-201-1039,Harris,pollutant,p-Xylene + m-Xylene,Nervous,Sep 2026,2026-09-01,2026-09-30,0.005,mean of weekly means ÷ screening level,0.11446,23.03127,148.0,1.0,0.88095,,,,,2026-09-12
Other Health Risks,Hou.DeerPrk2 POC 1,48-201-1039,Harris,total,Total,,2023,2023-01-01,2023-12-31,0.481,sum of pollutant ratios,,,,,0.84703,,,,,2026-09-12
Other Health Risks,Hou.DeerPrk2 POC 1,48-201-1039,Harris,total,Total,,2024,2024-01-01,2024-12-31,0.1451,sum of pollutant ratios,,,,,0.80464,,,,,2026-09-12
Other Health Risks,Hou.DeerPrk2 POC 1,48-201-1039,Harris,total,Total,,2025,2025-01-01,2025-12-31,0.165,sum of pollutant ratios,,,,,0.76701,,,,,2026-09-12
Other Health Risks,Hou.DeerPrk2 POC 1,48-201-1039,Harris,total,Total,,2026 YTD,2026-01-01,2026-09-12,0.0688,sum of pollutant ratios,,,,,0.85212,,,,,2026-09-12
Other Health Risks,Hou.DeerPrk2 POC 1,48-201-1039,Harris,total,Total,,Last 365 Days,2025-09-12,2026-09-12,0.114,sum of pollutant ratios,,,,,0.80647,,,,,2026-09-12
Other Health Risks,Hou.DeerPrk2 POC 1,48-201-1039,Harris,total,Total,,Sep 2026,2026-09-01,2026-09-30,0.0478,sum of pollutant ratios,,,,,0.88095,,,,,2026-09-12
Other Health Risks,Houston Milby Park A169 [K] POC 2,48-201-0069,Harris,health_effect_total,Ability to have children,Reproductive,2023,2023-01-01,2023-12-31,1.306,sum of pollutant ratios,,,,,0.73733,*,,,,2026-09-12
Other Health Risks,Houston Milby Park A169 [K] POC 2,48-201-0069,Harris,health_effect_total,Ability to have children,Reproductive,2024,2024-01-01,2024-12-31,1.7698,sum of pollutant ratios,,,,,0.73725,*,,,,2026-09-12
Other Health Risks,Houston Milby Park A169 [K] POC 2,48-201-0069,Harris,health_effect_total,Ability to have children,Reproductive,2025,2025-01-01,2025-12-31,1.0289,sum of pollutant ratios,,,,,0.72728,*,,,,2026-09-12
Other Health Risks,Houston Milby Park A169 [K] POC 2,48-201-0069,Harris,health_effect_total,Ability to have children,Reproductive,2026 YTD,2026-01-01,2026-09-12,0.8797,sum of pollutant ratios,,,,,0.84493,,,,,2026-09-12
Other Health Risks,Houston Milby Park A169 [K] POC 2,48-201-0069,Harris,health_effect_total,Ability to have children,Reproductive,Last 365 Days,2025-09-12,2026-09-12,0.944,sum of pollutant ratios,,,,,0.72336,*,,,,2026-09-12
Other Health Risks,Houston Milby Park A169 [K] POC 2,48-201-0069,Harris,health_effect_total,Ability to have children,Reproductive,Sep 2026,2026-09-01,2026-09-30,1.1431,sum of pollutant ratios,,,,,0.90476,,,,,2026-09-12
Other Health Risks,Houston Milby Park A169 [K] POC 2,48-201-0069,Harris,health_effect_total,Blood,Hematological,2023,2023-01-01,2023-12-31,0.01,sum of pollutant ratios,,,,,0.73733,*,,,,2026-09-12
Other Health Risks,Houston Milby Park A169 [K] POC 2,48-201-0069,Harris,health_effect_total,Blood,Hematological,2024,2024-01-01,2024-12-31,0.0111,sum of pollutant ratios,,,,,0.73714,*,,,,2026-09-12
Other Health Risks,Houston Milby Park A169 [K] POC 2,48-201-0069,Harris,health_effect_total,Blood,Hematological,2025,2025-01-01,2025-12-31,0.0105,sum of pollutant ratios,,,,,0.72306,*,,,,2026-09-12
Other Health Risks,Houston Milby Park A169 [K] POC 2,48-201-0069,Harris,health_effect_total,Blood,Hematological,2026 YTD,2026-01-01,2026-09-12,0.0105,sum of pollutant ratios,,,,,0.83072,,,,,2026-09-12
Other Health Risks,Houston Milby Park A169 [K] POC 2,48-201-0069,Harris,health_effect_total,Blood,Hematological,Last 365 Days,2025-09-12,2026-09-12,0.0113,sum of pollutant ratios,,,,,0.70924,*,,,,2026-09-12
Other Health Risks,Houston Milby Park A169 [K] POC 2,48-201-0069,Harris,health_effect_total,Blood,Hematological,Sep 2026,2026-09-01,2026-09-30,0.0142,sum of pollutant ratios,,,,,0.90476,,,,,2026-09-12
Other Health Risks,Houston Milby Park A169 [K] POC 2,48-201-0069,Harris,health_effect_total,Brain and nervous system,Nervous,2023,2023-01-01,2023-12-31,0.0224,sum of pollutant ratios,,,,,0.73733,*,,,,2026-09-12
Other Health Risks,Houston Milby Park A169 [K] POC 2,48-201-0069,Harris,health_effect_total,Brain and nervous system,Nervous,2024,2024-01-01,2024-12-31,0.0252,sum of pollutant ratios,,,,,0.73714,*,,,,2026-09-12
Other Health Risks,Houston Milby Park A169 [K] POC 2,48-201-0069,Harris,health_effect_total,Brain and nervous system,Nervous,2025,2025-01-01,2025-12-31,0.0243,sum of pollutant ratios,,,,,0.72306,*,,,,2026-09-12
Other Health Risks,Houston Milby Park A169 [K] POC 2,48-201-0069,Harris,health_effect_total,Brain and nervous system,Nervous,2026 YTD,2026-01-01,2026-09-12,0.0226,sum of pollutant ratios,,,,,0.83072,,,,,2026-09-12
Other Health Risks,Houston Milby Park A169 [K] POC 2,48-201-0069,Harris,health_effect_total,Brain and nervous system,Nervous,Last 365 Days,2025-09-12,2026-09-12,0.0253,sum of pollutant ratios,,,,,0.70924,*,,,,2026-09-12
Other Health Risks,Houston Milby Park A169 [K] POC 2,48-201-0069,Harris,health_effect_total,Brain and nervous system,Nervous,Sep 2026,2026-09-01,2026-09-30,0.0298,sum of pollutant ratios,,,,,0.90476,,,,,2026-09-12
Other Health Risks,Houston Milby Park A169 [K] POC 2,48-201-0069,Harris,health_effect_total,Growth and development (children's),Developmental,2023,2023-01-01,2023-12-31,0.0051,sum of pollutant ratios,,,,,0.73733,*,,,,2026-09-12
Other Health Risks,Houston Milby Park A169 [K] POC 2,48-201-0069,Harris,health_effect_total,Growth and development (children's),Developmental,2024,2024-01-01,2024-12-31,0.0069,sum of pollutant ratios,,,,,0.73714,*,,,,2026-09-12
Other Health Risks,Houston Milby Park A169 [K] POC 2,48-201-0069,Harris,health_effect_total,Growth and development (children's),Developmental,2025,2025-01-01,2025-12-31,0.0069,sum of pollutant ratios,,,,,0.72306,*,,,,2026-09-12
Other Health Risks,Houston Milby Park A169 [K] POC 2,48-201-0069,Harris,health_effect_total,Growth and development (children's),Developmental,2026 YTD,2026-01-01,2026-09-12,0.007,sum of pollutant ratios,,,,,0.83072,,,,,2026-09-12
Other Health Risks,Houston Milby Park A169 [K] POC 2,48-201-0069,Harris,health_effect_total,Growth and development (children's),Developmental,Last 365 Days,2025-09-12,2026-09-12,0.0076,sum of pollutant ratios,,,,,0.70924,*,,,,2026-09-12
Other Health Risks,Houston Milby Park A169 [K] POC 2,48-201-0069,Harris,health_effect_total,Growth and development (children's),Developmental,Sep 2026,2026-09-01,2026-09-30,0.0097,sum of pollutant ratios,,,,,0.90476,,,,,2026-09-12
Other Health Risks,Houston Milby Park A169 [K] POC 2,48-201-0069,Harris,health_effect_total,Hormone system,Endocrine,2023,2023-01-01,2023-12-31,0.0001,sum of pollutant ratios,,,,,0.73733,*,,,,2026-09-12
Other Health Risks,Houston Milby Park A169 [K] POC 2,48-201-0069,Harris,health_effect_total,Hormone system,Endocrine,2024,2024-01-01,2024-12-31,0.0001,sum of pollutant ratios,,,,,0.73725,*,,,,2026-09-12
Other Health Risks,Houston Milby Park A169 [K] POC 2,48-201-0069,Harris,health_effect_total,Hormone system,Endocrine,2025,2025-01-01,2025-12-31,0.0001,sum of pollutant ratios,,,,,0.72728,*,,,,2026-09-12
Other Health Risks,Houston Milby Park A169 [K] POC 2,48-201-0069,Harris,health_effect_total,Hormone system,Endocrine,2026 YTD,2026-01-01,2026-09-12,0.0,sum of pollutant ratios,,,,,0.84493,,,,,2026-09-12
Other Health Risks,Houston Milby Park A169 [K] POC 2,48-201-0069,Harris,health_effect_total,Hormone system,Endocrine,Last 365 Days,2025-09-12,2026-09-12,0.0001,sum of pollutant ratios,,,,,0.72336,*,,,,2026-09-12
Other Health Risks,Houston Milby Park A169 [K] POC 2,48-201-0069,Harris,health_effect_total,Hormone system,Endocrine,Sep 2026,2026-09-01,2026-09-30,0.0,sum of pollutant ratios,,,,,0.90476,,,,,2026-09-12
Other Health Risks,Houston Milby Park A169 [K] POC 2,48-201-0069,Harris,health_effect_total,Immune system,Immune,2023,2023-01-01,2023-12-31,0.0232,sum of pollutant ratios,,,,,0.73733,*,,,,2026-09-12
Other Health Risks,Houston Milby Park A169 [K] POC 2,48-201-0069,Harris,health_effect_total,Immune system,Immune,2024,2024-01-01,2024-12-31,0.0295,sum of pollutant ratios,,,,,0.73725,*,,,,2026-09-12
Other Health Risks,Houston Milby Park A169 [K] POC 2,48-201-0069,Harris,health_effect_total,Immune system,Immune,2025,2025-01-01,2025-12-31,0.0256,sum of pollutant ratios,,,,,0.72728,*,,,,2026-09-12
Other Health Risks,Houston Milby Park A169 [K] POC 2,48-201-0069,Harris,health_effect_total,Immune system,Immune,2026 YTD,2026-01-01,2026-09-12,0.0179,sum of pollutant ratios,,,,,0.84493,,,,,2026-09-12
Other Health Risks,Houston Milby Park A169 [K] POC 2,48-201-0069,Harris,health_effect_total,Immune system,Immune,Last 365 Days,2025-09-12,2026-09-12,0.0224,sum of pollutant ratios,,,,,0.72336,*,,,,2026-09-12
Other Health Risks,Houston Milby Park A169 [K] POC 2,48-201-0069,Harris,health_effect_total,Immune system,Immune,Sep 2026,2026-09-01,2026-09-30,0.0215,sum of pollutant ratios,,,,,0.90476,,,,,2026-09-12
Other Health Risks,Houston Milby Park A169 [K] POC 2,48-201-0069,Harris,health_effect_total,Kidneys and urinary system,Urinary,2023,2023-01-01,2023-12-31,0.0008,sum of pollutant ratios,,,,,0.73733,*,,,,2026-09-12
Other Health Risks,Houston Milby Park A169 [K] POC 2,48-201-0069,Harris,health_effect_total,Kidneys and urinary system,Urinary,2024,2024-01-01,2024-12-31,0.0008,sum of pollutant ratios,,,,,0.73725,*,,,,2026-09-12
Other Health Risks,Houston Milby Park A169 [K] POC 2,48-201-0069,Harris,health_effect_total,Kidneys and urinary system,Urinary,2025,2025-01-01,2025-12-31,0.0008,sum of pollutant ratios,,,,,0.72728,*,,,,2026-09-12
Other Health Risks,Houston Milby Park A169 [K] POC 2,48-201-0069,Harris,health_effect_total,Kidneys and urinary system,Urinary,2026 YTD,2026-01-01,2026-09-12,0.0007,sum of pollutant ratios,,,,,0.84493,,,,,2026-09-12
Other Health Risks,Houston Milby Park A169 [K] POC 2,48-201-0069,Harris,health_effect_total,Kidneys and urinary system,Urinary,Last 365 Days,2025-09-12,2026-09-12,0.0008,sum of pollutant ratios,,,,,0.72336,*,,,,2026-09-12
Other Health Risks,Houston Milby Park A169 [K] POC 2,48-201-0069,Harris,health_effect_total,Kidneys and urinary system,Urinary,Sep 2026,2026-09-01,2026-09-30,0.0007,sum of pollutant ratios,,,,,0.90476,,,,,2026-09-12
Other Health Risks,Houston Milby Park A169 [K] POC 2,48-201-0069,Harris,health_effect_total,Liver,Hepatic,2023,2023-01-01,2023-12-31,0.0018,sum of pollutant ratios,,,,,0.73733,*,,,,2026-09-12
Other Health Risks,Houston Milby Park A169 [K] POC 2,48-201-0069,Harris,health_effect_total,Liver,Hepatic,2024,2024-01-01,2024-12-31,0.0018,sum of pollutant ratios,,,,,0.73725,*,,,,2026-09-12
Other Health Risks,Houston Milby Park A169 [K] POC 2,48-201-0069,Harris,health_effect_total,Liver,Hepatic,2025,2025-01-01,2025-12-31,0.0022,sum of pollutant ratios,,,,,0.72728,*,,,,2026-09-12
Other Health Risks,Houston Milby Park A169 [K] POC 2,48-201-0069,Harris,health_effect_total,Liver,Hepatic,2026 YTD,2026-01-01,2026-09-12,0.0018,sum of pollutant ratios,,,,,0.84493,,,,,2026-09-12
Other Health Risks,Houston Milby Park A169 [K] POC 2,48-201-0069,Harris,health_effect_total,Liver,Hepatic,Last 365 Days,2025-09-12,2026-09-12,0.002,sum of pollutant ratios,,,,,0.72336,*,,,,2026-09-12
Other Health Risks,Houston Milby Park A169 [K] POC 2,48-201-0069,Harris,health_effect_total,Liver,Hepatic,Sep 2026,2026-09-01,2026-09-30,0.0014,sum of pollutant ratios,,,,,0.90476,,,,,2026-09-12
Other Health Risks,Houston Milby Park A169 [K] POC 2,48-201-0069,Harris,health_effect_total,Lungs & breathing,Respiratory,2023,2023-01-01,2023-12-31,0.0086,sum of pollutant ratios,,,,,0.73733,*,,,,2026-09-12
Other Health Risks,Houston Milby Park A169 [K] POC 2,48-201-0069,Harris,health_effect_total,Lungs & breathing,Respiratory,2024,2024-01-01,2024-12-31,0.0096,sum of pollutant ratios,,,,,0.73714,*,,,,2026-09-12
Other Health Risks,Houston Milby Park A169 [K] POC 2,48-201-0069,Harris,health_effect_total,Lungs & breathing,Respiratory,2025,2025-01-01,2025-12-31,0.0087,sum of pollutant ratios,,,,,0.72306,*,,,,2026-09-12
Other Health Risks,Houston Milby Park A169 [K] POC 2,48-201-0069,Harris,health_effect_total,Lungs & breathing,Respiratory,2026 YTD,2026-01-01,2026-09-12,0.0091,sum of pollutant ratios,,,,,0.83072,,,,,2026-09-12
Other Health Risks,Houston Milby Park A169 [K] POC 2,48-201-0069,Harris,health_effect_total,Lungs & breathing,Respiratory,Last 365 Days,2025-09-12,2026-09-12,0.0097,sum of pollutant ratios,,,,,0.70924,*,,,,2026-09-12
Other Health Risks,Houston Milby Park A169 [K] POC 2,48-201-0069,Harris,health_effect_total,Lungs & breathing,Respiratory,Sep 2026,2026-09-01,2026-09-30,0.0131,sum of pollutant ratios,,,,,0.90476,,,,,2026-09-12
Other Health Risks,Houston Milby Park A169 [K] POC 2,48-201-0069,Harris,pollutant,"1,2,3-Trimethylbenzene","Hematological, Nervous, Respiratory",2023,2023-01-01,2023-12-31,0.005,mean ÷ screening level,0.06411,12.81596,6459.0,,0.73733,*,,,,2026-09-12
Other Health Risks,Houston Milby Park A169 [K] POC 2,48-201-0069,Harris,pollutant,"1,2,3-Trimethylbenzene","Hematological, Nervous, Respiratory",2024,2024-01-01,2024-12-31,0.004,mean ÷ screening level,0.05165,12.81596,6476.0,,0.73725,*,,,,2026-09-12
Other Health Risks,Houston Milby Park A169 [K] POC 2,48-201-0069,Harris,pollutant,"1,2,3-Trimethylbenzene","Hematological, Nervous, Respiratory",2025,2025-01-01,2025-12-31,0.0033,mean ÷ screening level,0.04231,12.81596,6371.0,,0.72728,*,,,,2026-09-12
Other Health Risks,Houston Milby Park A169 [K] POC 2,48-201-0069,Harris,pollutant,"1,2,3-Trimethylbenzene","Hematological, Nervous, Respiratory",2026 YTD,2026-01-01,2026-09-12,0.0033,mean ÷ screening level,0.04208,12.81596,5087.0,,0.83121,,,,,2026-09-12
Other Health Risks,Houston Milby Park A169 [K] POC 2,48-201-0069,Harris,pollutant,"1,2,3-Trimethylbenzene","Hematological, Nervous, Respiratory",Last 365 Days,2025-09-12,2026-09-12,0.0036,mean ÷ screening level,0.04625,12.81596,6270.0,,0.7138,*,,,,2026-09-12
Other Health Risks,Houston Milby Park A169 [K] POC 2,48-201-0069,Harris,pollutant,"1,2,3-Trimethylbenzene","Hematological, Nervous, Respiratory",Sep 2026,2026-09-01,2026-09-30,0.0046,mean of weekly means ÷ screening level,0.05842,12.81596,456.0,3.0,0.90476,,,,,2026-09-12
Other Health Risks,Houston Milby Park A169 [K] POC 2,48-201-0069,Harris,pollutant,"1,2,4-Trimethylbenzene","Hematological, Nervous, Developmental, Respiratory",2023,2023-01-01,2023-12-31,0.0036,mean ÷ screening level,0.04579,12.81596,6459.0,,0.73733,*,,,,2026-09-12
Other Health Risks,Houston Milby Park A169 [K] POC 2,48-201-0069,Harris,pollutant,"1,2,4-Trimethylbenzene","Hematological, Nervous, Developmental, Respiratory",2024,2024-01-01,2024-12-31,0.0056,mean ÷ screening level,0.07136,12.81596,6475.0,,0.73714,*,,,,2026-09-12
Other Health Risks,Houston Milby Park A169 [K] POC 2,48-201-0069,Harris,pollutant,"1,2,4-Trimethylbenzene","Hematological, Nervous, Developmental, Respiratory",2025,2025-01-01,2025-12-31,0.0054,mean ÷ screening level,0.0689,12.81596,6334.0,,0.72306,*,,,,2026-09-12
Other Health Risks,Houston Milby Park A169 [K] POC 2,48-201-0069,Harris,pollutant,"1,2,4-Trimethylbenzene","Hematological, Nervous, Developmental, Respiratory",2026 YTD,2026-01-01,2026-09-12,0.0058,mean ÷ screening level,0.07462,12.81596,5084.0,,0.83072,,,,,2026-09-12
Other Health Risks,Houston Milby Park A169 [K] POC 2,48-201-0069,Harris,pollutant,"1,2,4-Trimethylbenzene","Hematological, Nervous, Developmental, Respiratory",Last 365 Days,2025-09-12,2026-09-12,0.0061,mean ÷ screening level,0.07811,12.81596,6230.0,,0.70924,*,,,,2026-09-12
Other Health Risks,Houston Milby Park A169 [K] POC 2,48-201-0069,Harris,pollutant,"1,2,4-Trimethylbenzene","Hematological, Nervous, Developmental, Respiratory",Sep 2026,2026-09-01,2026-09-30,0.0086,mean of weekly means ÷ screening level,0.10993,12.81596,608.0,4.0,0.90476,,,,,2026-09-12
Other Health Risks,Houston Milby Park A169 [K] POC 2,48-201-0069,Harris,pollutant,"1,3,5-Trimethylbenzene","Developmental, Nervous",2023,2023-01-01,2023-12-31,0.0011,mean ÷ screening level,0.01412,12.81596,6459.0,,0.73733,*,,,,2026-09-12
Other Health Risks,Houston Milby Park A169 [K] POC 2,48-201-0069,Harris,pollutant,"1,3,5-Trimethylbenzene","Developmental, Nervous",2024,2024-01-01,2024-12-31,0.001,mean ÷ screening level,0.01225,12.81596,6476.0,,0.73725,*,,,,2026-09-12
Other Health Risks,Houston Milby Park A169 [K] POC 2,48-201-0069,Harris,pollutant,"1,3,5-Trimethylbenzene","Developmental, Nervous",2025,2025-01-01,2025-12-31,0.0011,mean ÷ screening level,0.01399,12.81596,6371.0,,0.72728,*,,,,2026-09-12
Other Health Risks,Houston Milby Park A169 [K] POC 2,48-201-0069,Harris,pollutant,"1,3,5-Trimethylbenzene","Developmental, Nervous",2026 YTD,2026-01-01,2026-09-12,0.0007,mean ÷ screening level,0.00877,12.81596,5087.0,,0.83121,,,,,2026-09-12
Other Health Risks,Houston Milby Park A169 [K] POC 2,48-201-0069,Harris,pollutant,"1,3,5-Trimethylbenzene","Developmental, Nervous",Last 365 Days,2025-09-12,2026-09-12,0.0009,mean ÷ screening level,0.01195,12.81596,6270.0,,0.7138,*,,,,2026-09-12
Other Health Risks,Houston Milby Park A169 [K] POC 2,48-201-0069,Harris,pollutant,"1,3,5-Trimethylbenzene","Developmental, Nervous",Sep 2026,2026-09-01,2026-09-30,0.0007,mean of weekly means ÷ screening level,0.00875,12.81596,304.0,2.0,0.90476,,,,,2026-09-12
Other Health Risks,Houston Milby Park A169 [K] POC 2,48-201-0069,Harris,pollutant,"1,3-Butadiene",Reproductive,2023,2023-01-01,2023-12-31,1.306,mean ÷ screening level,1.2397,0.94925,6459.0,,0.73733,*,,,,2026-09-12
Other Health Risks,Houston Milby Park A169 [K] POC 2,48-201-0069,Harris,pollutant,"1,3-Butadiene",Reproductive,2024,2024-01-01,2024-12-31,1.7698,mean ÷ screening level,1.68001,0.94925,6476.0,,0.73725,*,,,,2026-09-12
Other Health Risks,Houston Milby Park A169 [K] POC 2,48-201-0069,Harris,pollutant,"1,3-Butadiene",Reproductive,2025,2025-01-01,2025-12-31,1.0289,mean ÷ screening level,0.97669,0.94925,6371.0,,0.72728,*,,,,2026-09-12
Other Health Risks,Houston Milby Park A169 [K] POC 2,48-201-0069,Harris,pollutant,"1,3-Butadiene",Reproductive,2026 YTD,2026-01-01,2026-09-12,0.8797,mean ÷ screening level,0.83509,0.94925,5171.0,,0.84493,,,,,2026-09-12
Other Health Risks,Houston Milby Park A169 [K] POC 2,48-201-0069,Harris,pollutant,"1,3-Butadiene",Reproductive,Last 365 Days,2025-09-12,2026-09-12,0.944,mean ÷ screening level,0.89612,0.94925,6354.0,,0.72336,*,,,,2026-09-12
Other Health Risks,Houston Milby Park A169 [K] POC 2,48-201-0069,Harris,pollutant,"1,3-Butadiene",Reproductive,Sep 2026,2026-09-01,2026-09-30,1.1431,mean of weekly means ÷ screening level,1.08513,0.94925,152.0,1.0,0.90476,,,,,2026-09-12
Other Health Risks,Houston Milby Park A169 [K] POC 2,48-201-0069,Harris,pollutant,Benzene,Immune,2023,2023-01-01,2023-12-31,0.0232,mean ÷ screening level,0.22521,9.70362,6459.0,,0.73733,*,,,,2026-09-12
Other Health Risks,Houston Milby Park A169 [K] POC 2,48-201-0069,Harris,pollutant,Benzene,Immune,2024,2024-01-01,2024-12-31,0.0295,mean ÷ screening level,0.28658,9.70362,6476.0,,0.73725,*,,,,2026-09-12
Other Health Risks,Houston Milby Park A169 [K] POC 2,48-201-0069,Harris,pollutant,Benzene,Immune,2025,2025-01-01,2025-12-31,0.0256,mean ÷ screening level,0.24844,9.70362,6371.0,,0.72728,*,,,,2026-09-12
Other Health Risks,Houston Milby Park A169 [K] POC 2,48-201-0069,Harris,pollutant,Benzene,Immune,2026 YTD,2026-01-01,2026-09-12,0.0179,mean ÷ screening level,0.17412,9.70362,5171.0,,0.84493,,,,,2026-09-12
Other Health Risks,Houston Milby Park A169 [K] POC 2,48-201-0069,Harris,pollutant,Benzene,Immune,Last 365 Days,2025-09-12,2026-09-12,0.0224,mean ÷ screening level,0.2172,9.70362,6354.0,,0.72336,*,,,,2026-09-12
Other Health Risks,Houston Milby Park A169 [K] POC 2,48-201-0069,Harris,pollutant,Benzene,Immune,Sep 2026,2026-09-01,2026-09-30,0.0215,mean of weekly means ÷ screening level,0.20888,9.70362,152.0,1.0,0.90476,,,,,2026-09-12
Other Health Risks,Houston Milby Park A169 [K] POC 2,48-201-0069,Harris,pollutant,Cyclohexane,Developmental,2023,2023-01-01,2023-12-31,0.0001,mean ÷ screening level,0.14231,1830.26,6459.0,,0.73733,*,,,,2026-09-12
Other Health Risks,Houston Milby Park A169 [K] POC 2,48-201-0069,Harris,pollutant,Cyclohexane,Developmental,2024,2024-01-01,2024-12-31,0.0001,mean ÷ screening level,0.16378,1830.26,6476.0,,0.73725,*,,,,2026-09-12
Other Health Risks,Houston Milby Park A169 [K] POC 2,48-201-0069,Harris,pollutant,Cyclohexane,Developmental,2025,2025-01-01,2025-12-31,0.0001,mean ÷ screening level,0.1735,1830.26,6371.0,,0.72728,*,,,,2026-09-12
Other Health Risks,Houston Milby Park A169 [K] POC 2,48-201-0069,Harris,pollutant,Cyclohexane,Developmental,2026 YTD,2026-01-01,2026-09-12,0.0001,mean ÷ screening level,0.11281,1830.26,5171.0,,0.84493,,,,,2026-09-12
Other Health Risks,Houston Milby Park A169 [K] POC 2,48-201-0069,Harris,pollutant,Cyclohexane,Developmental,Last 365 Days,2025-09-12,2026-09-12,0.0001,mean ÷ screening level,0.15386,1830.26,6354.0,,0.72336,*,,,,2026-09-12
Other Health Risks,Houston Milby Park A169 [K] POC 2,48-201-0069,Harris,pollutant,Cyclohexane,Developmental,Sep 2026,2026-09-01,2026-09-30,0.0001,mean of weekly means ÷ screening level,0.20033,1830.26,152.0,1.0,0.90476,,,,,2026-09-12
Other Health Risks,Houston Milby Park A169 [K] POC 2,48-201-0069,Harris,pollutant,Ethyl Benzene,"Developmental, Hepatic, Urinary",2023,2023-01-01,2023-12-31,0.0004,mean ÷ screening level,0.08569,230.29755,6459.0,,0.73733,*,,,,2026-09-12
Other Health Risks,Houston Milby Park A169 [K] POC 2,48-201-0069,Harris,pollutant,Ethyl Benzene,"Developmental, Hepatic, Urinary",2024,2024-01-01,2024-12-31,0.0003,mean ÷ screening level,0.07555,230.29755,6476.0,,0.73725,*,,,,2026-09-12
Other Health Risks,Houston Milby Park A169 [K] POC 2,48-201-0069,Harris,pollutant,Ethyl Benzene,"Developmental, Hepatic, Urinary",2025,2025-01-01,2025-12-31,0.0004,mean ÷ screening level,0.08866,230.29755,6371.0,,0.72728,*,,,,2026-09-12
Other Health Risks,Houston Milby Park A169 [K] POC 2,48-201-0069,Harris,pollutant,Ethyl Benzene,"Developmental, Hepatic, Urinary",2026 YTD,2026-01-01,2026-09-12,0.0004,mean ÷ screening level,0.09384,230.29755,5171.0,,0.84493,,,,,2026-09-12
Other Health Risks,Houston Milby Park A169 [K] POC 2,48-201-0069,Harris,pollutant,Ethyl Benzene,"Developmental, Hepatic, Urinary",Last 365 Days,2025-09-12,2026-09-12,0.0005,mean ÷ screening level,0.10666,230.29755,6354.0,,0.72336,*,,,,2026-09-12
Other Health Risks,Houston Milby Park A169 [K] POC 2,48-201-0069,Harris,pollutant,Ethyl Benzene,"Developmental, Hepatic, Urinary",Sep 2026,2026-09-01,2026-09-30,0.0004,mean of weekly means ÷ screening level,0.08684,230.29755,456.0,3.0,0.90476,,,,,2026-09-12
Other Health Risks,Houston Milby Park A169 [K] POC 2,48-201-0069,Harris,pollutant,Isopropyl Benzene - Cumene,"Endocrine, Urinary",2023,2023-01-01,2023-12-31,0.0001,mean ÷ screening level,0.01207,85.43972,6459.0,,0.73733,*,,,,2026-09-12
Other Health Risks,Houston Milby Park A169 [K] POC 2,48-201-0069,Harris,pollutant,Isopropyl Benzene - Cumene,"Endocrine, Urinary",2024,2024-01-01,2024-12-31,0.0001,mean ÷ screening level,0.0095,85.43972,6476.0,,0.73725,*,,,,2026-09-12
Other Health Risks,Houston Milby Park A169 [K] POC 2,48-201-0069,Harris,pollutant,Isopropyl Benzene - Cumene,"Endocrine, Urinary",2025,2025-01-01,2025-12-31,0.0001,mean ÷ screening level,0.00966,85.43972,6371.0,,0.72728,*,,,,2026-09-12
Other Health Risks,Houston Milby Park A169 [K] POC 2,48-201-0069,Harris,pollutant,Isopropyl Benzene - Cumene,"Endocrine, Urinary",2026 YTD,2026-01-01,2026-09-12,0.0,mean ÷ screening level,0.00367,85.43972,5171.0,,0.84493,,,,,2026-09-12
Other Health Risks,Houston Milby Park A169 [K] POC 2,48-201-0069,Harris,pollutant,Isopropyl Benzene - Cumene,"Endocrine, Urinary",Last 365 Days,2025-09-12,2026-09-12,0.0001,mean ÷ screening level,0.00647,85.43972,6354.0,,0.72336,*,,,,2026-09-12
Other Health Risks,Houston Milby Park A169 [K] POC 2,48-201-0069,Harris,pollutant,Isopropyl Benzene - Cumene,"Endocrine, Urinary",Sep 2026,2026-09-01,2026-09-30,0.0,mean of weekly means ÷ screening level,0.00329,85.43972,304.0,2.0,0.90476,,,,,2026-09-12
Other Health Risks,Houston Milby Park A169 [K] POC 2,48-201-0069,Harris,pollutant,Styrene,"Hematological, Hepatic, Nervous",2023,2023-01-01,2023-12-31,0.0015,mean ÷ screening level,0.34507,234.75756,6459.0,,0.73733,*,,,,2026-09-12
Other Health Risks,Houston Milby Park A169 [K] POC 2,48-201-0069,Harris,pollutant,Styrene,"Hematological, Hepatic, Nervous",2024,2024-01-01,2024-12-31,0.0015,mean ÷ screening level,0.34872,234.75756,6476.0,,0.73725,*,,,,2026-09-12
Other Health Risks,Houston Milby Park A169 [K] POC 2,48-201-0069,Harris,pollutant,Styrene,"Hematological, Hepatic, Nervous",2025,2025-01-01,2025-12-31,0.0018,mean ÷ screening level,0.42774,234.75756,6371.0,,0.72728,*,,,,2026-09-12
Other Health Risks,Houston Milby Park A169 [K] POC 2,48-201-0069,Harris,pollutant,Styrene,"Hematological, Hepatic, Nervous",2026 YTD,2026-01-01,2026-09-12,0.0014,mean ÷ screening level,0.3285,234.75756,5171.0,,0.84493,,,,,2026-09-12
Other Health Risks,Houston Milby Park A169 [K] POC 2,48-201-0069,Harris,pollutant,Styrene,"Hematological, Hepatic, Nervous",Last 365 Days,2025-09-12,2026-09-12,0.0016,mean ÷ screening level,0.3665,234.75756,6354.0,,0.72336,*,,,,2026-09-12
Other Health Risks,Houston Milby Park A169 [K] POC 2,48-201-0069,Harris,pollutant,Styrene,"Hematological, Hepatic, Nervous",Sep 2026,2026-09-01,2026-09-30,0.001,mean of weekly means ÷ screening level,0.24079,234.75756,456.0,3.0,0.90476,,,,,2026-09-12
Other Health Risks,Houston Milby Park A169 [K] POC 2,48-201-0069,Harris,pollutant,Toluene,"Nervous, Urinary",2023,2023-01-01,2023-12-31,0.0003,mean ÷ screening level,0.39204,1379.85674,6459.0,,0.73733,*,,,,2026-09-12
Other Health Risks,Houston Milby Park A169 [K] POC 2,48-201-0069,Harris,pollutant,Toluene,"Nervous, Urinary",2024,2024-01-01,2024-12-31,0.0004,mean ÷ screening level,0.50235,1379.85674,6476.0,,0.73725,*,,,,2026-09-12
Other Health Risks,Houston Milby Park A169 [K] POC 2,48-201-0069,Harris,pollutant,Toluene,"Nervous, Urinary",2025,2025-01-01,2025-12-31,0.0003,mean ÷ screening level,0.43487,1379.85674,6371.0,,0.72728,*,,,,2026-09-12
Other Health Risks,Houston Milby Park A169 [K] POC 2,48-201-0069,Harris,pollutant,Toluene,"Nervous, Urinary",2026 YTD,2026-01-01,2026-09-12,0.0002,mean ÷ screening level,0.3217,1379.85674,5171.0,,0.84493,,,,,2026-09-12
Other Health Risks,Houston Milby Park A169 [K] POC 2,48-201-0069,Harris,pollutant,Toluene,"Nervous, Urinary",Last 365 Days,2025-09-12,2026-09-12,0.0003,mean ÷ screening level,0.37788,1379.85674,6354.0,,0.72336,*,,,,2026-09-12
Other Health Risks,Houston Milby Park A169 [K] POC 2,48-201-0069,Harris,pollutant,Toluene,"Nervous, Urinary",Sep 2026,2026-09-01,2026-09-30,0.0003,mean of weekly means ÷ screening level,0.41184,1379.85674,304.0,2.0,0.90476,,,,,2026-09-12
Other Health Risks,Houston Milby Park A169 [K] POC 2,48-201-0069,Harris,pollutant,n-Hexane,Nervous,2023,2023-01-01,2023-12-31,0.0022,mean ÷ screening level,0.46469,207.10722,6459.0,,0.73733,*,,,,2026-09-12
Other Health Risks,Houston Milby Park A169 [K] POC 2,48-201-0069,Harris,pollutant,n-Hexane,Nervous,2024,2024-01-01,2024-12-31,0.0022,mean ÷ screening level,0.45646,207.10722,6476.0,,0.73725,*,,,,2026-09-12
Other Health Risks,Houston Milby Park A169 [K] POC 2,48-201-0069,Harris,pollutant,n-Hexane,Nervous,2025,2025-01-01,2025-12-31,0.0023,mean ÷ screening level,0.47464,207.10722,6371.0,,0.72728,*,,,,2026-09-12
Other Health Risks,Houston Milby Park A169 [K] POC 2,48-201-0069,Harris,pollutant,n-Hexane,Nervous,2026 YTD,2026-01-01,2026-09-12,0.0017,mean ÷ screening level,0.36218,207.10722,5171.0,,0.84493,,,,,2026-09-12
Other Health Risks,Houston Milby Park A169 [K] POC 2,48-201-0069,Harris,pollutant,n-Hexane,Nervous,Last 365 Days,2025-09-12,2026-09-12,0.0022,mean ÷ screening level,0.46452,207.10722,6354.0,,0.72336,*,,,,2026-09-12
Other Health Risks,Houston Milby Park A169 [K] POC 2,48-201-0069,Harris,pollutant,n-Hexane,Nervous,Sep 2026,2026-09-01,2026-09-30,0.0027,mean of weekly means ÷ screening level,0.55158,207.10722,152.0,1.0,0.90476,,,,,2026-09-12
Other Health Risks,Houston Milby Park A169 [K] POC 2,48-201-0069,Harris,pollutant,o-Xylene,Nervous,2023,2023-01-01,2023-12-31,0.0021,mean ÷ screening level,0.04922,23.03,6459.0,,0.73733,*,,,,2026-09-12
Other Health Risks,Houston Milby Park A169 [K] POC 2,48-201-0069,Harris,pollutant,o-Xylene,Nervous,2024,2024-01-01,2024-12-31,0.0025,mean ÷ screening level,0.05735,23.03,6476.0,,0.73725,*,,,,2026-09-12
Other Health Risks,Houston Milby Park A169 [K] POC 2,48-201-0069,Harris,pollutant,o-Xylene,Nervous,2025,2025-01-01,2025-12-31,0.0025,mean ÷ screening level,0.05708,23.03,6371.0,,0.72728,*,,,,2026-09-12
Other Health Risks,Houston Milby Park A169 [K] POC 2,48-201-0069,Harris,pollutant,o-Xylene,Nervous,2026 YTD,2026-01-01,2026-09-12,0.0019,mean ÷ screening level,0.04281,23.03,5171.0,,0.84493,,,,,2026-09-12
Other Health Risks,Houston Milby Park A169 [K] POC 2,48-201-0069,Harris,pollutant,o-Xylene,Nervous,Last 365 Days,2025-09-12,2026-09-12,0.0022,mean ÷ screening level,0.05163,23.03,6354.0,,0.72336,*,,,,2026-09-12
Other Health Risks,Houston Milby Park A169 [K] POC 2,48-201-0069,Harris,pollutant,o-Xylene,Nervous,Sep 2026,2026-09-01,2026-09-30,0.0027,mean of weekly means ÷ screening level,0.06257,23.03,152.0,1.0,0.90476,,,,,2026-09-12
Other Health Risks,Houston Milby Park A169 [K] POC 2,48-201-0069,Harris,pollutant,p-Xylene + m-Xylene,Nervous,2023,2023-01-01,2023-12-31,0.0065,mean ÷ screening level,0.1506,23.03127,6459.0,,0.73733,*,,,,2026-09-12
Other Health Risks,Houston Milby Park A169 [K] POC 2,48-201-0069,Harris,pollutant,p-Xylene + m-Xylene,Nervous,2024,2024-01-01,2024-12-31,0.0081,mean ÷ screening level,0.18616,23.03127,6476.0,,0.73725,*,,,,2026-09-12
Other Health Risks,Houston Milby Park A169 [K] POC 2,48-201-0069,Harris,pollutant,p-Xylene + m-Xylene,Nervous,2025,2025-01-01,2025-12-31,0.0076,mean ÷ screening level,0.17573,23.03127,6371.0,,0.72728,*,,,,2026-09-12
Other Health Risks,Houston Milby Park A169 [K] POC 2,48-201-0069,Harris,pollutant,p-Xylene + m-Xylene,Nervous,2026 YTD,2026-01-01,2026-09-12,0.0076,mean ÷ screening level,0.17543,23.03127,5171.0,,0.84493,,,,,2026-09-12
Other Health Risks,Houston Milby Park A169 [K] POC 2,48-201-0069,Harris,pollutant,p-Xylene + m-Xylene,Nervous,Last 365 Days,2025-09-12,2026-09-12,0.0084,mean ÷ screening level,0.19299,23.03127,6354.0,,0.72336,*,,,,2026-09-12
Other Health Risks,Houston Milby Park A169 [K] POC 2,48-201-0069,Harris,pollutant,p-Xylene + m-Xylene,Nervous,Sep 2026,2026-09-01,2026-09-30,0.0092,mean of weekly means ÷ screening level,0.21257,23.03127,152.0,1.0,0.90476,,,,,2026-09-12
Other Health Risks,Houston Milby Park A169 [K] POC 2,48-201-0069,Harris,total,Total,,2023,2023-01-01,2023-12-31,1.3521,sum of pollutant ratios,,,,,0.73733,*,,,,2026-09-12
Other Health Risks,Houston Milby Park A169 [K] POC 2,48-201-0069,Harris,total,Total,,2024,2024-01-01,2024-12-31,1.8251,sum of pollutant ratios,,,,,0.73714,*,,,,2026-09-12
Other Health Risks,Houston Milby Park A169 [K] POC 2,48-201-0069,Harris,total,Total,,2025,2025-01-01,2025-12-31,1.0794,sum of pollutant ratios,,,,,0.72306,*,,,,2026-09-12
Other Health Risks,Houston Milby Park A169 [K] POC 2,48-201-0069,Harris,total,Total,,2026 YTD,2026-01-01,2026-09-12,0.9208,sum of pollutant ratios,,,,,0.83072,,,,,2026-09-12
Other Health Risks,Houston Milby Park A169 [K] POC 2,48-201-0069,Harris,total,Total,,Last 365 Days,2025-09-12,2026-09-12,0.9924,sum of pollutant ratios,,,,,0.70924,*,,,,2026-09-12
Other Health Risks,Houston Milby Park A169 [K] POC 2,48-201-0069,Harris,total,Total,,Sep 2026,2026-09-01,2026-09-30,1.1949,sum of pollutant ratios,,,,,0.90476,,,,,2026-09-12
Other Health Risks,Lynchburg Ferry [23] POC 2,48-201-1015,Harris,health_effect_total,Ability to have children,Reproductive,2023,2023-01-01,2023-12-31,0.1505,sum of pollutant ratios,,,,,0.79384,,,,,2026-09-12
Other Health Risks,Lynchburg Ferry [23] POC 2,48-201-1015,Harris,health_effect_total,Ability to have children,Reproductive,2024,2024-01-01,2024-12-31,0.1229,sum of pollutant ratios,,,,,0.63468,*,,,,2026-09-12
Other Health Risks,Lynchburg Ferry [23] POC 2,48-201-1015,Harris,health_effect_total,Ability to have children,Reproductive,2025,2025-01-01,2025-12-31,0.2704,sum of pollutant ratios,,,,,0.78025,,,,,2026-09-12
Other Health Risks,Lynchburg Ferry [23] POC 2,48-201-1015,Harris,health_effect_total,Ability to have children,Reproductive,2026 YTD,2026-01-01,2026-09-12,0.1938,sum of pollutant ratios,,,,,0.7884,,,,,2026-09-12
Other Health Risks,Lynchburg Ferry [23] POC 2,48-201-1015,Harris,health_effect_total,Ability to have children,Reproductive,Last 365 Days,2025-09-12,2026-09-12,0.2349,sum of pollutant ratios,,,,,0.79315,,,,,2026-09-12
Other Health Risks,Lynchburg Ferry [23] POC 2,48-201-1015,Harris,health_effect_total,Ability to have children,Reproductive,Sep 2026,2026-09-01,2026-09-30,0.3892,sum of pollutant ratios,,,,,0.875,,,,,2026-09-12
Other Health Risks,Lynchburg Ferry [23] POC 2,48-201-1015,Harris,health_effect_total,Blood,Hematological,2023,2023-01-01,2023-12-31,0.0061,sum of pollutant ratios,,,,,0.79349,,,,,2026-09-12
Other Health Risks,Lynchburg Ferry [23] POC 2,48-201-1015,Harris,health_effect_total,Blood,Hematological,2024,2024-01-01,2024-12-31,0.0059,sum of pollutant ratios,,,,,0.63012,*,,,,2026-09-12
Other Health Risks,Lynchburg Ferry [23] POC 2,48-201-1015,Harris,health_effect_total,Blood,Hematological,2025,2025-01-01,2025-12-31,0.0057,sum of pollutant ratios,,,,,0.73242,*,,,,2026-09-12
Other Health Risks,Lynchburg Ferry [23] POC 2,48-201-1015,Harris,health_effect_total,Blood,Hematological,2026 YTD,2026-01-01,2026-09-12,0.0067,sum of pollutant ratios,,,,,0.62271,*,,,,2026-09-12
Other Health Risks,Lynchburg Ferry [23] POC 2,48-201-1015,Harris,health_effect_total,Blood,Hematological,Last 365 Days,2025-09-12,2026-09-12,0.0049,sum of pollutant ratios,,,,,0.76901,,,,,2026-09-12
Other Health Risks,Lynchburg Ferry [23] POC 2,48-201-1015,Harris,health_effect_total,Blood,Hematological,Sep 2026,2026-09-01,2026-09-30,0.0115,sum of pollutant ratios,,,,,0.875,,,,,2026-09-12
Other Health Risks,Lynchburg Ferry [23] POC 2,48-201-1015,Harris,health_effect_total,Brain and nervous system,Nervous,2023,2023-01-01,2023-12-31,0.0271,sum of pollutant ratios,,,,,0.7871,,,,,2026-09-12
Other Health Risks,Lynchburg Ferry [23] POC 2,48-201-1015,Harris,health_effect_total,Brain and nervous system,Nervous,2024,2024-01-01,2024-12-31,0.0269,sum of pollutant ratios,,,,,0.62067,*,,,,2026-09-12
Other Health Risks,Lynchburg Ferry [23] POC 2,48-201-1015,Harris,health_effect_total,Brain and nervous system,Nervous,2025,2025-01-01,2025-12-31,0.0231,sum of pollutant ratios,,,,,0.73242,*,,,,2026-09-12
Other Health Risks,Lynchburg Ferry [23] POC 2,48-201-1015,Harris,health_effect_total,Brain and nervous system,Nervous,2026 YTD,2026-01-01,2026-09-12,0.0196,sum of pollutant ratios,,,,,0.62271,*,,,,2026-09-12
Other Health Risks,Lynchburg Ferry [23] POC 2,48-201-1015,Harris,health_effect_total,Brain and nervous system,Nervous,Last 365 Days,2025-09-12,2026-09-12,0.0188,sum of pollutant ratios,,,,,0.76901,,,,,2026-09-12
Other Health Risks,Lynchburg Ferry [23] POC 2,48-201-1015,Harris,health_effect_total,Brain and nervous system,Nervous,Sep 2026,2026-09-01,2026-09-30,0.0313,sum of pollutant ratios,,,,,0.875,,,,,2026-09-12
Other Health Risks,Lynchburg Ferry [23] POC 2,48-201-1015,Harris,health_effect_total,Growth and development (children's),Developmental,2023,2023-01-01,2023-12-31,0.0083,sum of pollutant ratios,,,,,0.79338,,,,,2026-09-12
Other Health Risks,Lynchburg Ferry [23] POC 2,48-201-1015,Harris,health_effect_total,Growth and development (children's),Developmental,2024,2024-01-01,2024-12-31,0.0085,sum of pollutant ratios,,,,,0.63012,*,,,,2026-09-12
Other Health Risks,Lynchburg Ferry [23] POC 2,48-201-1015,Harris,health_effect_total,Growth and development (children's),Developmental,2025,2025-01-01,2025-12-31,0.0078,sum of pollutant ratios,,,,,0.73242,*,,,,2026-09-12
Other Health Risks,Lynchburg Ferry [23] POC 2,48-201-1015,Harris,health_effect_total,Growth and development (children's),Developmental,2026 YTD,2026-01-01,2026-09-12,0.0065,sum of pollutant ratios,,,,,0.77843,,,,,2026-09-12
Other Health Risks,Lynchburg Ferry [23] POC 2,48-201-1015,Harris,health_effect_total,Growth and development (children's),Developmental,Last 365 Days,2025-09-12,2026-09-12,0.007,sum of pollutant ratios,,,,,0.76901,,,,,2026-09-12
Other Health Risks,Lynchburg Ferry [23] POC 2,48-201-1015,Harris,health_effect_total,Growth and development (children's),Developmental,Sep 2026,2026-09-01,2026-09-30,0.0106,sum of pollutant ratios,,,,,0.875,,,,,2026-09-12
Other Health Risks,Lynchburg Ferry [23] POC 2,48-201-1015,Harris,health_effect_total,Hormone system,Endocrine,2023,2023-01-01,2023-12-31,0.0002,sum of pollutant ratios,,,,,0.79429,,,,,2026-09-12
Other Health Risks,Lynchburg Ferry [23] POC 2,48-201-1015,Harris,health_effect_total,Hormone system,Endocrine,2024,2024-01-01,2024-12-31,0.0002,sum of pollutant ratios,,,,,0.63479,*,,,,2026-09-12
Other Health Risks,Lynchburg Ferry [23] POC 2,48-201-1015,Harris,health_effect_total,Hormone system,Endocrine,2025,2025-01-01,2025-12-31,0.0001,sum of pollutant ratios,,,,,0.76324,,,,,2026-09-12
Other Health Risks,Lynchburg Ferry [23] POC 2,48-201-1015,Harris,health_effect_total,Hormone system,Endocrine,2026 YTD,2026-01-01,2026-09-12,0.0001,sum of pollutant ratios,,,,,0.7884,,,,,2026-09-12
Other Health Risks,Lynchburg Ferry [23] POC 2,48-201-1015,Harris,health_effect_total,Hormone system,Endocrine,Last 365 Days,2025-09-12,2026-09-12,0.0001,sum of pollutant ratios,,,,,0.77607,,,,,2026-09-12
Other Health Risks,Lynchburg Ferry [23] POC 2,48-201-1015,Harris,health_effect_total,Hormone system,Endocrine,Sep 2026,2026-09-01,2026-09-30,0.001,sum of pollutant ratios,,,,,0.875,,,,,2026-09-12
Other Health Risks,Lynchburg Ferry [23] POC 2,48-201-1015,Harris,health_effect_total,Immune system,Immune,2023,2023-01-01,2023-12-31,0.088,sum of pollutant ratios,,,,,0.79429,,,,,2026-09-12
Other Health Risks,Lynchburg Ferry [23] POC 2,48-201-1015,Harris,health_effect_total,Immune system,Immune,2024,2024-01-01,2024-12-31,0.0725,sum of pollutant ratios,,,,,0.63479,*,,,,2026-09-12
Other Health Risks,Lynchburg Ferry [23] POC 2,48-201-1015,Harris,health_effect_total,Immune system,Immune,2025,2025-01-01,2025-12-31,0.0641,sum of pollutant ratios,,,,,0.76233,,,,,2026-09-12
Other Health Risks,Lynchburg Ferry [23] POC 2,48-201-1015,Harris,health_effect_total,Immune system,Immune,2026 YTD,2026-01-01,2026-09-12,0.0758,sum of pollutant ratios,,,,,0.7884,,,,,2026-09-12
Other Health Risks,Lynchburg Ferry [23] POC 2,48-201-1015,Harris,health_effect_total,Immune system,Immune,Last 365 Days,2025-09-12,2026-09-12,0.0697,sum of pollutant ratios,,,,,0.77516,,,,,2026-09-12
Other Health Risks,Lynchburg Ferry [23] POC 2,48-201-1015,Harris,health_effect_total,Immune system,Immune,Sep 2026,2026-09-01,2026-09-30,0.1564,sum of pollutant ratios,,,,,0.875,,,,,2026-09-12
Other Health Risks,Lynchburg Ferry [23] POC 2,48-201-1015,Harris,health_effect_total,Kidneys and urinary system,Urinary,2023,2023-01-01,2023-12-31,0.0009,sum of pollutant ratios,,,,,0.79429,,,,,2026-09-12
Other Health Risks,Lynchburg Ferry [23] POC 2,48-201-1015,Harris,health_effect_total,Kidneys and urinary system,Urinary,2024,2024-01-01,2024-12-31,0.0009,sum of pollutant ratios,,,,,0.63479,*,,,,2026-09-12
Other Health Risks,Lynchburg Ferry [23] POC 2,48-201-1015,Harris,health_effect_total,Kidneys and urinary system,Urinary,2025,2025-01-01,2025-12-31,0.0008,sum of pollutant ratios,,,,,0.76324,,,,,2026-09-12
Other Health Risks,Lynchburg Ferry [23] POC 2,48-201-1015,Harris,health_effect_total,Kidneys and urinary system,Urinary,2026 YTD,2026-01-01,2026-09-12,0.0007,sum of pollutant ratios,,,,,0.7884,,,,,2026-09-12
Other Health Risks,Lynchburg Ferry [23] POC 2,48-201-1015,Harris,health_effect_total,Kidneys and urinary system,Urinary,Last 365 Days,2025-09-12,2026-09-12,0.0007,sum of pollutant ratios,,,,,0.77607,,,,,2026-09-12
Other Health Risks,Lynchburg Ferry [23] POC 2,48-201-1015,Harris,health_effect_total,Kidneys and urinary system,Urinary,Sep 2026,2026-09-01,2026-09-30,0.0017,sum of pollutant ratios,,,,,0.875,,,,,2026-09-12
Other Health Risks,Lynchburg Ferry [23] POC 2,48-201-1015,Harris,health_effect_total,Liver,Hepatic,2023,2023-01-01,2023-12-31,0.0009,sum of pollutant ratios,,,,,0.79406,,,,,2026-09-12
Other Health Risks,Lynchburg Ferry [23] POC 2,48-201-1015,Harris,health_effect_total,Liver,Hepatic,2024,2024-01-01,2024-12-31,0.0007,sum of pollutant ratios,,,,,0.63479,*,,,,2026-09-12
Other Health Risks,Lynchburg Ferry [23] POC 2,48-201-1015,Harris,health_effect_total,Liver,Hepatic,2025,2025-01-01,2025-12-31,0.0007,sum of pollutant ratios,,,,,0.76324,,,,,2026-09-12
Other Health Risks,Lynchburg Ferry [23] POC 2,48-201-1015,Harris,health_effect_total,Liver,Hepatic,2026 YTD,2026-01-01,2026-09-12,0.0005,sum of pollutant ratios,,,,,0.7884,,,,,2026-09-12
Other Health Risks,Lynchburg Ferry [23] POC 2,48-201-1015,Harris,health_effect_total,Liver,Hepatic,Last 365 Days,2025-09-12,2026-09-12,0.0006,sum of pollutant ratios,,,,,0.77607,,,,,2026-09-12
Other Health Risks,Lynchburg Ferry [23] POC 2,48-201-1015,Harris,health_effect_total,Liver,Hepatic,Sep 2026,2026-09-01,2026-09-30,0.0006,sum of pollutant ratios,,,,,0.875,,,,,2026-09-12
Other Health Risks,Lynchburg Ferry [23] POC 2,48-201-1015,Harris,health_effect_total,Lungs & breathing,Respiratory,2023,2023-01-01,2023-12-31,0.0056,sum of pollutant ratios,,,,,0.79349,,,,,2026-09-12
Other Health Risks,Lynchburg Ferry [23] POC 2,48-201-1015,Harris,health_effect_total,Lungs & breathing,Respiratory,2024,2024-01-01,2024-12-31,0.0055,sum of pollutant ratios,,,,,0.63012,*,,,,2026-09-12
Other Health Risks,Lynchburg Ferry [23] POC 2,48-201-1015,Harris,health_effect_total,Lungs & breathing,Respiratory,2025,2025-01-01,2025-12-31,0.0053,sum of pollutant ratios,,,,,0.73242,*,,,,2026-09-12
Other Health Risks,Lynchburg Ferry [23] POC 2,48-201-1015,Harris,health_effect_total,Lungs & breathing,Respiratory,2026 YTD,2026-01-01,2026-09-12,0.0065,sum of pollutant ratios,,,,,0.62271,*,,,,2026-09-12
Other Health Risks,Lynchburg Ferry [23] POC 2,48-201-1015,Harris,health_effect_total,Lungs & breathing,Respiratory,Last 365 Days,2025-09-12,2026-09-12,0.0047,sum of pollutant ratios,,,,,0.76901,,,,,2026-09-12
Other Health Risks,Lynchburg Ferry [23] POC 2,48-201-1015,Harris,health_effect_total,Lungs & breathing,Respiratory,Sep 2026,2026-09-01,2026-09-30,0.0112,sum of pollutant ratios,,,,,0.875,,,,,2026-09-12
Other Health Risks,Lynchburg Ferry [23] POC 2,48-201-1015,Harris,pollutant,"1,2,3-Trimethylbenzene","Hematological, Nervous, Respiratory",2023,2023-01-01,2023-12-31,,mean ÷ screening level,,,,,,,,,,2026-09-12
Other Health Risks,Lynchburg Ferry [23] POC 2,48-201-1015,Harris,pollutant,"1,2,3-Trimethylbenzene","Hematological, Nervous, Respiratory",2024,2024-01-01,2024-12-31,,mean ÷ screening level,,,,,,,,,,2026-09-12
Other Health Risks,Lynchburg Ferry [23] POC 2,48-201-1015,Harris,pollutant,"1,2,3-Trimethylbenzene","Hematological, Nervous, Respiratory",2025,2025-01-01,2025-12-31,,mean ÷ screening level,,,,,,,,,,2026-09-12
Other Health Risks,Lynchburg Ferry [23] POC 2,48-201-1015,Harris,pollutant,"1,2,3-Trimethylbenzene","Hematological, Nervous, Respiratory",2026 YTD,2026-01-01,2026-09-12,0.0022,mean ÷ screening level,0.02812,12.81596,3811.0,,0.62271,*,,,,2026-09-12
Other Health Risks,Lynchburg Ferry [23] POC 2,48-201-1015,Harris,pollutant,"1,2,3-Trimethylbenzene","Hematological, Nervous, Respiratory",Last 365 Days,2025-09-12,2026-09-12,,mean ÷ screening level,,,,,,,,,,2026-09-12
Other Health Risks,Lynchburg Ferry [23] POC 2,48-201-1015,Harris,pollutant,"1,2,3-Trimethylbenzene","Hematological, Nervous, Respiratory",Sep 2026,2026-09-01,2026-09-30,0.0033,mean of weekly means ÷ screening level,0.04211,12.81596,441.0,3.0,0.875,,,,,2026-09-12
Other Health Risks,Lynchburg Ferry [23] POC 2,48-201-1015,Harris,pollutant,"1,2,4-Trimethylbenzene","Hematological, Nervous, Developmental, Respiratory",2023,2023-01-01,2023-12-31,0.0056,mean ÷ screening level,0.07174,12.81596,6951.0,,0.79349,,,,,2026-09-12
Other Health Risks,Lynchburg Ferry [23] POC 2,48-201-1015,Harris,pollutant,"1,2,4-Trimethylbenzene","Hematological, Nervous, Developmental, Respiratory",2024,2024-01-01,2024-12-31,0.0055,mean ÷ screening level,0.07051,12.81596,5535.0,,0.63012,*,,,,2026-09-12
Other Health Risks,Lynchburg Ferry [23] POC 2,48-201-1015,Harris,pollutant,"1,2,4-Trimethylbenzene","Hematological, Nervous, Developmental, Respiratory",2025,2025-01-01,2025-12-31,0.0053,mean ÷ screening level,0.06753,12.81596,6416.0,,0.73242,*,,,,2026-09-12
Other Health Risks,Lynchburg Ferry [23] POC 2,48-201-1015,Harris,pollutant,"1,2,4-Trimethylbenzene","Hematological, Nervous, Developmental, Respiratory",2026 YTD,2026-01-01,2026-09-12,0.0043,mean ÷ screening level,0.05572,12.81596,4764.0,,0.77843,,,,,2026-09-12
Other Health Risks,Lynchburg Ferry [23] POC 2,48-201-1015,Harris,pollutant,"1,2,4-Trimethylbenzene","Hematological, Nervous, Developmental, Respiratory",Last 365 Days,2025-09-12,2026-09-12,0.0047,mean ÷ screening level,0.06001,12.81596,6755.0,,0.76901,,,,,2026-09-12
Other Health Risks,Lynchburg Ferry [23] POC 2,48-201-1015,Harris,pollutant,"1,2,4-Trimethylbenzene","Hematological, Nervous, Developmental, Respiratory",Sep 2026,2026-09-01,2026-09-30,0.0079,mean of weekly means ÷ screening level,0.10095,12.81596,588.0,4.0,0.875,,,,,2026-09-12
Other Health Risks,Lynchburg Ferry [23] POC 2,48-201-1015,Harris,pollutant,"1,3,5-Trimethylbenzene","Developmental, Nervous",2023,2023-01-01,2023-12-31,0.0022,mean ÷ screening level,0.02852,12.81596,6958.0,,0.79429,,,,,2026-09-12
Other Health Risks,Lynchburg Ferry [23] POC 2,48-201-1015,Harris,pollutant,"1,3,5-Trimethylbenzene","Developmental, Nervous",2024,2024-01-01,2024-12-31,0.0024,mean ÷ screening level,0.03089,12.81596,5576.0,,0.63479,*,,,,2026-09-12
Other Health Risks,Lynchburg Ferry [23] POC 2,48-201-1015,Harris,pollutant,"1,3,5-Trimethylbenzene","Developmental, Nervous",2025,2025-01-01,2025-12-31,0.0021,mean ÷ screening level,0.02652,12.81596,6440.0,,0.73516,*,,,,2026-09-12
Other Health Risks,Lynchburg Ferry [23] POC 2,48-201-1015,Harris,pollutant,"1,3,5-Trimethylbenzene","Developmental, Nervous",2026 YTD,2026-01-01,2026-09-12,0.0018,mean ÷ screening level,0.02323,12.81596,4782.0,,0.78137,,,,,2026-09-12
Other Health Risks,Lynchburg Ferry [23] POC 2,48-201-1015,Harris,pollutant,"1,3,5-Trimethylbenzene","Developmental, Nervous",Last 365 Days,2025-09-12,2026-09-12,0.0019,mean ÷ screening level,0.02411,12.81596,6774.0,,0.77117,,,,,2026-09-12
Other Health Risks,Lynchburg Ferry [23] POC 2,48-201-1015,Harris,pollutant,"1,3,5-Trimethylbenzene","Developmental, Nervous",Sep 2026,2026-09-01,2026-09-30,0.0021,mean of weekly means ÷ screening level,0.02694,12.81596,294.0,2.0,0.875,,,,,2026-09-12
Other Health Risks,Lynchburg Ferry [23] POC 2,48-201-1015,Harris,pollutant,"1,3-Butadiene",Reproductive,2023,2023-01-01,2023-12-31,0.1505,mean ÷ screening level,0.14285,0.94925,6954.0,,0.79384,,,,,2026-09-12
Other Health Risks,Lynchburg Ferry [23] POC 2,48-201-1015,Harris,pollutant,"1,3-Butadiene",Reproductive,2024,2024-01-01,2024-12-31,0.1229,mean ÷ screening level,0.11663,0.94925,5575.0,,0.63468,*,,,,2026-09-12
Other Health Risks,Lynchburg Ferry [23] POC 2,48-201-1015,Harris,pollutant,"1,3-Butadiene",Reproductive,2025,2025-01-01,2025-12-31,0.2704,mean ÷ screening level,0.2567,0.94925,6835.0,,0.78025,,,,,2026-09-12
Other Health Risks,Lynchburg Ferry [23] POC 2,48-201-1015,Harris,pollutant,"1,3-Butadiene",Reproductive,2026 YTD,2026-01-01,2026-09-12,0.1938,mean ÷ screening level,0.18399,0.94925,4825.0,,0.7884,,,,,2026-09-12
Other Health Risks,Lynchburg Ferry [23] POC 2,48-201-1015,Harris,pollutant,"1,3-Butadiene",Reproductive,Last 365 Days,2025-09-12,2026-09-12,0.2349,mean ÷ screening level,0.22301,0.94925,6967.0,,0.79315,,,,,2026-09-12
Other Health Risks,Lynchburg Ferry [23] POC 2,48-201-1015,Harris,pollutant,"1,3-Butadiene",Reproductive,Sep 2026,2026-09-01,2026-09-30,0.3892,mean of weekly means ÷ screening level,0.36946,0.94925,147.0,1.0,0.875,,,,,2026-09-12
Other Health Risks,Lynchburg Ferry [23] POC 2,48-201-1015,Harris,pollutant,Benzene,Immune,2023,2023-01-01,2023-12-31,0.088,mean ÷ screening level,0.85426,9.70362,6958.0,,0.79429,,,,,2026-09-12
Other Health Risks,Lynchburg Ferry [23] POC 2,48-201-1015,Harris,pollutant,Benzene,Immune,2024,2024-01-01,2024-12-31,0.0725,mean ÷ screening level,0.70354,9.70362,5576.0,,0.63479,*,,,,2026-09-12
Other Health Risks,Lynchburg Ferry [23] POC 2,48-201-1015,Harris,pollutant,Benzene,Immune,2025,2025-01-01,2025-12-31,0.0641,mean ÷ screening level,0.62174,9.70362,6678.0,,0.76233,,,,,2026-09-12
Other Health Risks,Lynchburg Ferry [23] POC 2,48-201-1015,Harris,pollutant,Benzene,Immune,2026 YTD,2026-01-01,2026-09-12,0.0758,mean ÷ screening level,0.73526,9.70362,4825.0,,0.7884,,,,,2026-09-12
Other Health Risks,Lynchburg Ferry [23] POC 2,48-201-1015,Harris,pollutant,Benzene,Immune,Last 365 Days,2025-09-12,2026-09-12,0.0697,mean ÷ screening level,0.67623,9.70362,6809.0,,0.77516,,,,,2026-09-12
Other Health Risks,Lynchburg Ferry [23] POC 2,48-201-1015,Harris,pollutant,Benzene,Immune,Sep 2026,2026-09-01,2026-09-30,0.1564,mean of weekly means ÷ screening level,1.51741,9.70362,147.0,1.0,0.875,,,,,2026-09-12
Other Health Risks,Lynchburg Ferry [23] POC 2,48-201-1015,Harris,pollutant,Cyclohexane,Developmental,2023,2023-01-01,2023-12-31,0.0001,mean ÷ screening level,0.2452,1830.26,6950.0,,0.79338,,,,,2026-09-12
Other Health Risks,Lynchburg Ferry [23] POC 2,48-201-1015,Harris,pollutant,Cyclohexane,Developmental,2024,2024-01-01,2024-12-31,0.0002,mean ÷ screening level,0.34874,1830.26,5567.0,,0.63377,*,,,,2026-09-12
Other Health Risks,Lynchburg Ferry [23] POC 2,48-201-1015,Harris,pollutant,Cyclohexane,Developmental,2025,2025-01-01,2025-12-31,0.0001,mean ÷ screening level,0.21988,1830.26,6686.0,,0.76324,,,,,2026-09-12
Other Health Risks,Lynchburg Ferry [23] POC 2,48-201-1015,Harris,pollutant,Cyclohexane,Developmental,2026 YTD,2026-01-01,2026-09-12,0.0001,mean ÷ screening level,0.19017,1830.26,4825.0,,0.7884,,,,,2026-09-12
Other Health Risks,Lynchburg Ferry [23] POC 2,48-201-1015,Harris,pollutant,Cyclohexane,Developmental,Last 365 Days,2025-09-12,2026-09-12,0.0001,mean ÷ screening level,0.21605,1830.26,6817.0,,0.77607,,,,,2026-09-12
Other Health Risks,Lynchburg Ferry [23] POC 2,48-201-1015,Harris,pollutant,Cyclohexane,Developmental,Sep 2026,2026-09-01,2026-09-30,0.0003,mean of weekly means ÷ screening level,0.47769,1830.26,147.0,1.0,0.875,,,,,2026-09-12
Other Health Risks,Lynchburg Ferry [23] POC 2,48-201-1015,Harris,pollutant,Ethyl Benzene,"Developmental, Hepatic, Urinary",2023,2023-01-01,2023-12-31,0.0004,mean ÷ screening level,0.09049,230.29755,6958.0,,0.79429,,,,,2026-09-12
Other Health Risks,Lynchburg Ferry [23] POC 2,48-201-1015,Harris,pollutant,Ethyl Benzene,"Developmental, Hepatic, Urinary",2024,2024-01-01,2024-12-31,0.0004,mean ÷ screening level,0.08409,230.29755,5576.0,,0.63479,*,,,,2026-09-12
Other Health Risks,Lynchburg Ferry [23] POC 2,48-201-1015,Harris,pollutant,Ethyl Benzene,"Developmental, Hepatic, Urinary",2025,2025-01-01,2025-12-31,0.0003,mean ÷ screening level,0.07541,230.29755,6686.0,,0.76324,,,,,2026-09-12
Other Health Risks,Lynchburg Ferry [23] POC 2,48-201-1015,Harris,pollutant,Ethyl Benzene,"Developmental, Hepatic, Urinary",2026 YTD,2026-01-01,2026-09-12,0.0003,mean ÷ screening level,0.0598,230.29755,4825.0,,0.7884,,,,,2026-09-12
Other Health Risks,Lynchburg Ferry [23] POC 2,48-201-1015,Harris,pollutant,Ethyl Benzene,"Developmental, Hepatic, Urinary",Last 365 Days,2025-09-12,2026-09-12,0.0003,mean ÷ screening level,0.06886,230.29755,6817.0,,0.77607,,,,,2026-09-12
Other Health Risks,Lynchburg Ferry [23] POC 2,48-201-1015,Harris,pollutant,Ethyl Benzene,"Developmental, Hepatic, Urinary",Sep 2026,2026-09-01,2026-09-30,0.0003,mean of weekly means ÷ screening level,0.07497,230.29755,441.0,3.0,0.875,,,,,2026-09-12
Other Health Risks,Lynchburg Ferry [23] POC 2,48-201-1015,Harris,pollutant,Isopropyl Benzene - Cumene,"Endocrine, Urinary",2023,2023-01-01,2023-12-31,0.0002,mean ÷ screening level,0.01804,85.43972,6958.0,,0.79429,,,,,2026-09-12
Other Health Risks,Lynchburg Ferry [23] POC 2,48-201-1015,Harris,pollutant,Isopropyl Benzene - Cumene,"Endocrine, Urinary",2024,2024-01-01,2024-12-31,0.0002,mean ÷ screening level,0.02083,85.43972,5576.0,,0.63479,*,,,,2026-09-12
Other Health Risks,Lynchburg Ferry [23] POC 2,48-201-1015,Harris,pollutant,Isopropyl Benzene - Cumene,"Endocrine, Urinary",2025,2025-01-01,2025-12-31,0.0001,mean ÷ screening level,0.01211,85.43972,6686.0,,0.76324,,,,,2026-09-12
Other Health Risks,Lynchburg Ferry [23] POC 2,48-201-1015,Harris,pollutant,Isopropyl Benzene - Cumene,"Endocrine, Urinary",2026 YTD,2026-01-01,2026-09-12,0.0001,mean ÷ screening level,0.01202,85.43972,4825.0,,0.7884,,,,,2026-09-12
Other Health Risks,Lynchburg Ferry [23] POC 2,48-201-1015,Harris,pollutant,Isopropyl Benzene - Cumene,"Endocrine, Urinary",Last 365 Days,2025-09-12,2026-09-12,0.0001,mean ÷ screening level,0.01198,85.43972,6817.0,,0.77607,,,,,2026-09-12
Other Health Risks,Lynchburg Ferry [23] POC 2,48-201-1015,Harris,pollutant,Isopropyl Benzene - Cumene,"Endocrine, Urinary",Sep 2026,2026-09-01,2026-09-30,0.001,mean of weekly means ÷ screening level,0.08435,85.43972,294.0,2.0,0.875,,,,,2026-09-12
Other Health Risks,Lynchburg Ferry [23] POC 2,48-201-1015,Harris,pollutant,Styrene,"Hematological, Hepatic, Nervous",2023,2023-01-01,2023-12-31,0.0005,mean ÷ screening level,0.1089,234.75756,6956.0,,0.79406,,,,,2026-09-12
Other Health Risks,Lynchburg Ferry [23] POC 2,48-201-1015,Harris,pollutant,Styrene,"Hematological, Hepatic, Nervous",2024,2024-01-01,2024-12-31,0.0004,mean ÷ screening level,0.08516,234.75756,5576.0,,0.63479,*,,,,2026-09-12
Other Health Risks,Lynchburg Ferry [23] POC 2,48-201-1015,Harris,pollutant,Styrene,"Hematological, Hepatic, Nervous",2025,2025-01-01,2025-12-31,0.0004,mean ÷ screening level,0.0935,234.75756,6686.0,,0.76324,,,,,2026-09-12
Other Health Risks,Lynchburg Ferry [23] POC 2,48-201-1015,Harris,pollutant,Styrene,"Hematological, Hepatic, Nervous",2026 YTD,2026-01-01,2026-09-12,0.0002,mean ÷ screening level,0.04792,234.75756,4825.0,,0.7884,,,,,2026-09-12
Other Health Risks,Lynchburg Ferry [23] POC 2,48-201-1015,Harris,pollutant,Styrene,"Hematological, Hepatic, Nervous",Last 365 Days,2025-09-12,2026-09-12,0.0003,mean ÷ screening level,0.05893,234.75756,6817.0,,0.77607,,,,,2026-09-12
Other Health Risks,Lynchburg Ferry [23] POC 2,48-201-1015,Harris,pollutant,Styrene,"Hematological, Hepatic, Nervous",Sep 2026,2026-09-01,2026-09-30,0.0003,mean of weekly means ÷ screening level,0.06878,234.75756,441.0,3.0,0.875,,,,,2026-09-12
Other Health Risks,Lynchburg Ferry [23] POC 2,48-201-1015,Harris,pollutant,Toluene,"Nervous, Urinary",2023,2023-01-01,2023-12-31,0.0003,mean ÷ screening level,0.40012,1379.85674,6958.0,,0.79429,,,,,2026-09-12
Other Health Risks,Lynchburg Ferry [23] POC 2,48-201-1015,Harris,pollutant,Toluene,"Nervous, Urinary",2024,2024-01-01,2024-12-31,0.0003,mean ÷ screening level,0.4161,1379.85674,5576.0,,0.63479,*,,,,2026-09-12
Other Health Risks,Lynchburg Ferry [23] POC 2,48-201-1015,Harris,pollutant,Toluene,"Nervous, Urinary",2025,2025-01-01,2025-12-31,0.0003,mean ÷ screening level,0.40753,1379.85674,6686.0,,0.76324,,,,,2026-09-12
Other Health Risks,Lynchburg Ferry [23] POC 2,48-201-1015,Harris,pollutant,Toluene,"Nervous, Urinary",2026 YTD,2026-01-01,2026-09-12,0.0003,mean ÷ screening level,0.39203,1379.85674,4825.0,,0.7884,,,,,2026-09-12
Other Health Risks,Lynchburg Ferry [23] POC 2,48-201-1015,Harris,pollutant,Toluene,"Nervous, Urinary",Last 365 Days,2025-09-12,2026-09-12,0.0003,mean ÷ screening level,0.40553,1379.85674,6817.0,,0.77607,,,,,2026-09-12
Other Health Risks,Lynchburg Ferry [23] POC 2,48-201-1015,Harris,pollutant,Toluene,"Nervous, Urinary",Sep 2026,2026-09-01,2026-09-30,0.0004,mean of weekly means ÷ screening level,0.53415,1379.85674,294.0,2.0,0.875,,,,,2026-09-12
Other Health Risks,Lynchburg Ferry [23] POC 2,48-201-1015,Harris,pollutant,n-Hexane,Nervous,2023,2023-01-01,2023-12-31,0.0031,mean ÷ screening level,0.63708,207.10722,6895.0,,0.7871,,,,,2026-09-12
Other Health Risks,Lynchburg Ferry [23] POC 2,48-201-1015,Harris,pollutant,n-Hexane,Nervous,2024,2024-01-01,2024-12-31,0.0026,mean ÷ screening level,0.53251,207.10722,5452.0,,0.62067,*,,,,2026-09-12
Other Health Risks,Lynchburg Ferry [23] POC 2,48-201-1015,Harris,pollutant,n-Hexane,Nervous,2025,2025-01-01,2025-12-31,0.0025,mean ÷ screening level,0.51347,207.10722,6668.0,,0.76119,,,,,2026-09-12
Other Health Risks,Lynchburg Ferry [23] POC 2,48-201-1015,Harris,pollutant,n-Hexane,Nervous,2026 YTD,2026-01-01,2026-09-12,,mean ÷ screening level,,,,,,,,,,2026-09-12
Other Health Risks,Lynchburg Ferry [23] POC 2,48-201-1015,Harris,pollutant,n-Hexane,Nervous,Last 365 Days,2025-09-12,2026-09-12,,mean ÷ screening level,,,,,,,,,,2026-09-12
Other Health Risks,Lynchburg Ferry [23] POC 2,48-201-1015,Harris,pollutant,n-Hexane,Nervous,Sep 2026,2026-09-01,2026-09-30,0.0047,mean of weekly means ÷ screening level,0.96361,207.10722,147.0,1.0,0.875,,,,,2026-09-12
Other Health Risks,Lynchburg Ferry [23] POC 2,48-201-1015,Harris,pollutant,o-Xylene,Nervous,2023,2023-01-01,2023-12-31,0.004,mean ÷ screening level,0.0912,23.03,6953.0,,0.79372,,,,,2026-09-12
Other Health Risks,Lynchburg Ferry [23] POC 2,48-201-1015,Harris,pollutant,o-Xylene,Nervous,2024,2024-01-01,2024-12-31,0.0037,mean ÷ screening level,0.08539,23.03,5575.0,,0.63468,*,,,,2026-09-12
Other Health Risks,Lynchburg Ferry [23] POC 2,48-201-1015,Harris,pollutant,o-Xylene,Nervous,2025,2025-01-01,2025-12-31,0.0032,mean ÷ screening level,0.07407,23.03,6685.0,,0.76313,,,,,2026-09-12
Other Health Risks,Lynchburg Ferry [23] POC 2,48-201-1015,Harris,pollutant,o-Xylene,Nervous,2026 YTD,2026-01-01,2026-09-12,0.0026,mean ÷ screening level,0.05939,23.03,4825.0,,0.7884,,,,,2026-09-12
Other Health Risks,Lynchburg Ferry [23] POC 2,48-201-1015,Harris,pollutant,o-Xylene,Nervous,Last 365 Days,2025-09-12,2026-09-12,0.0028,mean ÷ screening level,0.06556,23.03,6817.0,,0.77607,,,,,2026-09-12
Other Health Risks,Lynchburg Ferry [23] POC 2,48-201-1015,Harris,pollutant,o-Xylene,Nervous,Sep 2026,2026-09-01,2026-09-30,0.0031,mean of weekly means ÷ screening level,0.07116,23.03,147.0,1.0,0.875,,,,,2026-09-12
Other Health Risks,Lynchburg Ferry [23] POC 2,48-201-1015,Harris,pollutant,p-Xylene + m-Xylene,Nervous,2023,2023-01-01,2023-12-31,0.0115,mean ÷ screening level,0.26482,23.03127,6958.0,,0.79429,,,,,2026-09-12
Other Health Risks,Lynchburg Ferry [23] POC 2,48-201-1015,Harris,pollutant,p-Xylene + m-Xylene,Nervous,2024,2024-01-01,2024-12-31,0.012,mean ÷ screening level,0.27719,23.03127,5576.0,,0.63479,*,,,,2026-09-12
Other Health Risks,Lynchburg Ferry [23] POC 2,48-201-1015,Harris,pollutant,p-Xylene + m-Xylene,Nervous,2025,2025-01-01,2025-12-31,0.0094,mean ÷ screening level,0.21635,23.03127,6667.0,,0.76107,,,,,2026-09-12
Other Health Risks,Lynchburg Ferry [23] POC 2,48-201-1015,Harris,pollutant,p-Xylene + m-Xylene,Nervous,2026 YTD,2026-01-01,2026-09-12,0.0082,mean ÷ screening level,0.18906,23.03127,4807.0,,0.78546,,,,,2026-09-12
Other Health Risks,Lynchburg Ferry [23] POC 2,48-201-1015,Harris,pollutant,p-Xylene + m-Xylene,Nervous,Last 365 Days,2025-09-12,2026-09-12,0.0089,mean ÷ screening level,0.20436,23.03127,6799.0,,0.77402,,,,,2026-09-12
Other Health Risks,Lynchburg Ferry [23] POC 2,48-201-1015,Harris,pollutant,p-Xylene + m-Xylene,Nervous,Sep 2026,2026-09-01,2026-09-30,0.0096,mean of weekly means ÷ screening level,0.22204,23.03127,147.0,1.0,0.875,,,,,2026-09-12
Other Health Risks,Lynchburg Ferry [23] POC 2,48-201-1015,Harris,total,Total,,2023,2023-01-01,2023-12-31,0.2664,sum of pollutant ratios,,,,,0.7871,,,,,2026-09-12
Other Health Risks,Lynchburg Ferry [23] POC 2,48-201-1015,Harris,total,Total,,2024,2024-01-01,2024-12-31,0.2231,sum of pollutant ratios,,,,,0.62067,*,,,,2026-09-12
Other Health Risks,Lynchburg Ferry [23] POC 2,48-201-1015,Harris,total,Total,,2025,2025-01-01,2025-12-31,0.3582,sum of pollutant ratios,,,,,0.73242,*,,,,2026-09-12
Other Health Risks,Lynchburg Ferry [23] POC 2,48-201-1015,Harris,total,Total,,2026 YTD,2026-01-01,2026-09-12,0.2897,sum of pollutant ratios,,,,,0.62271,*,,,,2026-09-12
Other Health Risks,Lynchburg Ferry [23] POC 2,48-201-1015,Harris,total,Total,,Last 365 Days,2025-09-12,2026-09-12,0.324,sum of pollutant ratios,,,,,0.76901,,,,,2026-09-12
Other Health Risks,Lynchburg Ferry [23] POC 2,48-201-1015,Harris,total,Total,,Sep 2026,2026-09-01,2026-09-30,0.5785,sum of pollutant ratios,,,,,0.875,,,,,2026-09-12
Other Health Risks,Manchester East Avenue N [55] POC 3,48-201-0307,Harris,health_effect_total,Ability to have children,Reproductive,2023,2023-01-01,2023-12-31,0.4045,sum of pollutant ratios,,,,,0.83231,,,,,2026-09-12
Other Health Risks,Manchester East Avenue N [55] POC 3,48-201-0307,Harris,health_effect_total,Ability to have children,Reproductive,2024,2024-01-01,2024-12-31,0.3477,sum of pollutant ratios,,,,,0.78791,,,,,2026-09-12
Other Health Risks,Manchester East Avenue N [55] POC 3,48-201-0307,Harris,health_effect_total,Ability to have children,Reproductive,2025,2025-01-01,2025-12-31,0.3228,sum of pollutant ratios,,,,,0.86541,,,,,2026-09-12
Other Health Risks,Manchester East Avenue N [55] POC 3,48-201-0307,Harris,health_effect_total,Ability to have children,Reproductive,2026 YTD,2026-01-01,2026-09-12,0.3137,sum of pollutant ratios,,,,,0.88203,,,,,2026-09-12
Other Health Risks,Manchester East Avenue N [55] POC 3,48-201-0307,Harris,health_effect_total,Ability to have children,Reproductive,Last 365 Days,2025-09-12,2026-09-12,0.3148,sum of pollutant ratios,,,,,0.87079,,,,,2026-09-12
Other Health Risks,Manchester East Avenue N [55] POC 3,48-201-0307,Harris,health_effect_total,Ability to have children,Reproductive,Sep 2026,2026-09-01,2026-09-30,0.2422,sum of pollutant ratios,,,,,0.89881,,,,,2026-09-12
Other Health Risks,Manchester East Avenue N [55] POC 3,48-201-0307,Harris,health_effect_total,Blood,Hematological,2023,2023-01-01,2023-12-31,0.016,sum of pollutant ratios,,,,,0.82226,,,,,2026-09-12
Other Health Risks,Manchester East Avenue N [55] POC 3,48-201-0307,Harris,health_effect_total,Blood,Hematological,2024,2024-01-01,2024-12-31,0.0161,sum of pollutant ratios,,,,,0.78791,,,,,2026-09-12
Other Health Risks,Manchester East Avenue N [55] POC 3,48-201-0307,Harris,health_effect_total,Blood,Hematological,2025,2025-01-01,2025-12-31,0.0182,sum of pollutant ratios,,,,,0.86541,,,,,2026-09-12
Other Health Risks,Manchester East Avenue N [55] POC 3,48-201-0307,Harris,health_effect_total,Blood,Hematological,2026 YTD,2026-01-01,2026-09-12,0.0142,sum of pollutant ratios,,,,,0.88203,,,,,2026-09-12
Other Health Risks,Manchester East Avenue N [55] POC 3,48-201-0307,Harris,health_effect_total,Blood,Hematological,Last 365 Days,2025-09-12,2026-09-12,0.0157,sum of pollutant ratios,,,,,0.87079,,,,,2026-09-12
Other Health Risks,Manchester East Avenue N [55] POC 3,48-201-0307,Harris,health_effect_total,Blood,Hematological,Sep 2026,2026-09-01,2026-09-30,0.0179,sum of pollutant ratios,,,,,0.89881,,,,,2026-09-12
Other Health Risks,Manchester East Avenue N [55] POC 3,48-201-0307,Harris,health_effect_total,Brain and nervous system,Nervous,2023,2023-01-01,2023-12-31,0.0485,sum of pollutant ratios,,,,,0.82226,,,,,2026-09-12
Other Health Risks,Manchester East Avenue N [55] POC 3,48-201-0307,Harris,health_effect_total,Brain and nervous system,Nervous,2024,2024-01-01,2024-12-31,0.0475,sum of pollutant ratios,,,,,0.78791,,,,,2026-09-12
Other Health Risks,Manchester East Avenue N [55] POC 3,48-201-0307,Harris,health_effect_total,Brain and nervous system,Nervous,2025,2025-01-01,2025-12-31,0.0505,sum of pollutant ratios,,,,,0.86541,,,,,2026-09-12
Other Health Risks,Manchester East Avenue N [55] POC 3,48-201-0307,Harris,health_effect_total,Brain and nervous system,Nervous,2026 YTD,2026-01-01,2026-09-12,0.0397,sum of pollutant ratios,,,,,0.88203,,,,,2026-09-12
Other Health Risks,Manchester East Avenue N [55] POC 3,48-201-0307,Harris,health_effect_total,Brain and nervous system,Nervous,Last 365 Days,2025-09-12,2026-09-12,0.045,sum of pollutant ratios,,,,,0.87079,,,,,2026-09-12
Other Health Risks,Manchester East Avenue N [55] POC 3,48-201-0307,Harris,health_effect_total,Brain and nervous system,Nervous,Sep 2026,2026-09-01,2026-09-30,0.05,sum of pollutant ratios,,,,,0.89881,,,,,2026-09-12
Other Health Risks,Manchester East Avenue N [55] POC 3,48-201-0307,Harris,health_effect_total,Growth and development (children's),Developmental,2023,2023-01-01,2023-12-31,0.0119,sum of pollutant ratios,,,,,0.82226,,,,,2026-09-12
Other Health Risks,Manchester East Avenue N [55] POC 3,48-201-0307,Harris,health_effect_total,Growth and development (children's),Developmental,2024,2024-01-01,2024-12-31,0.0125,sum of pollutant ratios,,,,,0.78791,,,,,2026-09-12
Other Health Risks,Manchester East Avenue N [55] POC 3,48-201-0307,Harris,health_effect_total,Growth and development (children's),Developmental,2025,2025-01-01,2025-12-31,0.0154,sum of pollutant ratios,,,,,0.86541,,,,,2026-09-12
Other Health Risks,Manchester East Avenue N [55] POC 3,48-201-0307,Harris,health_effect_total,Growth and development (children's),Developmental,2026 YTD,2026-01-01,2026-09-12,0.0121,sum of pollutant ratios,,,,,0.88203,,,,,2026-09-12
Other Health Risks,Manchester East Avenue N [55] POC 3,48-201-0307,Harris,health_effect_total,Growth and development (children's),Developmental,Last 365 Days,2025-09-12,2026-09-12,0.0134,sum of pollutant ratios,,,,,0.87079,,,,,2026-09-12
Other Health Risks,Manchester East Avenue N [55] POC 3,48-201-0307,Harris,health_effect_total,Growth and development (children's),Developmental,Sep 2026,2026-09-01,2026-09-30,0.014,sum of pollutant ratios,,,,,0.89881,,,,,2026-09-12
Other Health Risks,Manchester East Avenue N [55] POC 3,48-201-0307,Harris,health_effect_total,Hormone system,Endocrine,2023,2023-01-01,2023-12-31,0.0002,sum of pollutant ratios,,,,,0.83231,,,,,2026-09-12
Other Health Risks,Manchester East Avenue N [55] POC 3,48-201-0307,Harris,health_effect_total,Hormone system,Endocrine,2024,2024-01-01,2024-12-31,0.0001,sum of pollutant ratios,,,,,0.78791,,,,,2026-09-12
Other Health Risks,Manchester East Avenue N [55] POC 3,48-201-0307,Harris,health_effect_total,Hormone system,Endocrine,2025,2025-01-01,2025-12-31,0.0001,sum of pollutant ratios,,,,,0.86541,,,,,2026-09-12
Other Health Risks,Manchester East Avenue N [55] POC 3,48-201-0307,Harris,health_effect_total,Hormone system,Endocrine,2026 YTD,2026-01-01,2026-09-12,0.0001,sum of pollutant ratios,,,,,0.88203,,,,,2026-09-12
Other Health Risks,Manchester East Avenue N [55] POC 3,48-201-0307,Harris,health_effect_total,Hormone system,Endocrine,Last 365 Days,2025-09-12,2026-09-12,0.0001,sum of pollutant ratios,,,,,0.87079,,,,,2026-09-12
Other Health Risks,Manchester East Avenue N [55] POC 3,48-201-0307,Harris,health_effect_total,Hormone system,Endocrine,Sep 2026,2026-09-01,2026-09-30,0.0001,sum of pollutant ratios,,,,,0.89881,,,,,2026-09-12
Other Health Risks,Manchester East Avenue N [55] POC 3,48-201-0307,Harris,health_effect_total,Immune system,Immune,2023,2023-01-01,2023-12-31,0.0346,sum of pollutant ratios,,,,,0.83231,,,,,2026-09-12
Other Health Risks,Manchester East Avenue N [55] POC 3,48-201-0307,Harris,health_effect_total,Immune system,Immune,2024,2024-01-01,2024-12-31,0.0335,sum of pollutant ratios,,,,,0.78791,,,,,2026-09-12
Other Health Risks,Manchester East Avenue N [55] POC 3,48-201-0307,Harris,health_effect_total,Immune system,Immune,2025,2025-01-01,2025-12-31,0.0399,sum of pollutant ratios,,,,,0.86541,,,,,2026-09-12
Other Health Risks,Manchester East Avenue N [55] POC 3,48-201-0307,Harris,health_effect_total,Immune system,Immune,2026 YTD,2026-01-01,2026-09-12,0.0294,sum of pollutant ratios,,,,,0.88203,,,,,2026-09-12
Other Health Risks,Manchester East Avenue N [55] POC 3,48-201-0307,Harris,health_effect_total,Immune system,Immune,Last 365 Days,2025-09-12,2026-09-12,0.0374,sum of pollutant ratios,,,,,0.87079,,,,,2026-09-12
Other Health Risks,Manchester East Avenue N [55] POC 3,48-201-0307,Harris,health_effect_total,Immune system,Immune,Sep 2026,2026-09-01,2026-09-30,0.0362,sum of pollutant ratios,,,,,0.89881,,,,,2026-09-12
Other Health Risks,Manchester East Avenue N [55] POC 3,48-201-0307,Harris,health_effect_total,Kidneys and urinary system,Urinary,2023,2023-01-01,2023-12-31,0.0015,sum of pollutant ratios,,,,,0.83231,,,,,2026-09-12
Other Health Risks,Manchester East Avenue N [55] POC 3,48-201-0307,Harris,health_effect_total,Kidneys and urinary system,Urinary,2024,2024-01-01,2024-12-31,0.0013,sum of pollutant ratios,,,,,0.78791,,,,,2026-09-12
Other Health Risks,Manchester East Avenue N [55] POC 3,48-201-0307,Harris,health_effect_total,Kidneys and urinary system,Urinary,2025,2025-01-01,2025-12-31,0.0013,sum of pollutant ratios,,,,,0.86541,,,,,2026-09-12
Other Health Risks,Manchester East Avenue N [55] POC 3,48-201-0307,Harris,health_effect_total,Kidneys and urinary system,Urinary,2026 YTD,2026-01-01,2026-09-12,0.001,sum of pollutant ratios,,,,,0.88203,,,,,2026-09-12
Other Health Risks,Manchester East Avenue N [55] POC 3,48-201-0307,Harris,health_effect_total,Kidneys and urinary system,Urinary,Last 365 Days,2025-09-12,2026-09-12,0.0012,sum of pollutant ratios,,,,,0.87079,,,,,2026-09-12
Other Health Risks,Manchester East Avenue N [55] POC 3,48-201-0307,Harris,health_effect_total,Kidneys and urinary system,Urinary,Sep 2026,2026-09-01,2026-09-30,0.0013,sum of pollutant ratios,,,,,0.89881,,,,,2026-09-12
Other Health Risks,Manchester East Avenue N [55] POC 3,48-201-0307,Harris,health_effect_total,Liver,Hepatic,2023,2023-01-01,2023-12-31,0.0012,sum of pollutant ratios,,,,,0.83231,,,,,2026-09-12
Other Health Risks,Manchester East Avenue N [55] POC 3,48-201-0307,Harris,health_effect_total,Liver,Hepatic,2024,2024-01-01,2024-12-31,0.0009,sum of pollutant ratios,,,,,0.78791,,,,,2026-09-12
Other Health Risks,Manchester East Avenue N [55] POC 3,48-201-0307,Harris,health_effect_total,Liver,Hepatic,2025,2025-01-01,2025-12-31,0.0011,sum of pollutant ratios,,,,,0.86541,,,,,2026-09-12
Other Health Risks,Manchester East Avenue N [55] POC 3,48-201-0307,Harris,health_effect_total,Liver,Hepatic,2026 YTD,2026-01-01,2026-09-12,0.001,sum of pollutant ratios,,,,,0.88203,,,,,2026-09-12
Other Health Risks,Manchester East Avenue N [55] POC 3,48-201-0307,Harris,health_effect_total,Liver,Hepatic,Last 365 Days,2025-09-12,2026-09-12,0.0011,sum of pollutant ratios,,,,,0.87079,,,,,2026-09-12
Other Health Risks,Manchester East Avenue N [55] POC 3,48-201-0307,Harris,health_effect_total,Liver,Hepatic,Sep 2026,2026-09-01,2026-09-30,0.001,sum of pollutant ratios,,,,,0.89881,,,,,2026-09-12
Other Health Risks,Manchester East Avenue N [55] POC 3,48-201-0307,Harris,health_effect_total,Lungs & breathing,Respiratory,2023,2023-01-01,2023-12-31,0.0156,sum of pollutant ratios,,,,,0.82226,,,,,2026-09-12
Other Health Risks,Manchester East Avenue N [55] POC 3,48-201-0307,Harris,health_effect_total,Lungs & breathing,Respiratory,2024,2024-01-01,2024-12-31,0.0158,sum of pollutant ratios,,,,,0.78791,,,,,2026-09-12
Other Health Risks,Manchester East Avenue N [55] POC 3,48-201-0307,Harris,health_effect_total,Lungs & breathing,Respiratory,2025,2025-01-01,2025-12-31,0.0178,sum of pollutant ratios,,,,,0.86541,,,,,2026-09-12
Other Health Risks,Manchester East Avenue N [55] POC 3,48-201-0307,Harris,health_effect_total,Lungs & breathing,Respiratory,2026 YTD,2026-01-01,2026-09-12,0.0137,sum of pollutant ratios,,,,,0.88203,,,,,2026-09-12
Other Health Risks,Manchester East Avenue N [55] POC 3,48-201-0307,Harris,health_effect_total,Lungs & breathing,Respiratory,Last 365 Days,2025-09-12,2026-09-12,0.0152,sum of pollutant ratios,,,,,0.87079,,,,,2026-09-12
Other Health Risks,Manchester East Avenue N [55] POC 3,48-201-0307,Harris,health_effect_total,Lungs & breathing,Respiratory,Sep 2026,2026-09-01,2026-09-30,0.0175,sum of pollutant ratios,,,,,0.89881,,,,,2026-09-12
Other Health Risks,Manchester East Avenue N [55] POC 3,48-201-0307,Harris,pollutant,"1,2,3-Trimethylbenzene","Hematological, Nervous, Respiratory",2023,2023-01-01,2023-12-31,0.0077,mean ÷ screening level,0.09822,12.81596,7263.0,,0.82911,,,,,2026-09-12
Other Health Risks,Manchester East Avenue N [55] POC 3,48-201-0307,Harris,pollutant,"1,2,3-Trimethylbenzene","Hematological, Nervous, Respiratory",2024,2024-01-01,2024-12-31,0.0068,mean ÷ screening level,0.08751,12.81596,6921.0,,0.78791,,,,,2026-09-12
Other Health Risks,Manchester East Avenue N [55] POC 3,48-201-0307,Harris,pollutant,"1,2,3-Trimethylbenzene","Hematological, Nervous, Respiratory",2025,2025-01-01,2025-12-31,0.0063,mean ÷ screening level,0.08083,12.81596,7581.0,,0.86541,,,,,2026-09-12
Other Health Risks,Manchester East Avenue N [55] POC 3,48-201-0307,Harris,pollutant,"1,2,3-Trimethylbenzene","Hematological, Nervous, Respiratory",2026 YTD,2026-01-01,2026-09-12,0.0046,mean ÷ screening level,0.05892,12.81596,5398.0,,0.88203,,,,,2026-09-12
Other Health Risks,Manchester East Avenue N [55] POC 3,48-201-0307,Harris,pollutant,"1,2,3-Trimethylbenzene","Hematological, Nervous, Respiratory",Last 365 Days,2025-09-12,2026-09-12,0.0053,mean ÷ screening level,0.06825,12.81596,7649.0,,0.87079,,,,,2026-09-12
Other Health Risks,Manchester East Avenue N [55] POC 3,48-201-0307,Harris,pollutant,"1,2,3-Trimethylbenzene","Hematological, Nervous, Respiratory",Sep 2026,2026-09-01,2026-09-30,0.0075,mean of weekly means ÷ screening level,0.09675,12.81596,453.0,3.0,0.89881,,,,,2026-09-12
Other Health Risks,Manchester East Avenue N [55] POC 3,48-201-0307,Harris,pollutant,"1,2,4-Trimethylbenzene","Hematological, Nervous, Developmental, Respiratory",2023,2023-01-01,2023-12-31,0.0079,mean ÷ screening level,0.10116,12.81596,7203.0,,0.82226,,,,,2026-09-12
Other Health Risks,Manchester East Avenue N [55] POC 3,48-201-0307,Harris,pollutant,"1,2,4-Trimethylbenzene","Hematological, Nervous, Developmental, Respiratory",2024,2024-01-01,2024-12-31,0.009,mean ÷ screening level,0.11485,12.81596,6921.0,,0.78791,,,,,2026-09-12
Other Health Risks,Manchester East Avenue N [55] POC 3,48-201-0307,Harris,pollutant,"1,2,4-Trimethylbenzene","Hematological, Nervous, Developmental, Respiratory",2025,2025-01-01,2025-12-31,0.0115,mean ÷ screening level,0.14678,12.81596,7581.0,,0.86541,,,,,2026-09-12
Other Health Risks,Manchester East Avenue N [55] POC 3,48-201-0307,Harris,pollutant,"1,2,4-Trimethylbenzene","Hematological, Nervous, Developmental, Respiratory",2026 YTD,2026-01-01,2026-09-12,0.0091,mean ÷ screening level,0.11632,12.81596,5398.0,,0.88203,,,,,2026-09-12
Other Health Risks,Manchester East Avenue N [55] POC 3,48-201-0307,Harris,pollutant,"1,2,4-Trimethylbenzene","Hematological, Nervous, Developmental, Respiratory",Last 365 Days,2025-09-12,2026-09-12,0.0098,mean ÷ screening level,0.12599,12.81596,7649.0,,0.87079,,,,,2026-09-12
Other Health Risks,Manchester East Avenue N [55] POC 3,48-201-0307,Harris,pollutant,"1,2,4-Trimethylbenzene","Hematological, Nervous, Developmental, Respiratory",Sep 2026,2026-09-01,2026-09-30,0.0099,mean of weekly means ÷ screening level,0.12689,12.81596,604.0,4.0,0.89881,,,,,2026-09-12
Other Health Risks,Manchester East Avenue N [55] POC 3,48-201-0307,Harris,pollutant,"1,3,5-Trimethylbenzene","Developmental, Nervous",2023,2023-01-01,2023-12-31,0.0031,mean ÷ screening level,0.03943,12.81596,7263.0,,0.82911,,,,,2026-09-12
Other Health Risks,Manchester East Avenue N [55] POC 3,48-201-0307,Harris,pollutant,"1,3,5-Trimethylbenzene","Developmental, Nervous",2024,2024-01-01,2024-12-31,0.0028,mean ÷ screening level,0.03592,12.81596,6921.0,,0.78791,,,,,2026-09-12
Other Health Risks,Manchester East Avenue N [55] POC 3,48-201-0307,Harris,pollutant,"1,3,5-Trimethylbenzene","Developmental, Nervous",2025,2025-01-01,2025-12-31,0.0031,mean ÷ screening level,0.04002,12.81596,7581.0,,0.86541,,,,,2026-09-12
Other Health Risks,Manchester East Avenue N [55] POC 3,48-201-0307,Harris,pollutant,"1,3,5-Trimethylbenzene","Developmental, Nervous",2026 YTD,2026-01-01,2026-09-12,0.0025,mean ÷ screening level,0.03172,12.81596,5398.0,,0.88203,,,,,2026-09-12
Other Health Risks,Manchester East Avenue N [55] POC 3,48-201-0307,Harris,pollutant,"1,3,5-Trimethylbenzene","Developmental, Nervous",Last 365 Days,2025-09-12,2026-09-12,0.0029,mean ÷ screening level,0.03692,12.81596,7649.0,,0.87079,,,,,2026-09-12
Other Health Risks,Manchester East Avenue N [55] POC 3,48-201-0307,Harris,pollutant,"1,3,5-Trimethylbenzene","Developmental, Nervous",Sep 2026,2026-09-01,2026-09-30,0.0033,mean of weekly means ÷ screening level,0.04199,12.81596,302.0,2.0,0.89881,,,,,2026-09-12
Other Health Risks,Manchester East Avenue N [55] POC 3,48-201-0307,Harris,pollutant,"1,3-Butadiene",Reproductive,2023,2023-01-01,2023-12-31,0.4045,mean ÷ screening level,0.38398,0.94925,7291.0,,0.83231,,,,,2026-09-12
Other Health Risks,Manchester East Avenue N [55] POC 3,48-201-0307,Harris,pollutant,"1,3-Butadiene",Reproductive,2024,2024-01-01,2024-12-31,0.3477,mean ÷ screening level,0.33006,0.94925,6921.0,,0.78791,,,,,2026-09-12
Other Health Risks,Manchester East Avenue N [55] POC 3,48-201-0307,Harris,pollutant,"1,3-Butadiene",Reproductive,2025,2025-01-01,2025-12-31,0.3228,mean ÷ screening level,0.30646,0.94925,7581.0,,0.86541,,,,,2026-09-12
Other Health Risks,Manchester East Avenue N [55] POC 3,48-201-0307,Harris,pollutant,"1,3-Butadiene",Reproductive,2026 YTD,2026-01-01,2026-09-12,0.3137,mean ÷ screening level,0.29779,0.94925,5398.0,,0.88203,,,,,2026-09-12
Other Health Risks,Manchester East Avenue N [55] POC 3,48-201-0307,Harris,pollutant,"1,3-Butadiene",Reproductive,Last 365 Days,2025-09-12,2026-09-12,0.3148,mean ÷ screening level,0.2988,0.94925,7649.0,,0.87079,,,,,2026-09-12
Other Health Risks,Manchester East Avenue N [55] POC 3,48-201-0307,Harris,pollutant,"1,3-Butadiene",Reproductive,Sep 2026,2026-09-01,2026-09-30,0.2422,mean of weekly means ÷ screening level,0.22987,0.94925,151.0,1.0,0.89881,,,,,2026-09-12
Other Health Risks,Manchester East Avenue N [55] POC 3,48-201-0307,Harris,pollutant,Benzene,Immune,2023,2023-01-01,2023-12-31,0.0346,mean ÷ screening level,0.33589,9.70362,7291.0,,0.83231,,,,,2026-09-12
Other Health Risks,Manchester East Avenue N [55] POC 3,48-201-0307,Harris,pollutant,Benzene,Immune,2024,2024-01-01,2024-12-31,0.0335,mean ÷ screening level,0.32515,9.70362,6921.0,,0.78791,,,,,2026-09-12
Other Health Risks,Manchester East Avenue N [55] POC 3,48-201-0307,Harris,pollutant,Benzene,Immune,2025,2025-01-01,2025-12-31,0.0399,mean ÷ screening level,0.38702,9.70362,7581.0,,0.86541,,,,,2026-09-12
Other Health Risks,Manchester East Avenue N [55] POC 3,48-201-0307,Harris,pollutant,Benzene,Immune,2026 YTD,2026-01-01,2026-09-12,0.0294,mean ÷ screening level,0.28519,9.70362,5398.0,,0.88203,,,,,2026-09-12
Other Health Risks,Manchester East Avenue N [55] POC 3,48-201-0307,Harris,pollutant,Benzene,Immune,Last 365 Days,2025-09-12,2026-09-12,0.0374,mean ÷ screening level,0.36274,9.70362,7649.0,,0.87079,,,,,2026-09-12
Other Health Risks,Manchester East Avenue N [55] POC 3,48-201-0307,Harris,pollutant,Benzene,Immune,Sep 2026,2026-09-01,2026-09-30,0.0362,mean of weekly means ÷ screening level,0.35099,9.70362,151.0,1.0,0.89881,,,,,2026-09-12
Other Health Risks,Manchester East Avenue N [55] POC 3,48-201-0307,Harris,pollutant,Cyclohexane,Developmental,2023,2023-01-01,2023-12-31,0.0002,mean ÷ screening level,0.31503,1830.26,7291.0,,0.83231,,,,,2026-09-12
Other Health Risks,Manchester East Avenue N [55] POC 3,48-201-0307,Harris,pollutant,Cyclohexane,Developmental,2024,2024-01-01,2024-12-31,0.0002,mean ÷ screening level,0.29306,1830.26,6921.0,,0.78791,,,,,2026-09-12
Other Health Risks,Manchester East Avenue N [55] POC 3,48-201-0307,Harris,pollutant,Cyclohexane,Developmental,2025,2025-01-01,2025-12-31,0.0002,mean ÷ screening level,0.30747,1830.26,7581.0,,0.86541,,,,,2026-09-12
Other Health Risks,Manchester East Avenue N [55] POC 3,48-201-0307,Harris,pollutant,Cyclohexane,Developmental,2026 YTD,2026-01-01,2026-09-12,0.0001,mean ÷ screening level,0.1769,1830.26,5398.0,,0.88203,,,,,2026-09-12
Other Health Risks,Manchester East Avenue N [55] POC 3,48-201-0307,Harris,pollutant,Cyclohexane,Developmental,Last 365 Days,2025-09-12,2026-09-12,0.0002,mean ÷ screening level,0.2819,1830.26,7649.0,,0.87079,,,,,2026-09-12
Other Health Risks,Manchester East Avenue N [55] POC 3,48-201-0307,Harris,pollutant,Cyclohexane,Developmental,Sep 2026,2026-09-01,2026-09-30,0.0002,mean of weekly means ÷ screening level,0.29311,1830.26,151.0,1.0,0.89881,,,,,2026-09-12
Other Health Risks,Manchester East Avenue N [55] POC 3,48-201-0307,Harris,pollutant,Ethyl Benzene,"Developmental, Hepatic, Urinary",2023,2023-01-01,2023-12-31,0.0007,mean ÷ screening level,0.16781,230.29755,7291.0,,0.83231,,,,,2026-09-12
Other Health Risks,Manchester East Avenue N [55] POC 3,48-201-0307,Harris,pollutant,Ethyl Benzene,"Developmental, Hepatic, Urinary",2024,2024-01-01,2024-12-31,0.0006,mean ÷ screening level,0.13185,230.29755,6921.0,,0.78791,,,,,2026-09-12
Other Health Risks,Manchester East Avenue N [55] POC 3,48-201-0307,Harris,pollutant,Ethyl Benzene,"Developmental, Hepatic, Urinary",2025,2025-01-01,2025-12-31,0.0006,mean ÷ screening level,0.14052,230.29755,7581.0,,0.86541,,,,,2026-09-12
Other Health Risks,Manchester East Avenue N [55] POC 3,48-201-0307,Harris,pollutant,Ethyl Benzene,"Developmental, Hepatic, Urinary",2026 YTD,2026-01-01,2026-09-12,0.0005,mean ÷ screening level,0.11347,230.29755,5398.0,,0.88203,,,,,2026-09-12
Other Health Risks,Manchester East Avenue N [55] POC 3,48-201-0307,Harris,pollutant,Ethyl Benzene,"Developmental, Hepatic, Urinary",Last 365 Days,2025-09-12,2026-09-12,0.0006,mean ÷ screening level,0.13276,230.29755,7649.0,,0.87079,,,,,2026-09-12
Other Health Risks,Manchester East Avenue N [55] POC 3,48-201-0307,Harris,pollutant,Ethyl Benzene,"Developmental, Hepatic, Urinary",Sep 2026,2026-09-01,2026-09-30,0.0006,mean of weekly means ÷ screening level,0.14179,230.29755,453.0,3.0,0.89881,,,,,2026-09-12
Other Health Risks,Manchester East Avenue N [55] POC 3,48-201-0307,Harris,pollutant,Isopropyl Benzene - Cumene,"Endocrine, Urinary",2023,2023-01-01,2023-12-31,0.0002,mean ÷ screening level,0.01403,85.43972,7291.0,,0.83231,,,,,2026-09-12
Other Health Risks,Manchester East Avenue N [55] POC 3,48-201-0307,Harris,pollutant,Isopropyl Benzene - Cumene,"Endocrine, Urinary",2024,2024-01-01,2024-12-31,0.0001,mean ÷ screening level,0.01245,85.43972,6921.0,,0.78791,,,,,2026-09-12
Other Health Risks,Manchester East Avenue N [55] POC 3,48-201-0307,Harris,pollutant,Isopropyl Benzene - Cumene,"Endocrine, Urinary",2025,2025-01-01,2025-12-31,0.0001,mean ÷ screening level,0.01012,85.43972,7581.0,,0.86541,,,,,2026-09-12
Other Health Risks,Manchester East Avenue N [55] POC 3,48-201-0307,Harris,pollutant,Isopropyl Benzene - Cumene,"Endocrine, Urinary",2026 YTD,2026-01-01,2026-09-12,0.0001,mean ÷ screening level,0.00433,85.43972,5398.0,,0.88203,,,,,2026-09-12
Other Health Risks,Manchester East Avenue N [55] POC 3,48-201-0307,Harris,pollutant,Isopropyl Benzene - Cumene,"Endocrine, Urinary",Last 365 Days,2025-09-12,2026-09-12,0.0001,mean ÷ screening level,0.00667,85.43972,7649.0,,0.87079,,,,,2026-09-12
Other Health Risks,Manchester East Avenue N [55] POC 3,48-201-0307,Harris,pollutant,Isopropyl Benzene - Cumene,"Endocrine, Urinary",Sep 2026,2026-09-01,2026-09-30,0.0001,mean of weekly means ÷ screening level,0.00623,85.43972,302.0,2.0,0.89881,,,,,2026-09-12
Other Health Risks,Manchester East Avenue N [55] POC 3,48-201-0307,Harris,pollutant,Styrene,"Hematological, Hepatic, Nervous",2023,2023-01-01,2023-12-31,0.0005,mean ÷ screening level,0.11393,234.75756,7291.0,,0.83231,,,,,2026-09-12
Other Health Risks,Manchester East Avenue N [55] POC 3,48-201-0307,Harris,pollutant,Styrene,"Hematological, Hepatic, Nervous",2024,2024-01-01,2024-12-31,0.0003,mean ÷ screening level,0.07293,234.75756,6921.0,,0.78791,,,,,2026-09-12
Other Health Risks,Manchester East Avenue N [55] POC 3,48-201-0307,Harris,pollutant,Styrene,"Hematological, Hepatic, Nervous",2025,2025-01-01,2025-12-31,0.0005,mean ÷ screening level,0.1139,234.75756,7581.0,,0.86541,,,,,2026-09-12
Other Health Risks,Manchester East Avenue N [55] POC 3,48-201-0307,Harris,pollutant,Styrene,"Hematological, Hepatic, Nervous",2026 YTD,2026-01-01,2026-09-12,0.0006,mean ÷ screening level,0.13036,234.75756,5398.0,,0.88203,,,,,2026-09-12
Other Health Risks,Manchester East Avenue N [55] POC 3,48-201-0307,Harris,pollutant,Styrene,"Hematological, Hepatic, Nervous",Last 365 Days,2025-09-12,2026-09-12,0.0005,mean ÷ screening level,0.1214,234.75756,7649.0,,0.87079,,,,,2026-09-12
Other Health Risks,Manchester East Avenue N [55] POC 3,48-201-0307,Harris,pollutant,Styrene,"Hematological, Hepatic, Nervous",Sep 2026,2026-09-01,2026-09-30,0.0004,mean of weekly means ÷ screening level,0.10086,234.75756,453.0,3.0,0.89881,,,,,2026-09-12
Other Health Risks,Manchester East Avenue N [55] POC 3,48-201-0307,Harris,pollutant,Toluene,"Nervous, Urinary",2023,2023-01-01,2023-12-31,0.0007,mean ÷ screening level,0.9015,1379.85674,7291.0,,0.83231,,,,,2026-09-12
Other Health Risks,Manchester East Avenue N [55] POC 3,48-201-0307,Harris,pollutant,Toluene,"Nervous, Urinary",2024,2024-01-01,2024-12-31,0.0006,mean ÷ screening level,0.84388,1379.85674,6921.0,,0.78791,,,,,2026-09-12
Other Health Risks,Manchester East Avenue N [55] POC 3,48-201-0307,Harris,pollutant,Toluene,"Nervous, Urinary",2025,2025-01-01,2025-12-31,0.0006,mean ÷ screening level,0.8082,1379.85674,7581.0,,0.86541,,,,,2026-09-12
Other Health Risks,Manchester East Avenue N [55] POC 3,48-201-0307,Harris,pollutant,Toluene,"Nervous, Urinary",2026 YTD,2026-01-01,2026-09-12,0.0005,mean ÷ screening level,0.68362,1379.85674,5398.0,,0.88203,,,,,2026-09-12
Other Health Risks,Manchester East Avenue N [55] POC 3,48-201-0307,Harris,pollutant,Toluene,"Nervous, Urinary",Last 365 Days,2025-09-12,2026-09-12,0.0006,mean ÷ screening level,0.76174,1379.85674,7649.0,,0.87079,,,,,2026-09-12
Other Health Risks,Manchester East Avenue N [55] POC 3,48-201-0307,Harris,pollutant,Toluene,"Nervous, Urinary",Sep 2026,2026-09-01,2026-09-30,0.0006,mean of weekly means ÷ screening level,0.7902,1379.85674,302.0,2.0,0.89881,,,,,2026-09-12
Other Health Risks,Manchester East Avenue N [55] POC 3,48-201-0307,Harris,pollutant,n-Hexane,Nervous,2023,2023-01-01,2023-12-31,0.0033,mean ÷ screening level,0.68553,207.10722,7249.0,,0.82751,,,,,2026-09-12
Other Health Risks,Manchester East Avenue N [55] POC 3,48-201-0307,Harris,pollutant,n-Hexane,Nervous,2024,2024-01-01,2024-12-31,0.0036,mean ÷ screening level,0.75572,207.10722,6921.0,,0.78791,,,,,2026-09-12
Other Health Risks,Manchester East Avenue N [55] POC 3,48-201-0307,Harris,pollutant,n-Hexane,Nervous,2025,2025-01-01,2025-12-31,0.0041,mean ÷ screening level,0.85927,207.10722,7581.0,,0.86541,,,,,2026-09-12
Other Health Risks,Manchester East Avenue N [55] POC 3,48-201-0307,Harris,pollutant,n-Hexane,Nervous,2026 YTD,2026-01-01,2026-09-12,0.0028,mean ÷ screening level,0.58366,207.10722,5398.0,,0.88203,,,,,2026-09-12
Other Health Risks,Manchester East Avenue N [55] POC 3,48-201-0307,Harris,pollutant,n-Hexane,Nervous,Last 365 Days,2025-09-12,2026-09-12,0.0039,mean ÷ screening level,0.81549,207.10722,7649.0,,0.87079,,,,,2026-09-12
Other Health Risks,Manchester East Avenue N [55] POC 3,48-201-0307,Harris,pollutant,n-Hexane,Nervous,Sep 2026,2026-09-01,2026-09-30,0.0041,mean of weekly means ÷ screening level,0.84556,207.10722,151.0,1.0,0.89881,,,,,2026-09-12
Other Health Risks,Manchester East Avenue N [55] POC 3,48-201-0307,Harris,pollutant,o-Xylene,Nervous,2023,2023-01-01,2023-12-31,0.0068,mean ÷ screening level,0.15703,23.03,7291.0,,0.83231,,,,,2026-09-12
Other Health Risks,Manchester East Avenue N [55] POC 3,48-201-0307,Harris,pollutant,o-Xylene,Nervous,2024,2024-01-01,2024-12-31,0.006,mean ÷ screening level,0.1376,23.03,6921.0,,0.78791,,,,,2026-09-12
Other Health Risks,Manchester East Avenue N [55] POC 3,48-201-0307,Harris,pollutant,o-Xylene,Nervous,2025,2025-01-01,2025-12-31,0.0055,mean ÷ screening level,0.12666,23.03,7581.0,,0.86541,,,,,2026-09-12
Other Health Risks,Manchester East Avenue N [55] POC 3,48-201-0307,Harris,pollutant,o-Xylene,Nervous,2026 YTD,2026-01-01,2026-09-12,0.0044,mean ÷ screening level,0.10175,23.03,5398.0,,0.88203,,,,,2026-09-12
Other Health Risks,Manchester East Avenue N [55] POC 3,48-201-0307,Harris,pollutant,o-Xylene,Nervous,Last 365 Days,2025-09-12,2026-09-12,0.005,mean ÷ screening level,0.11411,23.03,7649.0,,0.87079,,,,,2026-09-12
Other Health Risks,Manchester East Avenue N [55] POC 3,48-201-0307,Harris,pollutant,o-Xylene,Nervous,Sep 2026,2026-09-01,2026-09-30,0.0056,mean of weekly means ÷ screening level,0.1294,23.03,151.0,1.0,0.89881,,,,,2026-09-12
Other Health Risks,Manchester East Avenue N [55] POC 3,48-201-0307,Harris,pollutant,p-Xylene + m-Xylene,Nervous,2023,2023-01-01,2023-12-31,0.0186,mean ÷ screening level,0.42941,23.03127,7291.0,,0.83231,,,,,2026-09-12
Other Health Risks,Manchester East Avenue N [55] POC 3,48-201-0307,Harris,pollutant,p-Xylene + m-Xylene,Nervous,2024,2024-01-01,2024-12-31,0.0184,mean ÷ screening level,0.42387,23.03127,6921.0,,0.78791,,,,,2026-09-12
Other Health Risks,Manchester East Avenue N [55] POC 3,48-201-0307,Harris,pollutant,p-Xylene + m-Xylene,Nervous,2025,2025-01-01,2025-12-31,0.0189,mean ÷ screening level,0.4344,23.03127,7581.0,,0.86541,,,,,2026-09-12
Other Health Risks,Manchester East Avenue N [55] POC 3,48-201-0307,Harris,pollutant,p-Xylene + m-Xylene,Nervous,2026 YTD,2026-01-01,2026-09-12,0.0153,mean ÷ screening level,0.3527,23.03127,5398.0,,0.88203,,,,,2026-09-12
Other Health Risks,Manchester East Avenue N [55] POC 3,48-201-0307,Harris,pollutant,p-Xylene + m-Xylene,Nervous,Last 365 Days,2025-09-12,2026-09-12,0.017,mean ÷ screening level,0.39102,23.03127,7649.0,,0.87079,,,,,2026-09-12
Other Health Risks,Manchester East Avenue N [55] POC 3,48-201-0307,Harris,pollutant,p-Xylene + m-Xylene,Nervous,Sep 2026,2026-09-01,2026-09-30,0.0186,mean of weekly means ÷ screening level,0.42742,23.03127,151.0,1.0,0.89881,,,,,2026-09-12
Other Health Risks,Manchester East Avenue N [55] POC 3,48-201-0307,Harris,total,Total,,2023,2023-01-01,2023-12-31,0.4887,sum of pollutant ratios,,,,,0.82226,,,,,2026-09-12
Other Health Risks,Manchester East Avenue N [55] POC 3,48-201-0307,Harris,total,Total,,2024,2024-01-01,2024-12-31,0.4296,sum of pollutant ratios,,,,,0.78791,,,,,2026-09-12
Other Health Risks,Manchester East Avenue N [55] POC 3,48-201-0307,Harris,total,Total,,2025,2025-01-01,2025-12-31,0.4141,sum of pollutant ratios,,,,,0.86541,,,,,2026-09-12
Other Health Risks,Manchester East Avenue N [55] POC 3,48-201-0307,Harris,total,Total,,2026 YTD,2026-01-01,2026-09-12,0.3835,sum of pollutant ratios,,,,,0.88203,,,,,2026-09-12
Other Health Risks,Manchester East Avenue N [55] POC 3,48-201-0307,Harris,total,Total,,Last 365 Days,2025-09-12,2026-09-12,0.3979,sum of pollutant ratios,,,,,0.87079,,,,,2026-09-12
Other Health Risks,Manchester East Avenue N [55] POC 3,48-201-0307,Harris,total,Total,,Sep 2026,2026-09-01,2026-09-30,0.3292,sum of pollutant ratios,,,,,0.89881,,,,,2026-09-12
Other Health Risks,Pasadena Richey Elementary School POC 4,48-201-1049,Harris,health_effect_total,Ability to have children,Reproductive,2023,2023-01-01,2023-12-31,0.1083,sum of pollutant ratios,,,,,0.81632,,,,,2026-09-12
Other Health Risks,Pasadena Richey Elementary School POC 4,48-201-1049,Harris,health_effect_total,Ability to have children,Reproductive,2024,2024-01-01,2024-12-31,0.1293,sum of pollutant ratios,,,,,0.85872,,,,,2026-09-12
Other Health Risks,Pasadena Richey Elementary School POC 4,48-201-1049,Harris,health_effect_total,Ability to have children,Reproductive,2025,2025-01-01,2025-12-31,0.1161,sum of pollutant ratios,,,,,0.84772,,,,,2026-09-12
Other Health Risks,Pasadena Richey Elementary School POC 4,48-201-1049,Harris,health_effect_total,Ability to have children,Reproductive,2026 YTD,2026-01-01,2026-09-12,0.031,sum of pollutant ratios,,,,,0.85637,,,,,2026-09-12
Other Health Risks,Pasadena Richey Elementary School POC 4,48-201-1049,Harris,health_effect_total,Ability to have children,Reproductive,Last 365 Days,2025-09-12,2026-09-12,0.0554,sum of pollutant ratios,,,,,0.84927,,,,,2026-09-12
Other Health Risks,Pasadena Richey Elementary School POC 4,48-201-1049,Harris,health_effect_total,Ability to have children,Reproductive,Sep 2026,2026-09-01,2026-09-30,0.0632,sum of pollutant ratios,,,,,0.89881,,,,,2026-09-12
Other Health Risks,Pasadena Richey Elementary School POC 4,48-201-1049,Harris,health_effect_total,Blood,Hematological,2023,2023-01-01,2023-12-31,0.0029,sum of pollutant ratios,,,,,0.81119,,,,,2026-09-12
Other Health Risks,Pasadena Richey Elementary School POC 4,48-201-1049,Harris,health_effect_total,Blood,Hematological,2024,2024-01-01,2024-12-31,0.0112,sum of pollutant ratios,,,,,0.85872,,,,,2026-09-12
Other Health Risks,Pasadena Richey Elementary School POC 4,48-201-1049,Harris,health_effect_total,Blood,Hematological,2025,2025-01-01,2025-12-31,0.0082,sum of pollutant ratios,,,,,0.84715,,,,,2026-09-12
Other Health Risks,Pasadena Richey Elementary School POC 4,48-201-1049,Harris,health_effect_total,Blood,Hematological,2026 YTD,2026-01-01,2026-09-12,0.0059,sum of pollutant ratios,,,,,0.83023,,,,,2026-09-12
Other Health Risks,Pasadena Richey Elementary School POC 4,48-201-1049,Harris,health_effect_total,Blood,Hematological,Last 365 Days,2025-09-12,2026-09-12,0.0074,sum of pollutant ratios,,,,,0.83106,,,,,2026-09-12
Other Health Risks,Pasadena Richey Elementary School POC 4,48-201-1049,Harris,health_effect_total,Blood,Hematological,Sep 2026,2026-09-01,2026-09-30,0.0074,sum of pollutant ratios,,,,,0.89881,,,,,2026-09-12
Other Health Risks,Pasadena Richey Elementary School POC 4,48-201-1049,Harris,health_effect_total,Brain and nervous system,Nervous,2023,2023-01-01,2023-12-31,0.0174,sum of pollutant ratios,,,,,0.81119,,,,,2026-09-12
Other Health Risks,Pasadena Richey Elementary School POC 4,48-201-1049,Harris,health_effect_total,Brain and nervous system,Nervous,2024,2024-01-01,2024-12-31,0.0321,sum of pollutant ratios,,,,,0.85872,,,,,2026-09-12
Other Health Risks,Pasadena Richey Elementary School POC 4,48-201-1049,Harris,health_effect_total,Brain and nervous system,Nervous,2025,2025-01-01,2025-12-31,0.0257,sum of pollutant ratios,,,,,0.84715,,,,,2026-09-12
Other Health Risks,Pasadena Richey Elementary School POC 4,48-201-1049,Harris,health_effect_total,Brain and nervous system,Nervous,2026 YTD,2026-01-01,2026-09-12,0.0169,sum of pollutant ratios,,,,,0.83023,,,,,2026-09-12
Other Health Risks,Pasadena Richey Elementary School POC 4,48-201-1049,Harris,health_effect_total,Brain and nervous system,Nervous,Last 365 Days,2025-09-12,2026-09-12,0.0227,sum of pollutant ratios,,,,,0.83106,,,,,2026-09-12
Other Health Risks,Pasadena Richey Elementary School POC 4,48-201-1049,Harris,health_effect_total,Brain and nervous system,Nervous,Sep 2026,2026-09-01,2026-09-30,0.0215,sum of pollutant ratios,,,,,0.89881,,,,,2026-09-12
Other Health Risks,Pasadena Richey Elementary School POC 4,48-201-1049,Harris,health_effect_total,Growth and development (children's),Developmental,2023,2023-01-01,2023-12-31,0.0016,sum of pollutant ratios,,,,,0.81119,,,,,2026-09-12
Other Health Risks,Pasadena Richey Elementary School POC 4,48-201-1049,Harris,health_effect_total,Growth and development (children's),Developmental,2024,2024-01-01,2024-12-31,0.0094,sum of pollutant ratios,,,,,0.85872,,,,,2026-09-12
Other Health Risks,Pasadena Richey Elementary School POC 4,48-201-1049,Harris,health_effect_total,Growth and development (children's),Developmental,2025,2025-01-01,2025-12-31,0.007,sum of pollutant ratios,,,,,0.84715,,,,,2026-09-12
Other Health Risks,Pasadena Richey Elementary School POC 4,48-201-1049,Harris,health_effect_total,Growth and development (children's),Developmental,2026 YTD,2026-01-01,2026-09-12,0.0046,sum of pollutant ratios,,,,,0.83023,,,,,2026-09-12
Other Health Risks,Pasadena Richey Elementary School POC 4,48-201-1049,Harris,health_effect_total,Growth and development (children's),Developmental,Last 365 Days,2025-09-12,2026-09-12,0.0061,sum of pollutant ratios,,,,,0.83106,,,,,2026-09-12
Other Health Risks,Pasadena Richey Elementary School POC 4,48-201-1049,Harris,health_effect_total,Growth and development (children's),Developmental,Sep 2026,2026-09-01,2026-09-30,0.0058,sum of pollutant ratios,,,,,0.89881,,,,,2026-09-12
Other Health Risks,Pasadena Richey Elementary School POC 4,48-201-1049,Harris,health_effect_total,Hormone system,Endocrine,2023,2023-01-01,2023-12-31,0.0001,sum of pollutant ratios,,,,,0.81119,,,,,2026-09-12
Other Health Risks,Pasadena Richey Elementary School POC 4,48-201-1049,Harris,health_effect_total,Hormone system,Endocrine,2024,2024-01-01,2024-12-31,0.0002,sum of pollutant ratios,,,,,0.85872,,,,,2026-09-12
Other Health Risks,Pasadena Richey Elementary School POC 4,48-201-1049,Harris,health_effect_total,Hormone system,Endocrine,2025,2025-01-01,2025-12-31,0.0002,sum of pollutant ratios,,,,,0.84772,,,,,2026-09-12
Other Health Risks,Pasadena Richey Elementary School POC 4,48-201-1049,Harris,health_effect_total,Hormone system,Endocrine,2026 YTD,2026-01-01,2026-09-12,0.0,sum of pollutant ratios,,,,,0.85637,,,,,2026-09-12
Other Health Risks,Pasadena Richey Elementary School POC 4,48-201-1049,Harris,health_effect_total,Hormone system,Endocrine,Last 365 Days,2025-09-12,2026-09-12,0.0001,sum of pollutant ratios,,,,,0.84927,,,,,2026-09-12
Other Health Risks,Pasadena Richey Elementary School POC 4,48-201-1049,Harris,health_effect_total,Hormone system,Endocrine,Sep 2026,2026-09-01,2026-09-30,0.0001,sum of pollutant ratios,,,,,0.89881,,,,,2026-09-12
Other Health Risks,Pasadena Richey Elementary School POC 4,48-201-1049,Harris,health_effect_total,Immune system,Immune,2023,2023-01-01,2023-12-31,0.0319,sum of pollutant ratios,,,,,0.81119,,,,,2026-09-12
Other Health Risks,Pasadena Richey Elementary School POC 4,48-201-1049,Harris,health_effect_total,Immune system,Immune,2024,2024-01-01,2024-12-31,0.0394,sum of pollutant ratios,,,,,0.85872,,,,,2026-09-12
Other Health Risks,Pasadena Richey Elementary School POC 4,48-201-1049,Harris,health_effect_total,Immune system,Immune,2025,2025-01-01,2025-12-31,0.0347,sum of pollutant ratios,,,,,0.84772,,,,,2026-09-12
Other Health Risks,Pasadena Richey Elementary School POC 4,48-201-1049,Harris,health_effect_total,Immune system,Immune,2026 YTD,2026-01-01,2026-09-12,0.0155,sum of pollutant ratios,,,,,0.85637,,,,,2026-09-12
Other Health Risks,Pasadena Richey Elementary School POC 4,48-201-1049,Harris,health_effect_total,Immune system,Immune,Last 365 Days,2025-09-12,2026-09-12,0.0261,sum of pollutant ratios,,,,,0.84927,,,,,2026-09-12
Other Health Risks,Pasadena Richey Elementary School POC 4,48-201-1049,Harris,health_effect_total,Immune system,Immune,Sep 2026,2026-09-01,2026-09-30,0.0178,sum of pollutant ratios,,,,,0.89881,,,,,2026-09-12
Other Health Risks,Pasadena Richey Elementary School POC 4,48-201-1049,Harris,health_effect_total,Kidneys and urinary system,Urinary,2023,2023-01-01,2023-12-31,0.0008,sum of pollutant ratios,,,,,0.81119,,,,,2026-09-12
Other Health Risks,Pasadena Richey Elementary School POC 4,48-201-1049,Harris,health_effect_total,Kidneys and urinary system,Urinary,2024,2024-01-01,2024-12-31,0.001,sum of pollutant ratios,,,,,0.85872,,,,,2026-09-12
Other Health Risks,Pasadena Richey Elementary School POC 4,48-201-1049,Harris,health_effect_total,Kidneys and urinary system,Urinary,2025,2025-01-01,2025-12-31,0.0009,sum of pollutant ratios,,,,,0.84772,,,,,2026-09-12
Other Health Risks,Pasadena Richey Elementary School POC 4,48-201-1049,Harris,health_effect_total,Kidneys and urinary system,Urinary,2026 YTD,2026-01-01,2026-09-12,0.0005,sum of pollutant ratios,,,,,0.85637,,,,,2026-09-12
Other Health Risks,Pasadena Richey Elementary School POC 4,48-201-1049,Harris,health_effect_total,Kidneys and urinary system,Urinary,Last 365 Days,2025-09-12,2026-09-12,0.0007,sum of pollutant ratios,,,,,0.84927,,,,,2026-09-12
Other Health Risks,Pasadena Richey Elementary School POC 4,48-201-1049,Harris,health_effect_total,Kidneys and urinary system,Urinary,Sep 2026,2026-09-01,2026-09-30,0.0007,sum of pollutant ratios,,,,,0.89881,,,,,2026-09-12
Other Health Risks,Pasadena Richey Elementary School POC 4,48-201-1049,Harris,health_effect_total,Liver,Hepatic,2023,2023-01-01,2023-12-31,0.0004,sum of pollutant ratios,,,,,0.81119,,,,,2026-09-12
Other Health Risks,Pasadena Richey Elementary School POC 4,48-201-1049,Harris,health_effect_total,Liver,Hepatic,2024,2024-01-01,2024-12-31,0.0005,sum of pollutant ratios,,,,,0.85872,,,,,2026-09-12
Other Health Risks,Pasadena Richey Elementary School POC 4,48-201-1049,Harris,health_effect_total,Liver,Hepatic,2025,2025-01-01,2025-12-31,0.0004,sum of pollutant ratios,,,,,0.84772,,,,,2026-09-12
Other Health Risks,Pasadena Richey Elementary School POC 4,48-201-1049,Harris,health_effect_total,Liver,Hepatic,2026 YTD,2026-01-01,2026-09-12,0.0002,sum of pollutant ratios,,,,,0.85637,,,,,2026-09-12
Other Health Risks,Pasadena Richey Elementary School POC 4,48-201-1049,Harris,health_effect_total,Liver,Hepatic,Last 365 Days,2025-09-12,2026-09-12,0.0004,sum of pollutant ratios,,,,,0.84927,,,,,2026-09-12
Other Health Risks,Pasadena Richey Elementary School POC 4,48-201-1049,Harris,health_effect_total,Liver,Hepatic,Sep 2026,2026-09-01,2026-09-30,0.0003,sum of pollutant ratios,,,,,0.89881,,,,,2026-09-12
Other Health Risks,Pasadena Richey Elementary School POC 4,48-201-1049,Harris,health_effect_total,Lungs & breathing,Respiratory,2023,2023-01-01,2023-12-31,0.0029,sum of pollutant ratios,,,,,0.81119,,,,,2026-09-12
Other Health Risks,Pasadena Richey Elementary School POC 4,48-201-1049,Harris,health_effect_total,Lungs & breathing,Respiratory,2024,2024-01-01,2024-12-31,0.0111,sum of pollutant ratios,,,,,0.85872,,,,,2026-09-12
Other Health Risks,Pasadena Richey Elementary School POC 4,48-201-1049,Harris,health_effect_total,Lungs & breathing,Respiratory,2025,2025-01-01,2025-12-31,0.0081,sum of pollutant ratios,,,,,0.84715,,,,,2026-09-12
Other Health Risks,Pasadena Richey Elementary School POC 4,48-201-1049,Harris,health_effect_total,Lungs & breathing,Respiratory,2026 YTD,2026-01-01,2026-09-12,0.0058,sum of pollutant ratios,,,,,0.83023,,,,,2026-09-12
Other Health Risks,Pasadena Richey Elementary School POC 4,48-201-1049,Harris,health_effect_total,Lungs & breathing,Respiratory,Last 365 Days,2025-09-12,2026-09-12,0.0074,sum of pollutant ratios,,,,,0.83106,,,,,2026-09-12
Other Health Risks,Pasadena Richey Elementary School POC 4,48-201-1049,Harris,health_effect_total,Lungs & breathing,Respiratory,Sep 2026,2026-09-01,2026-09-30,0.0074,sum of pollutant ratios,,,,,0.89881,,,,,2026-09-12
Other Health Risks,Pasadena Richey Elementary School POC 4,48-201-1049,Harris,pollutant,"1,2,3-Trimethylbenzene","Hematological, Nervous, Respiratory",2023,2023-01-01,2023-12-31,0.0029,mean ÷ screening level,0.03669,12.81596,7106.0,,0.81119,,,,,2026-09-12
Other Health Risks,Pasadena Richey Elementary School POC 4,48-201-1049,Harris,pollutant,"1,2,3-Trimethylbenzene","Hematological, Nervous, Respiratory",2024,2024-01-01,2024-12-31,0.0047,mean ÷ screening level,0.0601,12.81596,7543.0,,0.85872,,,,,2026-09-12
Other Health Risks,Pasadena Richey Elementary School POC 4,48-201-1049,Harris,pollutant,"1,2,3-Trimethylbenzene","Hematological, Nervous, Respiratory",2025,2025-01-01,2025-12-31,0.0033,mean ÷ screening level,0.04186,12.81596,7426.0,,0.84772,,,,,2026-09-12
Other Health Risks,Pasadena Richey Elementary School POC 4,48-201-1049,Harris,pollutant,"1,2,3-Trimethylbenzene","Hematological, Nervous, Respiratory",2026 YTD,2026-01-01,2026-09-12,0.0022,mean ÷ screening level,0.02866,12.81596,5100.0,,0.83333,,,,,2026-09-12
Other Health Risks,Pasadena Richey Elementary School POC 4,48-201-1049,Harris,pollutant,"1,2,3-Trimethylbenzene","Hematological, Nervous, Respiratory",Last 365 Days,2025-09-12,2026-09-12,0.0028,mean ÷ screening level,0.03605,12.81596,7319.0,,0.83322,,,,,2026-09-12
Other Health Risks,Pasadena Richey Elementary School POC 4,48-201-1049,Harris,pollutant,"1,2,3-Trimethylbenzene","Hematological, Nervous, Respiratory",Sep 2026,2026-09-01,2026-09-30,0.0029,mean of weekly means ÷ screening level,0.03775,12.81596,453.0,3.0,0.89881,,,,,2026-09-12
Other Health Risks,Pasadena Richey Elementary School POC 4,48-201-1049,Harris,pollutant,"1,2,4-Trimethylbenzene","Hematological, Nervous, Developmental, Respiratory",2023,2023-01-01,2023-12-31,,mean ÷ screening level,,,,,,,,,,2026-09-12
Other Health Risks,Pasadena Richey Elementary School POC 4,48-201-1049,Harris,pollutant,"1,2,4-Trimethylbenzene","Hematological, Nervous, Developmental, Respiratory",2024,2024-01-01,2024-12-31,0.0064,mean ÷ screening level,0.08172,12.81596,7543.0,,0.85872,,,,,2026-09-12
Other Health Risks,Pasadena Richey Elementary School POC 4,48-201-1049,Harris,pollutant,"1,2,4-Trimethylbenzene","Hematological, Nervous, Developmental, Respiratory",2025,2025-01-01,2025-12-31,0.0048,mean ÷ screening level,0.06188,12.81596,7421.0,,0.84715,,,,,2026-09-12
Other Health Risks,Pasadena Richey Elementary School POC 4,48-201-1049,Harris,pollutant,"1,2,4-Trimethylbenzene","Hematological, Nervous, Developmental, Respiratory",2026 YTD,2026-01-01,2026-09-12,0.0036,mean ÷ screening level,0.04621,12.81596,5081.0,,0.83023,,,,,2026-09-12
Other Health Risks,Pasadena Richey Elementary School POC 4,48-201-1049,Harris,pollutant,"1,2,4-Trimethylbenzene","Hematological, Nervous, Developmental, Respiratory",Last 365 Days,2025-09-12,2026-09-12,0.0046,mean ÷ screening level,0.05843,12.81596,7300.0,,0.83106,,,,,2026-09-12
Other Health Risks,Pasadena Richey Elementary School POC 4,48-201-1049,Harris,pollutant,"1,2,4-Trimethylbenzene","Hematological, Nervous, Developmental, Respiratory",Sep 2026,2026-09-01,2026-09-30,0.0044,mean of weekly means ÷ screening level,0.05682,12.81596,604.0,4.0,0.89881,,,,,2026-09-12
Other Health Risks,Pasadena Richey Elementary School POC 4,48-201-1049,Harris,pollutant,"1,3,5-Trimethylbenzene","Developmental, Nervous",2023,2023-01-01,2023-12-31,0.0012,mean ÷ screening level,0.01508,12.81596,7106.0,,0.81119,,,,,2026-09-12
Other Health Risks,Pasadena Richey Elementary School POC 4,48-201-1049,Harris,pollutant,"1,3,5-Trimethylbenzene","Developmental, Nervous",2024,2024-01-01,2024-12-31,0.0025,mean ÷ screening level,0.03194,12.81596,7543.0,,0.85872,,,,,2026-09-12
Other Health Risks,Pasadena Richey Elementary School POC 4,48-201-1049,Harris,pollutant,"1,3,5-Trimethylbenzene","Developmental, Nervous",2025,2025-01-01,2025-12-31,0.0017,mean ÷ screening level,0.02146,12.81596,7426.0,,0.84772,,,,,2026-09-12
Other Health Risks,Pasadena Richey Elementary School POC 4,48-201-1049,Harris,pollutant,"1,3,5-Trimethylbenzene","Developmental, Nervous",2026 YTD,2026-01-01,2026-09-12,0.0007,mean ÷ screening level,0.0096,12.81596,5100.0,,0.83333,,,,,2026-09-12
Other Health Risks,Pasadena Richey Elementary School POC 4,48-201-1049,Harris,pollutant,"1,3,5-Trimethylbenzene","Developmental, Nervous",Last 365 Days,2025-09-12,2026-09-12,0.0012,mean ÷ screening level,0.01529,12.81596,7319.0,,0.83322,,,,,2026-09-12
Other Health Risks,Pasadena Richey Elementary School POC 4,48-201-1049,Harris,pollutant,"1,3,5-Trimethylbenzene","Developmental, Nervous",Sep 2026,2026-09-01,2026-09-30,0.001,mean of weekly means ÷ screening level,0.01305,12.81596,302.0,2.0,0.89881,,,,,2026-09-12
Other Health Risks,Pasadena Richey Elementary School POC 4,48-201-1049,Harris,pollutant,"1,3-Butadiene",Reproductive,2023,2023-01-01,2023-12-31,0.1083,mean ÷ screening level,0.10279,0.94925,7151.0,,0.81632,,,,,2026-09-12
Other Health Risks,Pasadena Richey Elementary School POC 4,48-201-1049,Harris,pollutant,"1,3-Butadiene",Reproductive,2024,2024-01-01,2024-12-31,0.1293,mean ÷ screening level,0.12271,0.94925,7543.0,,0.85872,,,,,2026-09-12
Other Health Risks,Pasadena Richey Elementary School POC 4,48-201-1049,Harris,pollutant,"1,3-Butadiene",Reproductive,2025,2025-01-01,2025-12-31,0.1161,mean ÷ screening level,0.11025,0.94925,7426.0,,0.84772,,,,,2026-09-12
Other Health Risks,Pasadena Richey Elementary School POC 4,48-201-1049,Harris,pollutant,"1,3-Butadiene",Reproductive,2026 YTD,2026-01-01,2026-09-12,0.031,mean ÷ screening level,0.02941,0.94925,5241.0,,0.85637,,,,,2026-09-12
Other Health Risks,Pasadena Richey Elementary School POC 4,48-201-1049,Harris,pollutant,"1,3-Butadiene",Reproductive,Last 365 Days,2025-09-12,2026-09-12,0.0554,mean ÷ screening level,0.05262,0.94925,7460.0,,0.84927,,,,,2026-09-12
Other Health Risks,Pasadena Richey Elementary School POC 4,48-201-1049,Harris,pollutant,"1,3-Butadiene",Reproductive,Sep 2026,2026-09-01,2026-09-30,0.0632,mean of weekly means ÷ screening level,0.06,0.94925,151.0,1.0,0.89881,,,,,2026-09-12
Other Health Risks,Pasadena Richey Elementary School POC 4,48-201-1049,Harris,pollutant,Benzene,Immune,2023,2023-01-01,2023-12-31,0.0319,mean ÷ screening level,0.30931,9.70362,7106.0,,0.81119,,,,,2026-09-12
Other Health Risks,Pasadena Richey Elementary School POC 4,48-201-1049,Harris,pollutant,Benzene,Immune,2024,2024-01-01,2024-12-31,0.0394,mean ÷ screening level,0.38221,9.70362,7543.0,,0.85872,,,,,2026-09-12
Other Health Risks,Pasadena Richey Elementary School POC 4,48-201-1049,Harris,pollutant,Benzene,Immune,2025,2025-01-01,2025-12-31,0.0347,mean ÷ screening level,0.3372,9.70362,7426.0,,0.84772,,,,,2026-09-12
Other Health Risks,Pasadena Richey Elementary School POC 4,48-201-1049,Harris,pollutant,Benzene,Immune,2026 YTD,2026-01-01,2026-09-12,0.0155,mean ÷ screening level,0.15035,9.70362,5241.0,,0.85637,,,,,2026-09-12
Other Health Risks,Pasadena Richey Elementary School POC 4,48-201-1049,Harris,pollutant,Benzene,Immune,Last 365 Days,2025-09-12,2026-09-12,0.0261,mean ÷ screening level,0.25326,9.70362,7460.0,,0.84927,,,,,2026-09-12
Other Health Risks,Pasadena Richey Elementary School POC 4,48-201-1049,Harris,pollutant,Benzene,Immune,Sep 2026,2026-09-01,2026-09-30,0.0178,mean of weekly means ÷ screening level,0.17285,9.70362,151.0,1.0,0.89881,,,,,2026-09-12
Other Health Risks,Pasadena Richey Elementary School POC 4,48-201-1049,Harris,pollutant,Cyclohexane,Developmental,2023,2023-01-01,2023-12-31,0.0001,mean ÷ screening level,0.18137,1830.26,7106.0,,0.81119,,,,,2026-09-12
Other Health Risks,Pasadena Richey Elementary School POC 4,48-201-1049,Harris,pollutant,Cyclohexane,Developmental,2024,2024-01-01,2024-12-31,0.0001,mean ÷ screening level,0.22702,1830.26,7543.0,,0.85872,,,,,2026-09-12
Other Health Risks,Pasadena Richey Elementary School POC 4,48-201-1049,Harris,pollutant,Cyclohexane,Developmental,2025,2025-01-01,2025-12-31,0.0001,mean ÷ screening level,0.21254,1830.26,7426.0,,0.84772,,,,,2026-09-12
Other Health Risks,Pasadena Richey Elementary School POC 4,48-201-1049,Harris,pollutant,Cyclohexane,Developmental,2026 YTD,2026-01-01,2026-09-12,0.0001,mean ÷ screening level,0.10886,1830.26,5241.0,,0.85637,,,,,2026-09-12
Other Health Risks,Pasadena Richey Elementary School POC 4,48-201-1049,Harris,pollutant,Cyclohexane,Developmental,Last 365 Days,2025-09-12,2026-09-12,0.0001,mean ÷ screening level,0.1752,1830.26,7460.0,,0.84927,,,,,2026-09-12
Other Health Risks,Pasadena Richey Elementary School POC 4,48-201-1049,Harris,pollutant,Cyclohexane,Developmental,Sep 2026,2026-09-01,2026-09-30,0.0001,mean of weekly means ÷ screening level,0.18007,1830.26,151.0,1.0,0.89881,,,,,2026-09-12
Other Health Risks,Pasadena Richey Elementary School POC 4,48-201-1049,Harris,pollutant,Ethyl Benzene,"Developmental, Hepatic, Urinary",2023,2023-01-01,2023-12-31,0.0003,mean ÷ screening level,0.07014,230.29755,7106.0,,0.81119,,,,,2026-09-12
Other Health Risks,Pasadena Richey Elementary School POC 4,48-201-1049,Harris,pollutant,Ethyl Benzene,"Developmental, Hepatic, Urinary",2024,2024-01-01,2024-12-31,0.0004,mean ÷ screening level,0.08655,230.29755,7543.0,,0.85872,,,,,2026-09-12
Other Health Risks,Pasadena Richey Elementary School POC 4,48-201-1049,Harris,pollutant,Ethyl Benzene,"Developmental, Hepatic, Urinary",2025,2025-01-01,2025-12-31,0.0003,mean ÷ screening level,0.07742,230.29755,7426.0,,0.84772,,,,,2026-09-12
Other Health Risks,Pasadena Richey Elementary School POC 4,48-201-1049,Harris,pollutant,Ethyl Benzene,"Developmental, Hepatic, Urinary",2026 YTD,2026-01-01,2026-09-12,0.0002,mean ÷ screening level,0.04527,230.29755,5241.0,,0.85637,,,,,2026-09-12
Other Health Risks,Pasadena Richey Elementary School POC 4,48-201-1049,Harris,pollutant,Ethyl Benzene,"Developmental, Hepatic, Urinary",Last 365 Days,2025-09-12,2026-09-12,0.0003,mean ÷ screening level,0.06573,230.29755,7460.0,,0.84927,,,,,2026-09-12
Other Health Risks,Pasadena Richey Elementary School POC 4,48-201-1049,Harris,pollutant,Ethyl Benzene,"Developmental, Hepatic, Urinary",Sep 2026,2026-09-01,2026-09-30,0.0003,mean of weekly means ÷ screening level,0.05993,230.29755,453.0,3.0,0.89881,,,,,2026-09-12
Other Health Risks,Pasadena Richey Elementary School POC 4,48-201-1049,Harris,pollutant,Isopropyl Benzene - Cumene,"Endocrine, Urinary",2023,2023-01-01,2023-12-31,0.0001,mean ÷ screening level,0.01184,85.43972,7106.0,,0.81119,,,,,2026-09-12
Other Health Risks,Pasadena Richey Elementary School POC 4,48-201-1049,Harris,pollutant,Isopropyl Benzene - Cumene,"Endocrine, Urinary",2024,2024-01-01,2024-12-31,0.0002,mean ÷ screening level,0.01395,85.43972,7543.0,,0.85872,,,,,2026-09-12
Other Health Risks,Pasadena Richey Elementary School POC 4,48-201-1049,Harris,pollutant,Isopropyl Benzene - Cumene,"Endocrine, Urinary",2025,2025-01-01,2025-12-31,0.0002,mean ÷ screening level,0.01324,85.43972,7426.0,,0.84772,,,,,2026-09-12
Other Health Risks,Pasadena Richey Elementary School POC 4,48-201-1049,Harris,pollutant,Isopropyl Benzene - Cumene,"Endocrine, Urinary",2026 YTD,2026-01-01,2026-09-12,0.0,mean ÷ screening level,0.00349,85.43972,5241.0,,0.85637,,,,,2026-09-12
Other Health Risks,Pasadena Richey Elementary School POC 4,48-201-1049,Harris,pollutant,Isopropyl Benzene - Cumene,"Endocrine, Urinary",Last 365 Days,2025-09-12,2026-09-12,0.0001,mean ÷ screening level,0.0087,85.43972,7460.0,,0.84927,,,,,2026-09-12
Other Health Risks,Pasadena Richey Elementary School POC 4,48-201-1049,Harris,pollutant,Isopropyl Benzene - Cumene,"Endocrine, Urinary",Sep 2026,2026-09-01,2026-09-30,0.0001,mean of weekly means ÷ screening level,0.00848,85.43972,302.0,2.0,0.89881,,,,,2026-09-12
Other Health Risks,Pasadena Richey Elementary School POC 4,48-201-1049,Harris,pollutant,Styrene,"Hematological, Hepatic, Nervous",2023,2023-01-01,2023-12-31,0.0001,mean ÷ screening level,0.01666,234.75756,7106.0,,0.81119,,,,,2026-09-12
Other Health Risks,Pasadena Richey Elementary School POC 4,48-201-1049,Harris,pollutant,Styrene,"Hematological, Hepatic, Nervous",2024,2024-01-01,2024-12-31,0.0001,mean ÷ screening level,0.02365,234.75756,7543.0,,0.85872,,,,,2026-09-12
Other Health Risks,Pasadena Richey Elementary School POC 4,48-201-1049,Harris,pollutant,Styrene,"Hematological, Hepatic, Nervous",2025,2025-01-01,2025-12-31,0.0001,mean ÷ screening level,0.0196,234.75756,7426.0,,0.84772,,,,,2026-09-12
Other Health Risks,Pasadena Richey Elementary School POC 4,48-201-1049,Harris,pollutant,Styrene,"Hematological, Hepatic, Nervous",2026 YTD,2026-01-01,2026-09-12,0.0,mean ÷ screening level,0.01052,234.75756,5241.0,,0.85637,,,,,2026-09-12
Other Health Risks,Pasadena Richey Elementary School POC 4,48-201-1049,Harris,pollutant,Styrene,"Hematological, Hepatic, Nervous",Last 365 Days,2025-09-12,2026-09-12,0.0001,mean ÷ screening level,0.01582,234.75756,7460.0,,0.84927,,,,,2026-09-12
Other Health Risks,Pasadena Richey Elementary School POC 4,48-201-1049,Harris,pollutant,Styrene,"Hematological, Hepatic, Nervous",Sep 2026,2026-09-01,2026-09-30,0.0001,mean of weekly means ÷ screening level,0.01265,234.75756,453.0,3.0,0.89881,,,,,2026-09-12
Other Health Risks,Pasadena Richey Elementary School POC 4,48-201-1049,Harris,pollutant,Toluene,"Nervous, Urinary",2023,2023-01-01,2023-12-31,0.0004,mean ÷ screening level,0.52079,1379.85674,7106.0,,0.81119,,,,,2026-09-12
Other Health Risks,Pasadena Richey Elementary School POC 4,48-201-1049,Harris,pollutant,Toluene,"Nervous, Urinary",2024,2024-01-01,2024-12-31,0.0004,mean ÷ screening level,0.603,1379.85674,7543.0,,0.85872,,,,,2026-09-12
Other Health Risks,Pasadena Richey Elementary School POC 4,48-201-1049,Harris,pollutant,Toluene,"Nervous, Urinary",2025,2025-01-01,2025-12-31,0.0004,mean ÷ screening level,0.55177,1379.85674,7426.0,,0.84772,,,,,2026-09-12
Other Health Risks,Pasadena Richey Elementary School POC 4,48-201-1049,Harris,pollutant,Toluene,"Nervous, Urinary",2026 YTD,2026-01-01,2026-09-12,0.0003,mean ÷ screening level,0.36993,1379.85674,5241.0,,0.85637,,,,,2026-09-12
Other Health Risks,Pasadena Richey Elementary School POC 4,48-201-1049,Harris,pollutant,Toluene,"Nervous, Urinary",Last 365 Days,2025-09-12,2026-09-12,0.0003,mean ÷ screening level,0.47984,1379.85674,7460.0,,0.84927,,,,,2026-09-12
Other Health Risks,Pasadena Richey Elementary School POC 4,48-201-1049,Harris,pollutant,Toluene,"Nervous, Urinary",Sep 2026,2026-09-01,2026-09-30,0.0003,mean of weekly means ÷ screening level,0.47762,1379.85674,302.0,2.0,0.89881,,,,,2026-09-12
Other Health Risks,Pasadena Richey Elementary School POC 4,48-201-1049,Harris,pollutant,n-Hexane,Nervous,2023,2023-01-01,2023-12-31,0.0025,mean ÷ screening level,0.52269,207.10722,7106.0,,0.81119,,,,,2026-09-12
Other Health Risks,Pasadena Richey Elementary School POC 4,48-201-1049,Harris,pollutant,n-Hexane,Nervous,2024,2024-01-01,2024-12-31,0.0034,mean ÷ screening level,0.69382,207.10722,7543.0,,0.85872,,,,,2026-09-12
Other Health Risks,Pasadena Richey Elementary School POC 4,48-201-1049,Harris,pollutant,n-Hexane,Nervous,2025,2025-01-01,2025-12-31,0.0034,mean ÷ screening level,0.69827,207.10722,7426.0,,0.84772,,,,,2026-09-12
Other Health Risks,Pasadena Richey Elementary School POC 4,48-201-1049,Harris,pollutant,n-Hexane,Nervous,2026 YTD,2026-01-01,2026-09-12,0.0019,mean ÷ screening level,0.39206,207.10722,5241.0,,0.85637,,,,,2026-09-12
Other Health Risks,Pasadena Richey Elementary School POC 4,48-201-1049,Harris,pollutant,n-Hexane,Nervous,Last 365 Days,2025-09-12,2026-09-12,0.003,mean ÷ screening level,0.62684,207.10722,7460.0,,0.84927,,,,,2026-09-12
Other Health Risks,Pasadena Richey Elementary School POC 4,48-201-1049,Harris,pollutant,n-Hexane,Nervous,Sep 2026,2026-09-01,2026-09-30,0.0029,mean of weekly means ÷ screening level,0.59748,207.10722,151.0,1.0,0.89881,,,,,2026-09-12
Other Health Risks,Pasadena Richey Elementary School POC 4,48-201-1049,Harris,pollutant,o-Xylene,Nervous,2023,2023-01-01,2023-12-31,0.0022,mean ÷ screening level,0.05165,23.03,7106.0,,0.81119,,,,,2026-09-12
Other Health Risks,Pasadena Richey Elementary School POC 4,48-201-1049,Harris,pollutant,o-Xylene,Nervous,2024,2024-01-01,2024-12-31,0.0036,mean ÷ screening level,0.08262,23.03,7543.0,,0.85872,,,,,2026-09-12
Other Health Risks,Pasadena Richey Elementary School POC 4,48-201-1049,Harris,pollutant,o-Xylene,Nervous,2025,2025-01-01,2025-12-31,0.0029,mean ÷ screening level,0.06738,23.03,7426.0,,0.84772,,,,,2026-09-12
Other Health Risks,Pasadena Richey Elementary School POC 4,48-201-1049,Harris,pollutant,o-Xylene,Nervous,2026 YTD,2026-01-01,2026-09-12,0.0018,mean ÷ screening level,0.0421,23.03,5241.0,,0.85637,,,,,2026-09-12
Other Health Risks,Pasadena Richey Elementary School POC 4,48-201-1049,Harris,pollutant,o-Xylene,Nervous,Last 365 Days,2025-09-12,2026-09-12,0.0025,mean ÷ screening level,0.05828,23.03,7460.0,,0.84927,,,,,2026-09-12
Other Health Risks,Pasadena Richey Elementary School POC 4,48-201-1049,Harris,pollutant,o-Xylene,Nervous,Sep 2026,2026-09-01,2026-09-30,0.0023,mean of weekly means ÷ screening level,0.05391,23.03,151.0,1.0,0.89881,,,,,2026-09-12
Other Health Risks,Pasadena Richey Elementary School POC 4,48-201-1049,Harris,pollutant,p-Xylene + m-Xylene,Nervous,2023,2023-01-01,2023-12-31,0.0082,mean ÷ screening level,0.18841,23.03127,7106.0,,0.81119,,,,,2026-09-12
Other Health Risks,Pasadena Richey Elementary School POC 4,48-201-1049,Harris,pollutant,p-Xylene + m-Xylene,Nervous,2024,2024-01-01,2024-12-31,0.011,mean ÷ screening level,0.25405,23.03127,7543.0,,0.85872,,,,,2026-09-12
Other Health Risks,Pasadena Richey Elementary School POC 4,48-201-1049,Harris,pollutant,p-Xylene + m-Xylene,Nervous,2025,2025-01-01,2025-12-31,0.0092,mean ÷ screening level,0.21175,23.03127,7426.0,,0.84772,,,,,2026-09-12
Other Health Risks,Pasadena Richey Elementary School POC 4,48-201-1049,Harris,pollutant,p-Xylene + m-Xylene,Nervous,2026 YTD,2026-01-01,2026-09-12,0.0062,mean ÷ screening level,0.14337,23.03127,5222.0,,0.85327,,,,,2026-09-12
Other Health Risks,Pasadena Richey Elementary School POC 4,48-201-1049,Harris,pollutant,p-Xylene + m-Xylene,Nervous,Last 365 Days,2025-09-12,2026-09-12,0.0082,mean ÷ screening level,0.18906,23.03127,7441.0,,0.84711,,,,,2026-09-12
Other Health Risks,Pasadena Richey Elementary School POC 4,48-201-1049,Harris,pollutant,p-Xylene + m-Xylene,Nervous,Sep 2026,2026-09-01,2026-09-30,0.0075,mean of weekly means ÷ screening level,0.17285,23.03127,151.0,1.0,0.89881,,,,,2026-09-12
Other Health Risks,Pasadena Richey Elementary School POC 4,48-201-1049,Harris,total,Total,,2023,2023-01-01,2023-12-31,0.1581,sum of pollutant ratios,,,,,0.81119,,,,,2026-09-12
Other Health Risks,Pasadena Richey Elementary School POC 4,48-201-1049,Harris,total,Total,,2024,2024-01-01,2024-12-31,0.2014,sum of pollutant ratios,,,,,0.85872,,,,,2026-09-12
Other Health Risks,Pasadena Richey Elementary School POC 4,48-201-1049,Harris,total,Total,,2025,2025-01-01,2025-12-31,0.1772,sum of pollutant ratios,,,,,0.84715,,,,,2026-09-12
Other Health Risks,Pasadena Richey Elementary School POC 4,48-201-1049,Harris,total,Total,,2026 YTD,2026-01-01,2026-09-12,0.0636,sum of pollutant ratios,,,,,0.83023,,,,,2026-09-12
Other Health Risks,Pasadena Richey Elementary School POC 4,48-201-1049,Harris,total,Total,,Last 365 Days,2025-09-12,2026-09-12,0.1048,sum of pollutant ratios,,,,,0.83106,,,,,2026-09-12
Other Health Risks,Pasadena Richey Elementary School POC 4,48-201-1049,Harris,total,Total,,Sep 2026,2026-09-01,2026-09-30,0.103,sum of pollutant ratios,,,,,0.89881,,,,,2026-09-12
Other Health Risks,Wallisville Road [24] POC 1,48-201-0617,Harris,health_effect_total,Ability to have children,Reproductive,2023,2023-01-01,2023-12-31,0.0604,sum of pollutant ratios,,,,,0.83482,,,,,2026-09-12
Other Health Risks,Wallisville Road [24] POC 1,48-201-0617,Harris,health_effect_total,Ability to have children,Reproductive,2024,2024-01-01,2024-12-31,0.0434,sum of pollutant ratios,,,,,0.83698,,,,,2026-09-12
Other Health Risks,Wallisville Road [24] POC 1,48-201-0617,Harris,health_effect_total,Ability to have children,Reproductive,2025,2025-01-01,2025-12-31,0.0561,sum of pollutant ratios,,,,,0.81393,,,,,2026-09-12
Other Health Risks,Wallisville Road [24] POC 1,48-201-0617,Harris,health_effect_total,Ability to have children,Reproductive,2026 YTD,2026-01-01,2026-09-12,0.048,sum of pollutant ratios,,,,,0.83775,,,,,2026-09-12
Other Health Risks,Wallisville Road [24] POC 1,48-201-0617,Harris,health_effect_total,Ability to have children,Reproductive,Last 365 Days,2025-09-12,2026-09-12,0.0493,sum of pollutant ratios,,,,,0.84199,,,,,2026-09-12
Other Health Risks,Wallisville Road [24] POC 1,48-201-0617,Harris,health_effect_total,Ability to have children,Reproductive,Sep 2026,2026-09-01,2026-09-30,0.0526,sum of pollutant ratios,,,,,0.8869,,,,,2026-09-12
Other Health Risks,Wallisville Road [24] POC 1,48-201-0617,Harris,health_effect_total,Blood,Hematological,2023,2023-01-01,2023-12-31,0.0031,sum of pollutant ratios,,,,,0.81689,,,,,2026-09-12
Other Health Risks,Wallisville Road [24] POC 1,48-201-0617,Harris,health_effect_total,Blood,Hematological,2024,2024-01-01,2024-12-31,0.002,sum of pollutant ratios,,,,,0.80931,,,,,2026-09-12
Other Health Risks,Wallisville Road [24] POC 1,48-201-0617,Harris,health_effect_total,Blood,Hematological,2025,2025-01-01,2025-12-31,0.0024,sum of pollutant ratios,,,,,0.79635,,,,,2026-09-12
Other Health Risks,Wallisville Road [24] POC 1,48-201-0617,Harris,health_effect_total,Blood,Hematological,2026 YTD,2026-01-01,2026-09-12,0.0032,sum of pollutant ratios,,,,,0.83284,,,,,2026-09-12
Other Health Risks,Wallisville Road [24] POC 1,48-201-0617,Harris,health_effect_total,Blood,Hematological,Last 365 Days,2025-09-12,2026-09-12,0.0035,sum of pollutant ratios,,,,,0.72541,*,,,,2026-09-12
Other Health Risks,Wallisville Road [24] POC 1,48-201-0617,Harris,health_effect_total,Blood,Hematological,Sep 2026,2026-09-01,2026-09-30,0.0023,sum of pollutant ratios,,,,,0.8869,,,,,2026-09-12
Other Health Risks,Wallisville Road [24] POC 1,48-201-0617,Harris,health_effect_total,Brain and nervous system,Nervous,2023,2023-01-01,2023-12-31,0.0102,sum of pollutant ratios,,,,,0.81689,,,,,2026-09-12
Other Health Risks,Wallisville Road [24] POC 1,48-201-0617,Harris,health_effect_total,Brain and nervous system,Nervous,2024,2024-01-01,2024-12-31,0.0084,sum of pollutant ratios,,,,,0.80931,,,,,2026-09-12
Other Health Risks,Wallisville Road [24] POC 1,48-201-0617,Harris,health_effect_total,Brain and nervous system,Nervous,2025,2025-01-01,2025-12-31,0.0085,sum of pollutant ratios,,,,,0.79635,,,,,2026-09-12
Other Health Risks,Wallisville Road [24] POC 1,48-201-0617,Harris,health_effect_total,Brain and nervous system,Nervous,2026 YTD,2026-01-01,2026-09-12,0.0098,sum of pollutant ratios,,,,,0.83284,,,,,2026-09-12
Other Health Risks,Wallisville Road [24] POC 1,48-201-0617,Harris,health_effect_total,Brain and nervous system,Nervous,Last 365 Days,2025-09-12,2026-09-12,0.01,sum of pollutant ratios,,,,,0.72541,*,,,,2026-09-12
Other Health Risks,Wallisville Road [24] POC 1,48-201-0617,Harris,health_effect_total,Brain and nervous system,Nervous,Sep 2026,2026-09-01,2026-09-30,0.0084,sum of pollutant ratios,,,,,0.8869,,,,,2026-09-12
Other Health Risks,Wallisville Road [24] POC 1,48-201-0617,Harris,health_effect_total,Growth and development (children's),Developmental,2023,2023-01-01,2023-12-31,0.0038,sum of pollutant ratios,,,,,0.81689,,,,,2026-09-12
Other Health Risks,Wallisville Road [24] POC 1,48-201-0617,Harris,health_effect_total,Growth and development (children's),Developmental,2024,2024-01-01,2024-12-31,0.0026,sum of pollutant ratios,,,,,0.80931,,,,,2026-09-12
Other Health Risks,Wallisville Road [24] POC 1,48-201-0617,Harris,health_effect_total,Growth and development (children's),Developmental,2025,2025-01-01,2025-12-31,0.003,sum of pollutant ratios,,,,,0.79635,,,,,2026-09-12
Other Health Risks,Wallisville Road [24] POC 1,48-201-0617,Harris,health_effect_total,Growth and development (children's),Developmental,2026 YTD,2026-01-01,2026-09-12,0.0026,sum of pollutant ratios,,,,,0.83775,,,,,2026-09-12
Other Health Risks,Wallisville Road [24] POC 1,48-201-0617,Harris,health_effect_total,Growth and development (children's),Developmental,Last 365 Days,2025-09-12,2026-09-12,0.0028,sum of pollutant ratios,,,,,0.84199,,,,,2026-09-12
Other Health Risks,Wallisville Road [24] POC 1,48-201-0617,Harris,health_effect_total,Growth and development (children's),Developmental,Sep 2026,2026-09-01,2026-09-30,0.0022,sum of pollutant ratios,,,,,0.8869,,,,,2026-09-12
Other Health Risks,Wallisville Road [24] POC 1,48-201-0617,Harris,health_effect_total,Hormone system,Endocrine,2023,2023-01-01,2023-12-31,0.0003,sum of pollutant ratios,,,,,0.83562,,,,,2026-09-12
Other Health Risks,Wallisville Road [24] POC 1,48-201-0617,Harris,health_effect_total,Hormone system,Endocrine,2024,2024-01-01,2024-12-31,0.0,sum of pollutant ratios,,,,,0.83698,,,,,2026-09-12
Other Health Risks,Wallisville Road [24] POC 1,48-201-0617,Harris,health_effect_total,Hormone system,Endocrine,2025,2025-01-01,2025-12-31,0.0,sum of pollutant ratios,,,,,0.81621,,,,,2026-09-12
Other Health Risks,Wallisville Road [24] POC 1,48-201-0617,Harris,health_effect_total,Hormone system,Endocrine,2026 YTD,2026-01-01,2026-09-12,0.0,sum of pollutant ratios,,,,,0.83775,,,,,2026-09-12
Other Health Risks,Wallisville Road [24] POC 1,48-201-0617,Harris,health_effect_total,Hormone system,Endocrine,Last 365 Days,2025-09-12,2026-09-12,0.0,sum of pollutant ratios,,,,,0.84199,,,,,2026-09-12
Other Health Risks,Wallisville Road [24] POC 1,48-201-0617,Harris,health_effect_total,Hormone system,Endocrine,Sep 2026,2026-09-01,2026-09-30,0.0,sum of pollutant ratios,,,,,0.8869,,,,,2026-09-12
Other Health Risks,Wallisville Road [24] POC 1,48-201-0617,Harris,health_effect_total,Immune system,Immune,2023,2023-01-01,2023-12-31,0.0184,sum of pollutant ratios,,,,,0.83562,,,,,2026-09-12
Other Health Risks,Wallisville Road [24] POC 1,48-201-0617,Harris,health_effect_total,Immune system,Immune,2024,2024-01-01,2024-12-31,0.0182,sum of pollutant ratios,,,,,0.83698,,,,,2026-09-12
Other Health Risks,Wallisville Road [24] POC 1,48-201-0617,Harris,health_effect_total,Immune system,Immune,2025,2025-01-01,2025-12-31,0.016,sum of pollutant ratios,,,,,0.82352,,,,,2026-09-12
Other Health Risks,Wallisville Road [24] POC 1,48-201-0617,Harris,health_effect_total,Immune system,Immune,2026 YTD,2026-01-01,2026-09-12,0.0219,sum of pollutant ratios,,,,,0.83775,,,,,2026-09-12
Other Health Risks,Wallisville Road [24] POC 1,48-201-0617,Harris,health_effect_total,Immune system,Immune,Last 365 Days,2025-09-12,2026-09-12,0.0204,sum of pollutant ratios,,,,,0.84199,,,,,2026-09-12
Other Health Risks,Wallisville Road [24] POC 1,48-201-0617,Harris,health_effect_total,Immune system,Immune,Sep 2026,2026-09-01,2026-09-30,0.0105,sum of pollutant ratios,,,,,0.8869,,,,,2026-09-12
Other Health Risks,Wallisville Road [24] POC 1,48-201-0617,Harris,health_effect_total,Kidneys and urinary system,Urinary,2023,2023-01-01,2023-12-31,0.0006,sum of pollutant ratios,,,,,0.8355,,,,,2026-09-12
Other Health Risks,Wallisville Road [24] POC 1,48-201-0617,Harris,health_effect_total,Kidneys and urinary system,Urinary,2024,2024-01-01,2024-12-31,0.0003,sum of pollutant ratios,,,,,0.83698,,,,,2026-09-12
Other Health Risks,Wallisville Road [24] POC 1,48-201-0617,Harris,health_effect_total,Kidneys and urinary system,Urinary,2025,2025-01-01,2025-12-31,0.0003,sum of pollutant ratios,,,,,0.81621,,,,,2026-09-12
Other Health Risks,Wallisville Road [24] POC 1,48-201-0617,Harris,health_effect_total,Kidneys and urinary system,Urinary,2026 YTD,2026-01-01,2026-09-12,0.0003,sum of pollutant ratios,,,,,0.83775,,,,,2026-09-12
Other Health Risks,Wallisville Road [24] POC 1,48-201-0617,Harris,health_effect_total,Kidneys and urinary system,Urinary,Last 365 Days,2025-09-12,2026-09-12,0.0003,sum of pollutant ratios,,,,,0.84199,,,,,2026-09-12
Other Health Risks,Wallisville Road [24] POC 1,48-201-0617,Harris,health_effect_total,Kidneys and urinary system,Urinary,Sep 2026,2026-09-01,2026-09-30,0.0002,sum of pollutant ratios,,,,,0.8869,,,,,2026-09-12
Other Health Risks,Wallisville Road [24] POC 1,48-201-0617,Harris,health_effect_total,Liver,Hepatic,2023,2023-01-01,2023-12-31,0.0002,sum of pollutant ratios,,,,,0.8355,,,,,2026-09-12
Other Health Risks,Wallisville Road [24] POC 1,48-201-0617,Harris,health_effect_total,Liver,Hepatic,2024,2024-01-01,2024-12-31,0.0001,sum of pollutant ratios,,,,,0.83698,,,,,2026-09-12
Other Health Risks,Wallisville Road [24] POC 1,48-201-0617,Harris,health_effect_total,Liver,Hepatic,2025,2025-01-01,2025-12-31,0.0001,sum of pollutant ratios,,,,,0.81621,,,,,2026-09-12
Other Health Risks,Wallisville Road [24] POC 1,48-201-0617,Harris,health_effect_total,Liver,Hepatic,2026 YTD,2026-01-01,2026-09-12,0.0001,sum of pollutant ratios,,,,,0.83775,,,,,2026-09-12
Other Health Risks,Wallisville Road [24] POC 1,48-201-0617,Harris,health_effect_total,Liver,Hepatic,Last 365 Days,2025-09-12,2026-09-12,0.0001,sum of pollutant ratios,,,,,0.84199,,,,,2026-09-12
Other Health Risks,Wallisville Road [24] POC 1,48-201-0617,Harris,health_effect_total,Liver,Hepatic,Sep 2026,2026-09-01,2026-09-30,0.0001,sum of pollutant ratios,,,,,0.8869,,,,,2026-09-12
Other Health Risks,Wallisville Road [24] POC 1,48-201-0617,Harris,health_effect_total,Lungs & breathing,Respiratory,2023,2023-01-01,2023-12-31,0.003,sum of pollutant ratios,,,,,0.81689,,,,,2026-09-12
Other Health Risks,Wallisville Road [24] POC 1,48-201-0617,Harris,health_effect_total,Lungs & breathing,Respiratory,2024,2024-01-01,2024-12-31,0.002,sum of pollutant ratios,,,,,0.80931,,,,,2026-09-12
Other Health Risks,Wallisville Road [24] POC 1,48-201-0617,Harris,health_effect_total,Lungs & breathing,Respiratory,2025,2025-01-01,2025-12-31,0.0024,sum of pollutant ratios,,,,,0.79635,,,,,2026-09-12
Other Health Risks,Wallisville Road [24] POC 1,48-201-0617,Harris,health_effect_total,Lungs & breathing,Respiratory,2026 YTD,2026-01-01,2026-09-12,0.0032,sum of pollutant ratios,,,,,0.83284,,,,,2026-09-12
Other Health Risks,Wallisville Road [24] POC 1,48-201-0617,Harris,health_effect_total,Lungs & breathing,Respiratory,Last 365 Days,2025-09-12,2026-09-12,0.0035,sum of pollutant ratios,,,,,0.72541,*,,,,2026-09-12
Other Health Risks,Wallisville Road [24] POC 1,48-201-0617,Harris,health_effect_total,Lungs & breathing,Respiratory,Sep 2026,2026-09-01,2026-09-30,0.0022,sum of pollutant ratios,,,,,0.8869,,,,,2026-09-12
Other Health Risks,Wallisville Road [24] POC 1,48-201-0617,Harris,pollutant,"1,2,3-Trimethylbenzene","Hematological, Nervous, Respiratory",2023,2023-01-01,2023-12-31,,mean ÷ screening level,,,,,,,,,,2026-09-12
Other Health Risks,Wallisville Road [24] POC 1,48-201-0617,Harris,pollutant,"1,2,3-Trimethylbenzene","Hematological, Nervous, Respiratory",2024,2024-01-01,2024-12-31,,mean ÷ screening level,,,,,,,,,,2026-09-12
Other Health Risks,Wallisville Road [24] POC 1,48-201-0617,Harris,pollutant,"1,2,3-Trimethylbenzene","Hematological, Nervous, Respiratory",2025,2025-01-01,2025-12-31,,mean ÷ screening level,,,,,,,,,,2026-09-12
Other Health Risks,Wallisville Road [24] POC 1,48-201-0617,Harris,pollutant,"1,2,3-Trimethylbenzene","Hematological, Nervous, Respiratory",2026 YTD,2026-01-01,2026-09-12,0.0011,mean ÷ screening level,0.01425,12.81596,5097.0,,0.83284,,,,,2026-09-12
Other Health Risks,Wallisville Road [24] POC 1,48-201-0617,Harris,pollutant,"1,2,3-Trimethylbenzene","Hematological, Nervous, Respiratory",Last 365 Days,2025-09-12,2026-09-12,0.0012,mean ÷ screening level,0.01528,12.81596,6372.0,,0.72541,*,,,,2026-09-12
Other Health Risks,Wallisville Road [24] POC 1,48-201-0617,Harris,pollutant,"1,2,3-Trimethylbenzene","Hematological, Nervous, Respiratory",Sep 2026,2026-09-01,2026-09-30,0.001,mean of weekly means ÷ screening level,0.01342,12.81596,447.0,3.0,0.8869,,,,,2026-09-12
Other Health Risks,Wallisville Road [24] POC 1,48-201-0617,Harris,pollutant,"1,2,4-Trimethylbenzene","Hematological, Nervous, Developmental, Respiratory",2023,2023-01-01,2023-12-31,0.003,mean ÷ screening level,0.03903,12.81596,7156.0,,0.81689,,,,,2026-09-12
Other Health Risks,Wallisville Road [24] POC 1,48-201-0617,Harris,pollutant,"1,2,4-Trimethylbenzene","Hematological, Nervous, Developmental, Respiratory",2024,2024-01-01,2024-12-31,0.002,mean ÷ screening level,0.02582,12.81596,7109.0,,0.80931,,,,,2026-09-12
Other Health Risks,Wallisville Road [24] POC 1,48-201-0617,Harris,pollutant,"1,2,4-Trimethylbenzene","Hematological, Nervous, Developmental, Respiratory",2025,2025-01-01,2025-12-31,0.0024,mean ÷ screening level,0.0309,12.81596,6976.0,,0.79635,,,,,2026-09-12
Other Health Risks,Wallisville Road [24] POC 1,48-201-0617,Harris,pollutant,"1,2,4-Trimethylbenzene","Hematological, Nervous, Developmental, Respiratory",2026 YTD,2026-01-01,2026-09-12,0.0021,mean ÷ screening level,0.02654,12.81596,5127.0,,0.83775,,,,,2026-09-12
Other Health Risks,Wallisville Road [24] POC 1,48-201-0617,Harris,pollutant,"1,2,4-Trimethylbenzene","Hematological, Nervous, Developmental, Respiratory",Last 365 Days,2025-09-12,2026-09-12,0.0023,mean ÷ screening level,0.02896,12.81596,7396.0,,0.84199,,,,,2026-09-12
Other Health Risks,Wallisville Road [24] POC 1,48-201-0617,Harris,pollutant,"1,2,4-Trimethylbenzene","Hematological, Nervous, Developmental, Respiratory",Sep 2026,2026-09-01,2026-09-30,0.0012,mean of weekly means ÷ screening level,0.01517,12.81596,596.0,4.0,0.8869,,,,,2026-09-12
Other Health Risks,Wallisville Road [24] POC 1,48-201-0617,Harris,pollutant,"1,3,5-Trimethylbenzene","Developmental, Nervous",2023,2023-01-01,2023-12-31,0.0005,mean ÷ screening level,0.00652,12.81596,7319.0,,0.8355,,,,,2026-09-12
Other Health Risks,Wallisville Road [24] POC 1,48-201-0617,Harris,pollutant,"1,3,5-Trimethylbenzene","Developmental, Nervous",2024,2024-01-01,2024-12-31,0.0004,mean ÷ screening level,0.0048,12.81596,7109.0,,0.80931,,,,,2026-09-12
Other Health Risks,Wallisville Road [24] POC 1,48-201-0617,Harris,pollutant,"1,3,5-Trimethylbenzene","Developmental, Nervous",2025,2025-01-01,2025-12-31,0.0004,mean ÷ screening level,0.00466,12.81596,6976.0,,0.79635,,,,,2026-09-12
Other Health Risks,Wallisville Road [24] POC 1,48-201-0617,Harris,pollutant,"1,3,5-Trimethylbenzene","Developmental, Nervous",2026 YTD,2026-01-01,2026-09-12,0.0003,mean ÷ screening level,0.00438,12.81596,5127.0,,0.83775,,,,,2026-09-12
Other Health Risks,Wallisville Road [24] POC 1,48-201-0617,Harris,pollutant,"1,3,5-Trimethylbenzene","Developmental, Nervous",Last 365 Days,2025-09-12,2026-09-12,0.0004,mean ÷ screening level,0.00453,12.81596,7396.0,,0.84199,,,,,2026-09-12
Other Health Risks,Wallisville Road [24] POC 1,48-201-0617,Harris,pollutant,"1,3,5-Trimethylbenzene","Developmental, Nervous",Sep 2026,2026-09-01,2026-09-30,0.0008,mean of weekly means ÷ screening level,0.0104,12.81596,298.0,2.0,0.8869,,,,,2026-09-12
Other Health Risks,Wallisville Road [24] POC 1,48-201-0617,Harris,pollutant,"1,3-Butadiene",Reproductive,2023,2023-01-01,2023-12-31,0.0604,mean ÷ screening level,0.05734,0.94925,7313.0,,0.83482,,,,,2026-09-12
Other Health Risks,Wallisville Road [24] POC 1,48-201-0617,Harris,pollutant,"1,3-Butadiene",Reproductive,2024,2024-01-01,2024-12-31,0.0434,mean ÷ screening level,0.04124,0.94925,7352.0,,0.83698,,,,,2026-09-12
Other Health Risks,Wallisville Road [24] POC 1,48-201-0617,Harris,pollutant,"1,3-Butadiene",Reproductive,2025,2025-01-01,2025-12-31,0.0561,mean ÷ screening level,0.05321,0.94925,7130.0,,0.81393,,,,,2026-09-12
Other Health Risks,Wallisville Road [24] POC 1,48-201-0617,Harris,pollutant,"1,3-Butadiene",Reproductive,2026 YTD,2026-01-01,2026-09-12,0.048,mean ÷ screening level,0.04553,0.94925,5127.0,,0.83775,,,,,2026-09-12
Other Health Risks,Wallisville Road [24] POC 1,48-201-0617,Harris,pollutant,"1,3-Butadiene",Reproductive,Last 365 Days,2025-09-12,2026-09-12,0.0493,mean ÷ screening level,0.0468,0.94925,7396.0,,0.84199,,,,,2026-09-12
Other Health Risks,Wallisville Road [24] POC 1,48-201-0617,Harris,pollutant,"1,3-Butadiene",Reproductive,Sep 2026,2026-09-01,2026-09-30,0.0526,mean of weekly means ÷ screening level,0.04993,0.94925,149.0,1.0,0.8869,,,,,2026-09-12
Other Health Risks,Wallisville Road [24] POC 1,48-201-0617,Harris,pollutant,Benzene,Immune,2023,2023-01-01,2023-12-31,0.0184,mean ÷ screening level,0.17811,9.70362,7320.0,,0.83562,,,,,2026-09-12
Other Health Risks,Wallisville Road [24] POC 1,48-201-0617,Harris,pollutant,Benzene,Immune,2024,2024-01-01,2024-12-31,0.0182,mean ÷ screening level,0.17638,9.70362,7352.0,,0.83698,,,,,2026-09-12
Other Health Risks,Wallisville Road [24] POC 1,48-201-0617,Harris,pollutant,Benzene,Immune,2025,2025-01-01,2025-12-31,0.016,mean ÷ screening level,0.15509,9.70362,7214.0,,0.82352,,,,,2026-09-12
Other Health Risks,Wallisville Road [24] POC 1,48-201-0617,Harris,pollutant,Benzene,Immune,2026 YTD,2026-01-01,2026-09-12,0.0219,mean ÷ screening level,0.21271,9.70362,5127.0,,0.83775,,,,,2026-09-12
Other Health Risks,Wallisville Road [24] POC 1,48-201-0617,Harris,pollutant,Benzene,Immune,Last 365 Days,2025-09-12,2026-09-12,0.0204,mean ÷ screening level,0.19807,9.70362,7396.0,,0.84199,,,,,2026-09-12
Other Health Risks,Wallisville Road [24] POC 1,48-201-0617,Harris,pollutant,Benzene,Immune,Sep 2026,2026-09-01,2026-09-30,0.0105,mean of weekly means ÷ screening level,0.10154,9.70362,149.0,1.0,0.8869,,,,,2026-09-12
Other Health Risks,Wallisville Road [24] POC 1,48-201-0617,Harris,pollutant,Cyclohexane,Developmental,2023,2023-01-01,2023-12-31,0.0001,mean ÷ screening level,0.18057,1830.26,7320.0,,0.83562,,,,,2026-09-12
Other Health Risks,Wallisville Road [24] POC 1,48-201-0617,Harris,pollutant,Cyclohexane,Developmental,2024,2024-01-01,2024-12-31,0.0001,mean ÷ screening level,0.22574,1830.26,7352.0,,0.83698,,,,,2026-09-12
Other Health Risks,Wallisville Road [24] POC 1,48-201-0617,Harris,pollutant,Cyclohexane,Developmental,2025,2025-01-01,2025-12-31,0.0001,mean ÷ screening level,0.15567,1830.26,7214.0,,0.82352,,,,,2026-09-12
Other Health Risks,Wallisville Road [24] POC 1,48-201-0617,Harris,pollutant,Cyclohexane,Developmental,2026 YTD,2026-01-01,2026-09-12,0.0001,mean ÷ screening level,0.14304,1830.26,5127.0,,0.83775,,,,,2026-09-12
Other Health Risks,Wallisville Road [24] POC 1,48-201-0617,Harris,pollutant,Cyclohexane,Developmental,Last 365 Days,2025-09-12,2026-09-12,0.0001,mean ÷ screening level,0.15736,1830.26,7396.0,,0.84199,,,,,2026-09-12
Other Health Risks,Wallisville Road [24] POC 1,48-201-0617,Harris,pollutant,Cyclohexane,Developmental,Sep 2026,2026-09-01,2026-09-30,0.0002,mean of weekly means ÷ screening level,0.32201,1830.26,149.0,1.0,0.8869,,,,,2026-09-12
Other Health Risks,Wallisville Road [24] POC 1,48-201-0617,Harris,pollutant,Ethyl Benzene,"Developmental, Hepatic, Urinary",2023,2023-01-01,2023-12-31,0.0001,mean ÷ screening level,0.03237,230.29755,7319.0,,0.8355,,,,,2026-09-12
Other Health Risks,Wallisville Road [24] POC 1,48-201-0617,Harris,pollutant,Ethyl Benzene,"Developmental, Hepatic, Urinary",2024,2024-01-01,2024-12-31,0.0001,mean ÷ screening level,0.02602,230.29755,7352.0,,0.83698,,,,,2026-09-12
Other Health Risks,Wallisville Road [24] POC 1,48-201-0617,Harris,pollutant,Ethyl Benzene,"Developmental, Hepatic, Urinary",2025,2025-01-01,2025-12-31,0.0001,mean ÷ screening level,0.0261,230.29755,7214.0,,0.82352,,,,,2026-09-12
Other Health Risks,Wallisville Road [24] POC 1,48-201-0617,Harris,pollutant,Ethyl Benzene,"Developmental, Hepatic, Urinary",2026 YTD,2026-01-01,2026-09-12,0.0001,mean ÷ screening level,0.02542,230.29755,5127.0,,0.83775,,,,,2026-09-12
Other Health Risks,Wallisville Road [24] POC 1,48-201-0617,Harris,pollutant,Ethyl Benzene,"Developmental, Hepatic, Urinary",Last 365 Days,2025-09-12,2026-09-12,0.0001,mean ÷ screening level,0.02671,230.29755,7396.0,,0.84199,,,,,2026-09-12
Other Health Risks,Wallisville Road [24] POC 1,48-201-0617,Harris,pollutant,Ethyl Benzene,"Developmental, Hepatic, Urinary",Sep 2026,2026-09-01,2026-09-30,0.0001,mean of weekly means ÷ screening level,0.01664,230.29755,447.0,3.0,0.8869,,,,,2026-09-12
Other Health Risks,Wallisville Road [24] POC 1,48-201-0617,Harris,pollutant,Isopropyl Benzene - Cumene,"Endocrine, Urinary",2023,2023-01-01,2023-12-31,0.0003,mean ÷ screening level,0.02356,85.43972,7320.0,,0.83562,,,,,2026-09-12
Other Health Risks,Wallisville Road [24] POC 1,48-201-0617,Harris,pollutant,Isopropyl Benzene - Cumene,"Endocrine, Urinary",2024,2024-01-01,2024-12-31,0.0,mean ÷ screening level,0.0023,85.43972,7352.0,,0.83698,,,,,2026-09-12
Other Health Risks,Wallisville Road [24] POC 1,48-201-0617,Harris,pollutant,Isopropyl Benzene - Cumene,"Endocrine, Urinary",2025,2025-01-01,2025-12-31,0.0,mean ÷ screening level,0.00204,85.43972,7150.0,,0.81621,,,,,2026-09-12
Other Health Risks,Wallisville Road [24] POC 1,48-201-0617,Harris,pollutant,Isopropyl Benzene - Cumene,"Endocrine, Urinary",2026 YTD,2026-01-01,2026-09-12,0.0,mean ÷ screening level,0.00252,85.43972,5127.0,,0.83775,,,,,2026-09-12
Other Health Risks,Wallisville Road [24] POC 1,48-201-0617,Harris,pollutant,Isopropyl Benzene - Cumene,"Endocrine, Urinary",Last 365 Days,2025-09-12,2026-09-12,0.0,mean ÷ screening level,0.0021,85.43972,7396.0,,0.84199,,,,,2026-09-12
Other Health Risks,Wallisville Road [24] POC 1,48-201-0617,Harris,pollutant,Isopropyl Benzene - Cumene,"Endocrine, Urinary",Sep 2026,2026-09-01,2026-09-30,0.0,mean of weekly means ÷ screening level,0.00141,85.43972,298.0,2.0,0.8869,,,,,2026-09-12
Other Health Risks,Wallisville Road [24] POC 1,48-201-0617,Harris,pollutant,Styrene,"Hematological, Hepatic, Nervous",2023,2023-01-01,2023-12-31,0.0001,mean ÷ screening level,0.01674,234.75756,7320.0,,0.83562,,,,,2026-09-12
Other Health Risks,Wallisville Road [24] POC 1,48-201-0617,Harris,pollutant,Styrene,"Hematological, Hepatic, Nervous",2024,2024-01-01,2024-12-31,0.0,mean ÷ screening level,0.00515,234.75756,7352.0,,0.83698,,,,,2026-09-12
Other Health Risks,Wallisville Road [24] POC 1,48-201-0617,Harris,pollutant,Styrene,"Hematological, Hepatic, Nervous",2025,2025-01-01,2025-12-31,0.0,mean ÷ screening level,0.00574,234.75756,7150.0,,0.81621,,,,,2026-09-12
Other Health Risks,Wallisville Road [24] POC 1,48-201-0617,Harris,pollutant,Styrene,"Hematological, Hepatic, Nervous",2026 YTD,2026-01-01,2026-09-12,0.0,mean ÷ screening level,0.00537,234.75756,5127.0,,0.83775,,,,,2026-09-12
Other Health Risks,Wallisville Road [24] POC 1,48-201-0617,Harris,pollutant,Styrene,"Hematological, Hepatic, Nervous",Last 365 Days,2025-09-12,2026-09-12,0.0,mean ÷ screening level,0.00547,234.75756,7396.0,,0.84199,,,,,2026-09-12
Other Health Risks,Wallisville Road [24] POC 1,48-201-0617,Harris,pollutant,Styrene,"Hematological, Hepatic, Nervous",Sep 2026,2026-09-01,2026-09-30,0.0,mean of weekly means ÷ screening level,0.0049,234.75756,447.0,3.0,0.8869,,,,,2026-09-12
Other Health Risks,Wallisville Road [24] POC 1,48-201-0617,Harris,pollutant,Toluene,"Nervous, Urinary",2023,2023-01-01,2023-12-31,0.0002,mean ÷ screening level,0.26995,1379.85674,7320.0,,0.83562,,,,,2026-09-12
Other Health Risks,Wallisville Road [24] POC 1,48-201-0617,Harris,pollutant,Toluene,"Nervous, Urinary",2024,2024-01-01,2024-12-31,0.0002,mean ÷ screening level,0.22884,1379.85674,7352.0,,0.83698,,,,,2026-09-12
Other Health Risks,Wallisville Road [24] POC 1,48-201-0617,Harris,pollutant,Toluene,"Nervous, Urinary",2025,2025-01-01,2025-12-31,0.0002,mean ÷ screening level,0.23794,1379.85674,7214.0,,0.82352,,,,,2026-09-12
Other Health Risks,Wallisville Road [24] POC 1,48-201-0617,Harris,pollutant,Toluene,"Nervous, Urinary",2026 YTD,2026-01-01,2026-09-12,0.0002,mean ÷ screening level,0.21185,1379.85674,5127.0,,0.83775,,,,,2026-09-12
Other Health Risks,Wallisville Road [24] POC 1,48-201-0617,Harris,pollutant,Toluene,"Nervous, Urinary",Last 365 Days,2025-09-12,2026-09-12,0.0002,mean ÷ screening level,0.22991,1379.85674,7396.0,,0.84199,,,,,2026-09-12
Other Health Risks,Wallisville Road [24] POC 1,48-201-0617,Harris,pollutant,Toluene,"Nervous, Urinary",Sep 2026,2026-09-01,2026-09-30,0.0001,mean of weekly means ÷ screening level,0.18134,1379.85674,298.0,2.0,0.8869,,,,,2026-09-12
Other Health Risks,Wallisville Road [24] POC 1,48-201-0617,Harris,pollutant,n-Hexane,Nervous,2023,2023-01-01,2023-12-31,0.0013,mean ÷ screening level,0.2707,207.10722,7320.0,,0.83562,,,,,2026-09-12
Other Health Risks,Wallisville Road [24] POC 1,48-201-0617,Harris,pollutant,n-Hexane,Nervous,2024,2024-01-01,2024-12-31,0.0011,mean ÷ screening level,0.2314,207.10722,7352.0,,0.83698,,,,,2026-09-12
Other Health Risks,Wallisville Road [24] POC 1,48-201-0617,Harris,pollutant,n-Hexane,Nervous,2025,2025-01-01,2025-12-31,0.001,mean ÷ screening level,0.2099,207.10722,7214.0,,0.82352,,,,,2026-09-12
Other Health Risks,Wallisville Road [24] POC 1,48-201-0617,Harris,pollutant,n-Hexane,Nervous,2026 YTD,2026-01-01,2026-09-12,0.0011,mean ÷ screening level,0.23385,207.10722,5127.0,,0.83775,,,,,2026-09-12
Other Health Risks,Wallisville Road [24] POC 1,48-201-0617,Harris,pollutant,n-Hexane,Nervous,Last 365 Days,2025-09-12,2026-09-12,0.0011,mean ÷ screening level,0.23307,207.10722,7396.0,,0.84199,,,,,2026-09-12
Other Health Risks,Wallisville Road [24] POC 1,48-201-0617,Harris,pollutant,n-Hexane,Nervous,Sep 2026,2026-09-01,2026-09-30,0.001,mean of weekly means ÷ screening level,0.21262,207.10722,149.0,1.0,0.8869,,,,,2026-09-12
Other Health Risks,Wallisville Road [24] POC 1,48-201-0617,Harris,pollutant,o-Xylene,Nervous,2023,2023-01-01,2023-12-31,0.0011,mean ÷ screening level,0.02627,23.03,7320.0,,0.83562,,,,,2026-09-12
Other Health Risks,Wallisville Road [24] POC 1,48-201-0617,Harris,pollutant,o-Xylene,Nervous,2024,2024-01-01,2024-12-31,0.001,mean ÷ screening level,0.02299,23.03,7352.0,,0.83698,,,,,2026-09-12
Other Health Risks,Wallisville Road [24] POC 1,48-201-0617,Harris,pollutant,o-Xylene,Nervous,2025,2025-01-01,2025-12-31,0.001,mean ÷ screening level,0.0235,23.03,7150.0,,0.81621,,,,,2026-09-12
Other Health Risks,Wallisville Road [24] POC 1,48-201-0617,Harris,pollutant,o-Xylene,Nervous,2026 YTD,2026-01-01,2026-09-12,0.0009,mean ÷ screening level,0.02017,23.03,5127.0,,0.83775,,,,,2026-09-12
Other Health Risks,Wallisville Road [24] POC 1,48-201-0617,Harris,pollutant,o-Xylene,Nervous,Last 365 Days,2025-09-12,2026-09-12,0.001,mean ÷ screening level,0.02209,23.03,7396.0,,0.84199,,,,,2026-09-12
Other Health Risks,Wallisville Road [24] POC 1,48-201-0617,Harris,pollutant,o-Xylene,Nervous,Sep 2026,2026-09-01,2026-09-30,0.0006,mean of weekly means ÷ screening level,0.01483,23.03,149.0,1.0,0.8869,,,,,2026-09-12
Other Health Risks,Wallisville Road [24] POC 1,48-201-0617,Harris,pollutant,p-Xylene + m-Xylene,Nervous,2023,2023-01-01,2023-12-31,0.0039,mean ÷ screening level,0.08981,23.03127,7320.0,,0.83562,,,,,2026-09-12
Other Health Risks,Wallisville Road [24] POC 1,48-201-0617,Harris,pollutant,p-Xylene + m-Xylene,Nervous,2024,2024-01-01,2024-12-31,0.0037,mean ÷ screening level,0.08626,23.03127,7352.0,,0.83698,,,,,2026-09-12
Other Health Risks,Wallisville Road [24] POC 1,48-201-0617,Harris,pollutant,p-Xylene + m-Xylene,Nervous,2025,2025-01-01,2025-12-31,0.0035,mean ÷ screening level,0.0816,23.03127,7214.0,,0.82352,,,,,2026-09-12
Other Health Risks,Wallisville Road [24] POC 1,48-201-0617,Harris,pollutant,p-Xylene + m-Xylene,Nervous,2026 YTD,2026-01-01,2026-09-12,0.0041,mean ÷ screening level,0.0933,23.03127,5127.0,,0.83775,,,,,2026-09-12
Other Health Risks,Wallisville Road [24] POC 1,48-201-0617,Harris,pollutant,p-Xylene + m-Xylene,Nervous,Last 365 Days,2025-09-12,2026-09-12,0.004,mean ÷ screening level,0.09105,23.03127,7396.0,,0.84199,,,,,2026-09-12
Other Health Risks,Wallisville Road [24] POC 1,48-201-0617,Harris,pollutant,p-Xylene + m-Xylene,Nervous,Sep 2026,2026-09-01,2026-09-30,0.0035,mean of weekly means ÷ screening level,0.08121,23.03127,149.0,1.0,0.8869,,,,,2026-09-12
Other Health Risks,Wallisville Road [24] POC 1,48-201-0617,Harris,total,Total,,2023,2023-01-01,2023-12-31,0.0894,sum of pollutant ratios,,,,,0.81689,,,,,2026-09-12
Other Health Risks,Wallisville Road [24] POC 1,48-201-0617,Harris,total,Total,,2024,2024-01-01,2024-12-31,0.0703,sum of pollutant ratios,,,,,0.80931,,,,,2026-09-12
Other Health Risks,Wallisville Road [24] POC 1,48-201-0617,Harris,total,Total,,2025,2025-01-01,2025-12-31,0.0808,sum of pollutant ratios,,,,,0.79635,,,,,2026-09-12
Other Health Risks,Wallisville Road [24] POC 1,48-201-0617,Harris,total,Total,,2026 YTD,2026-01-01,2026-09-12,0.0799,sum of pollutant ratios,,,,,0.83284,,,,,2026-09-12
Other Health Risks,Wallisville Road [24] POC 1,48-201-0617,Harris,total,Total,,Last 365 Days,2025-09-12,2026-09-12,0.08,sum of pollutant ratios,,,,,0.72541,*,,,,2026-09-12
Other Health Risks,Wallisville Road [24] POC 1,48-201-0617,Harris,total,Total,,Sep 2026,2026-09-01,2026-09-30,0.0717,sum of pollutant ratios,,,,,0.8869,,,,,2026-09-12
